system,record,class_id,class_map_code,class_name,hp_id,stratum_id,block_id,char_id,ref,attribute,min,max,value,evidence,framing_ref,confidence,status,note
L16,legend,,,,,,,,,legend_name,,,New Legend,,,,,
L16,legend,,,,,,,,,legend_description,,,Describe the legend,,,,,
L16,class,3,111,Urban  dense,,,,,,class_name,,,Urban  dense,,,,,
L16,class,3,111,Urban  dense,,,,,,class_description,,,Describe the land cover class,,,,,
L16,class,3,111,Urban  dense,,,,,,class_map_code,,,111,,,,,
L16,class,3,111,Urban  dense,,,,,,uuid,,,6481fdf4-eb2d-11de-bdec-001a922cdb65,,,,,
L16,hp,3,111,Urban  dense,4,,,,,description,,,Describe the horizontal pattern,,,,,
L16,hp,3,111,Urban  dense,4,,,,,name,,,Horizontal Pattern 1,,,,,
L16,hp,3,111,Urban  dense,4,,,,,cover,80.0,100.0,,,,,,
L16,hp,3,111,Urban  dense,4,,,,,occurance,100.0,100.0,,,,,,
L16,stratum,3,111,Urban  dense,4,15E,,,,description,,,Abiotic surface 1,,,,,
L16,stratum,3,111,Urban  dense,4,15E,,,,name,,,Stratum 1,,,,,
L16,stratum,3,111,Urban  dense,4,15E,,,,presence_type,,,Mandatory,,,,,
L16,stratum,3,111,Urban  dense,4,15E,,,,@ontop,,,0,,,,,
L16,element,3,111,Urban  dense,4,15E,1,,LC_BuiltUpSurface,lccs3_type,,,LC_BuiltUpSurface,,,,,
L16,element,3,111,Urban  dense,4,15E,1,,LC_BuiltUpSurface,description,,,Describe a built-up surface element,,,,,
L16,element,3,111,Urban  dense,4,15E,1,,LC_BuiltUpSurface,name,,,Built-up Surface,,,,,
L16,element,3,111,Urban  dense,4,15E,1,,LC_BuiltUpSurface,presence_type,,,Mandatory,,,,,
L16,class,A,112,Urban open,,,,,,class_name,,,Urban open,,,,,
L16,class,A,112,Urban open,,,,,,class_description,,,Describe the land cover class,,,,,
L16,class,A,112,Urban open,,,,,,class_map_code,,,112,,,,,
L16,class,A,112,Urban open,,,,,,uuid,,,648bc1f4-eb2d-11de-bdec-001a922cdb65,,,,,
L16,hp,A,112,Urban open,B,,,,,description,,,Describe the horizontal pattern,,,,,
L16,hp,A,112,Urban open,B,,,,,name,,,Horizontal Pattern 1,,,,,
L16,hp,A,112,Urban open,B,,,,,cover,50.0,80.0,,,,,,
L16,hp,A,112,Urban open,B,,,,,occurance,100.0,100.0,,,,,,
L16,hp,A,112,Urban open,B,,,,,type,,,,,,,,
L16,stratum,A,112,Urban open,B,C,,,,description,,,Abiotic surface 1,,,,,
L16,stratum,A,112,Urban open,B,C,,,,name,,,Abiotic surface 1,,,,,
L16,stratum,A,112,Urban open,B,C,,,,presence_type,,,Mandatory,,,,,
L16,stratum,A,112,Urban open,B,C,,,,@ontop,,,0,,,,,
L16,element,A,112,Urban open,B,C,1,,LC_BuiltUpSurface,lccs3_type,,,LC_BuiltUpSurface,,,,,
L16,element,A,112,Urban open,B,C,1,,LC_BuiltUpSurface,description,,,Describe a built-up surface element,,,,,
L16,element,A,112,Urban open,B,C,1,,LC_BuiltUpSurface,name,,,Built-up Surface,,,,,
L16,element,A,112,Urban open,B,C,1,,LC_BuiltUpSurface,presence_type,,,Mandatory,,,,,
L16,element,A,112,Urban open,B,C,1,,LC_BuiltUpSurface,cover,30.0,80.0,,,,,,
L16,class,15,121,Industrial,,,,,,class_name,,,Industrial,,,,,
L16,class,15,121,Industrial,,,,,,class_description,,,Describe the land cover class,,,,,
L16,class,15,121,Industrial,,,,,,class_map_code,,,121,,,,,
L16,class,15,121,Industrial,,,,,,uuid,,,6497f6f4-eb2d-11de-bdec-001a922cdb65,,,,,
L16,hp,15,121,Industrial,19,,,,,description,,,Describe the horizontal pattern,,,,,
L16,hp,15,121,Industrial,19,,,,,name,,,Horizontal Pattern 2,,,,,
L16,stratum,15,121,Industrial,19,1A,,,,description,,,Abiotic surface 1,,,,,
L16,stratum,15,121,Industrial,19,1A,,,,name,,,Abiotic surface 1,,,,,
L16,stratum,15,121,Industrial,19,1A,,,,presence_type,,,Optional,,,,,
L16,stratum,15,121,Industrial,19,1A,,,,@ontop,,,0,,,,,
L16,element,15,121,Industrial,19,1A,1,,LC_Building,lccs3_type,,,LC_Building,,,,,
L16,element,15,121,Industrial,19,1A,1,,LC_Building,description,,,Describe a building element,,,,,
L16,element,15,121,Industrial,19,1A,1,,LC_Building,name,,,Building,,,,,
L16,element,15,121,Industrial,19,1A,1,,LC_Building,presence_type,,,Mandatory,,,,,
L16,characteristic,15,121,Industrial,19,1A,1,1,LC_ConstructionUse,lccs3_type,,,LC_ConstructionUse,,,,,
L16,characteristic,15,121,Industrial,19,1A,1,1,LC_ConstructionUse,description,,,Describe the construction use characteristic,,,,,
L16,characteristic,15,121,Industrial,19,1A,1,1,LC_ConstructionUse,name,,,Construction Use,,,,,
L16,characteristic,15,121,Industrial,19,1A,1,1,LC_ConstructionUse,type,,,industrial,,,,,
L16,element,15,121,Industrial,19,1A,2,,LC_OtherConstruction,lccs3_type,,,LC_OtherConstruction,,,,,
L16,element,15,121,Industrial,19,1A,2,,LC_OtherConstruction,description,,,Describe a non-linear surface type of other construction type than buildings,,,,,
L16,element,15,121,Industrial,19,1A,2,,LC_OtherConstruction,name,,,Other Constructions,,,,,
L16,element,15,121,Industrial,19,1A,2,,LC_OtherConstruction,presence_type,,,Optional,,,,,
L16,characteristic,15,121,Industrial,19,1A,2,1,LC_ConstructionUse,lccs3_type,,,LC_ConstructionUse,,,,,
L16,characteristic,15,121,Industrial,19,1A,2,1,LC_ConstructionUse,description,,,Describe the construction use characteristic,,,,,
L16,characteristic,15,121,Industrial,19,1A,2,1,LC_ConstructionUse,name,,,Construction Use,,,,,
L16,characteristic,15,121,Industrial,19,1A,2,1,LC_ConstructionUse,type,,,industrial,,,,,
L16,element,15,121,Industrial,19,1A,3,,LC_OtherArtificialSurface,lccs3_type,,,LC_OtherArtificialSurface,,,,,
L16,element,15,121,Industrial,19,1A,3,,LC_OtherArtificialSurface,description,,,Describe a non linear surface of other type than buildings or other constructions,,,,,
L16,element,15,121,Industrial,19,1A,3,,LC_OtherArtificialSurface,name,,,Other Artificial Surface,,,,,
L16,element,15,121,Industrial,19,1A,3,,LC_OtherArtificialSurface,presence_type,,,Optional,,,,,
L16,characteristic,15,121,Industrial,19,1A,3,1,LC_ConstructionUse,lccs3_type,,,LC_ConstructionUse,,,,,
L16,characteristic,15,121,Industrial,19,1A,3,1,LC_ConstructionUse,description,,,Describe the construction use characteristic,,,,,
L16,characteristic,15,121,Industrial,19,1A,3,1,LC_ConstructionUse,name,,,Construction Use,,,,,
L16,characteristic,15,121,Industrial,19,1A,3,1,LC_ConstructionUse,type,,,industrial,,,,,
L16,class,1C,122,Road and rail networks and associated areas,,,,,,class_name,,,Road and rail networks and associated areas,,,,,
L16,class,1C,122,Road and rail networks and associated areas,,,,,,class_description,,,Describe the land cover class,,,,,
L16,class,1C,122,Road and rail networks and associated areas,,,,,,class_map_code,,,122,,,,,
L16,class,1C,122,Road and rail networks and associated areas,,,,,,uuid,,,64a93504-eb2d-11de-bdec-001a922cdb65,,,,,
L16,hp,1C,122,Road and rail networks and associated areas,1D,,,,,description,,,Describe the horizontal pattern,,,,,
L16,hp,1C,122,Road and rail networks and associated areas,1D,,,,,name,,,Horizontal Pattern 1,,,,,
L16,stratum,1C,122,Road and rail networks and associated areas,1D,1E,,,,description,,,Abiotic surface 1,,,,,
L16,stratum,1C,122,Road and rail networks and associated areas,1D,1E,,,,name,,,Abiotic surface 1,,,,,
L16,stratum,1C,122,Road and rail networks and associated areas,1D,1E,,,,presence_type,,,Optional,,,,,
L16,stratum,1C,122,Road and rail networks and associated areas,1D,1E,,,,@ontop,,,0,,,,,
L16,element,1C,122,Road and rail networks and associated areas,1D,1E,1,,LC_LinearSurface,lccs3_type,,,LC_Road,,,,,LCCS3 LC_Road becomes LC_LinearSurface with linearSurfaceType=Road
L16,element,1C,122,Road and rail networks and associated areas,1D,1E,1,,LC_LinearSurface,description,,,Describe a linear surface element of road type,,,,,
L16,element,1C,122,Road and rail networks and associated areas,1D,1E,1,,LC_LinearSurface,name,,,Road,,,,,
L16,element,1C,122,Road and rail networks and associated areas,1D,1E,1,,LC_LinearSurface,presence_type,,,Exclusive,,,,,
L16,element,1C,122,Road and rail networks and associated areas,1D,1E,2,,LC_LinearSurface,lccs3_type,,,LC_Railway,,,,,LCCS3 LC_Railway becomes LC_LinearSurface with linearSurfaceType=Railway
L16,element,1C,122,Road and rail networks and associated areas,1D,1E,2,,LC_LinearSurface,description,,,Describe a linear surface element of railway type,,,,,
L16,element,1C,122,Road and rail networks and associated areas,1D,1E,2,,LC_LinearSurface,name,,,Railway,,,,,
L16,element,1C,122,Road and rail networks and associated areas,1D,1E,2,,LC_LinearSurface,presence_type,,,Exclusive,,,,,
L16,hp,1C,122,Road and rail networks and associated areas,21,,,,,description,,,Describe the horizontal pattern,,,,,
L16,hp,1C,122,Road and rail networks and associated areas,21,,,,,name,,,Horizontal Pattern 2,,,,,
L16,stratum,1C,122,Road and rail networks and associated areas,21,22,,,,description,,,Abiotic surface 1,,,,,
L16,stratum,1C,122,Road and rail networks and associated areas,21,22,,,,name,,,Abiotic surface 1,,,,,
L16,stratum,1C,122,Road and rail networks and associated areas,21,22,,,,presence_type,,,Optional,,,,,
L16,stratum,1C,122,Road and rail networks and associated areas,21,22,,,,@ontop,,,0,,,,,
L16,element,1C,122,Road and rail networks and associated areas,21,22,1,,LC_NonLinearSurface,lccs3_type,,,LC_NonLinearSurface,,,,,
L16,element,1C,122,Road and rail networks and associated areas,21,22,1,,LC_NonLinearSurface,description,,,Describe a non-linear built-up surface element,,,,,
L16,element,1C,122,Road and rail networks and associated areas,21,22,1,,LC_NonLinearSurface,name,,,Non Linear Surface,,,,,
L16,element,1C,122,Road and rail networks and associated areas,21,22,1,,LC_NonLinearSurface,presence_type,,,Mandatory,,,,,
L16,characteristic,1C,122,Road and rail networks and associated areas,21,22,1,1,LC_ConstructionUse,lccs3_type,,,LC_ConstructionUse,,,,,
L16,characteristic,1C,122,Road and rail networks and associated areas,21,22,1,1,LC_ConstructionUse,description,,,Describe the construction use characteristic,,,,,
L16,characteristic,1C,122,Road and rail networks and associated areas,21,22,1,1,LC_ConstructionUse,name,,,Construction Use,,,,,
L16,characteristic,1C,122,Road and rail networks and associated areas,21,22,1,1,LC_ConstructionUse,type,,,"station, platforms",,,,,
L16,class,25,123,Port areas,,,,,,class_name,,,Port areas,,,,,
L16,class,25,123,Port areas,,,,,,class_description,,,Describe the land cover class,,,,,
L16,class,25,123,Port areas,,,,,,class_map_code,,,123,,,,,
L16,class,25,123,Port areas,,,,,,uuid,,,64b80214-eb2d-11de-bdec-001a922cdb65,,,,,
L16,hp,25,123,Port areas,26,,,,,description,,,Describe the horizontal pattern,,,,,
L16,hp,25,123,Port areas,26,,,,,name,,,Horizontal Pattern 1,,,,,
L16,stratum,25,123,Port areas,26,27,,,,description,,,Abiotic surface 1,,,,,
L16,stratum,25,123,Port areas,26,27,,,,name,,,Abiotic surface 1,,,,,
L16,stratum,25,123,Port areas,26,27,,,,presence_type,,,Mandatory,,,,,
L16,stratum,25,123,Port areas,26,27,,,,@ontop,,,0,,,,,
L16,element,25,123,Port areas,26,27,1,,LC_ArtificialSurfaceElement,lccs3_type,,,LC_ArtificialSurface,,,,,
L16,element,25,123,Port areas,26,27,1,,LC_ArtificialSurfaceElement,description,,,Describe an abiotic surface element of artificial type,,,,,
L16,element,25,123,Port areas,26,27,1,,LC_ArtificialSurfaceElement,name,,,Artificial Surface,,,,,
L16,element,25,123,Port areas,26,27,1,,LC_ArtificialSurfaceElement,presence_type,,,Mandatory,,,,,
L16,characteristic,25,123,Port areas,26,27,1,1,LC_ConstructionUse,lccs3_type,,,LC_ConstructionUse,,,,,
L16,characteristic,25,123,Port areas,26,27,1,1,LC_ConstructionUse,description,,,Describe the construction use characteristic,,,,,
L16,characteristic,25,123,Port areas,26,27,1,1,LC_ConstructionUse,name,,,Construction Use,,,,,
L16,characteristic,25,123,Port areas,26,27,1,1,LC_ConstructionUse,type,,,Port Area,,,,,
L16,class,2A,124,Airports,,,,,,class_name,,,Airports,,,,,
L16,class,2A,124,Airports,,,,,,class_description,,,Describe the land cover class,,,,,
L16,class,2A,124,Airports,,,,,,class_map_code,,,124,,,,,
L16,class,2A,124,Airports,,,,,,uuid,,,64cb8a14-eb2d-11de-bdec-001a922cdb65,,,,,
L16,hp,2A,124,Airports,2B,,,,,description,,,Describe the horizontal pattern,,,,,
L16,hp,2A,124,Airports,2B,,,,,name,,,Horizontal Pattern 1,,,,,
L16,stratum,2A,124,Airports,2B,2C,,,,description,,,Abiotic surface 1,,,,,
L16,stratum,2A,124,Airports,2B,2C,,,,name,,,Abiotic surface 1,,,,,
L16,stratum,2A,124,Airports,2B,2C,,,,presence_type,,,Mandatory,,,,,
L16,stratum,2A,124,Airports,2B,2C,,,,@ontop,,,0,,,,,
L16,element,2A,124,Airports,2B,2C,1,,LC_ArtificialSurfaceElement,lccs3_type,,,LC_ArtificialSurface,,,,,
L16,element,2A,124,Airports,2B,2C,1,,LC_ArtificialSurfaceElement,description,,,Describe an abiotic surface element of artificial type,,,,,
L16,element,2A,124,Airports,2B,2C,1,,LC_ArtificialSurfaceElement,name,,,Artificial Surface,,,,,
L16,element,2A,124,Airports,2B,2C,1,,LC_ArtificialSurfaceElement,presence_type,,,Mandatory,,,,,
L16,characteristic,2A,124,Airports,2B,2C,1,1,LC_ConstructionUse,lccs3_type,,,LC_ConstructionUse,,,,,
L16,characteristic,2A,124,Airports,2B,2C,1,1,LC_ConstructionUse,description,,,Describe the construction use characteristic,,,,,
L16,characteristic,2A,124,Airports,2B,2C,1,1,LC_ConstructionUse,name,,,Construction Use,,,,,
L16,characteristic,2A,124,Airports,2B,2C,1,1,LC_ConstructionUse,type,,,Airport,,,,,
L16,hp,2A,124,Airports,2F,,,,,description,,,Describe the horizontal pattern,,,,,
L16,hp,2A,124,Airports,2F,,,,,name,,,Horizontal Pattern 2,,,,,
L16,stratum,2A,124,Airports,2F,30,,,,description,,,Vegetation 1,,,,,
L16,stratum,2A,124,Airports,2F,30,,,,name,,,Vegetation 1,,,,,
L16,stratum,2A,124,Airports,2F,30,,,,presence_type,,,Optional,,,,,
L16,stratum,2A,124,Airports,2F,30,,,,@ontop,,,0,,,,,
L16,element,2A,124,Airports,2F,30,1,,LC_HerbaceousGrowthForm,lccs3_type,,,LC_HerbaceousGrowthForms,,,,,
L16,element,2A,124,Airports,2F,30,1,,LC_HerbaceousGrowthForm,description,,,Describe a vegetation element of herbaceous growth form type,,,,,
L16,element,2A,124,Airports,2F,30,1,,LC_HerbaceousGrowthForm,name,,,Herbaceous growth forms,,,,,
L16,element,2A,124,Airports,2F,30,1,,LC_HerbaceousGrowthForm,presence_type,,,Mandatory,,,,,
L16,characteristic,2A,124,Airports,2F,30,1,1,LC_VegetationArtificialityCharacteristic,lccs3_type,,,LC_NaturalOrSeminaturalVegetation,,,,,value: Natural or Seminatural
L16,characteristic,2A,124,Airports,2F,30,1,1,LC_VegetationArtificialityCharacteristic,description,,,Describe the natural or seminatural vegetation,,,,,
L16,characteristic,2A,124,Airports,2F,30,1,1,LC_VegetationArtificialityCharacteristic,name,,,Natural Or Seminatural Vegetation,,,,,
L16,class,33,131,Mineral extraction,,,,,,class_name,,,Mineral extraction,,,,,
L16,class,33,131,Mineral extraction,,,,,,class_description,,,Describe the land cover class,,,,,
L16,class,33,131,Mineral extraction,,,,,,class_map_code,,,131,,,,,
L16,class,33,131,Mineral extraction,,,,,,uuid,,,64e1aa24-eb2d-11de-bdec-001a922cdb65,,,,,
L16,hp,33,131,Mineral extraction,34,,,,,description,,,Describe the horizontal pattern,,,,,
L16,hp,33,131,Mineral extraction,34,,,,,name,,,Horizontal Pattern 1,,,,,
L16,stratum,33,131,Mineral extraction,34,35,,,,description,,,Abiotic surface 1,,,,,
L16,stratum,33,131,Mineral extraction,34,35,,,,name,,,Abiotic surface 1,,,,,
L16,stratum,33,131,Mineral extraction,34,35,,,,presence_type,,,Mandatory,,,,,
L16,stratum,33,131,Mineral extraction,34,35,,,,@ontop,,,0,,,,,
L16,element,33,131,Mineral extraction,34,35,1,,LC_Extraction,lccs3_type,,,LC_Extraction,,,,,
L16,element,33,131,Mineral extraction,34,35,1,,LC_Extraction,description,,,Describe an extraction surface element,,,,,
L16,element,33,131,Mineral extraction,34,35,1,,LC_Extraction,name,,,Extraction,,,,,
L16,element,33,131,Mineral extraction,34,35,1,,LC_Extraction,presence_type,,,Mandatory,,,,,
L16,element,33,131,Mineral extraction,34,35,1,,LC_Extraction,type,,,Surface,,,,,
L16,element,33,131,Mineral extraction,34,35,2,,LC_Extraction,lccs3_type,,,LC_Extraction,,,,,
L16,element,33,131,Mineral extraction,34,35,2,,LC_Extraction,description,,,Describe an extraction surface element,,,,,
L16,element,33,131,Mineral extraction,34,35,2,,LC_Extraction,name,,,Extraction,,,,,
L16,element,33,131,Mineral extraction,34,35,2,,LC_Extraction,presence_type,,,Optional,,,,,
L16,element,33,131,Mineral extraction,34,35,2,,LC_Extraction,type,,,flooded gravel pit,,,,,
L16,class,38,132,Dump site,,,,,,class_name,,,Dump site,,,,,
L16,class,38,132,Dump site,,,,,,class_description,,,Describe the land cover class,,,,,
L16,class,38,132,Dump site,,,,,,class_map_code,,,132,,,,,
L16,class,38,132,Dump site,,,,,,uuid,,,64f55934-eb2d-11de-bdec-001a922cdb65,,,,,
L16,hp,38,132,Dump site,39,,,,,description,,,Describe the horizontal pattern,,,,,
L16,hp,38,132,Dump site,39,,,,,name,,,Horizontal Pattern 1,,,,,
L16,stratum,38,132,Dump site,39,3A,,,,description,,,Abiotic surface 1,,,,,
L16,stratum,38,132,Dump site,39,3A,,,,name,,,Abiotic surface 1,,,,,
L16,stratum,38,132,Dump site,39,3A,,,,presence_type,,,Mandatory,,,,,
L16,stratum,38,132,Dump site,39,3A,,,,@ontop,,,0,,,,,
L16,element,38,132,Dump site,39,3A,1,,LC_DumpSite,lccs3_type,,,LC_DumpSite,,,,,
L16,element,38,132,Dump site,39,3A,1,,LC_DumpSite,description,,,Describe a dump site surface element,,,,,
L16,element,38,132,Dump site,39,3A,1,,LC_DumpSite,name,,,Dump Site,,,,,
L16,element,38,132,Dump site,39,3A,1,,LC_DumpSite,presence_type,,,Mandatory,,,,,
L16,element,38,132,Dump site,39,3A,1,,LC_DumpSite,type,,,Waste Dumps,,,,,
L16,class,3C,133,Construction sites,,,,,,class_name,,,Construction sites,,,,,
L16,class,3C,133,Construction sites,,,,,,class_description,,,Describe the land cover class,,,,,
L16,class,3C,133,Construction sites,,,,,,class_map_code,,,133,,,,,
L16,class,3C,133,Construction sites,,,,,,uuid,,,65240a54-eb2d-11de-bdec-001a922cdb65,,,,,
L16,hp,3C,133,Construction sites,3D,,,,,description,,,Describe the horizontal pattern,,,,,
L16,hp,3C,133,Construction sites,3D,,,,,name,,,Horizontal Pattern 1,,,,,
L16,stratum,3C,133,Construction sites,3D,3E,,,,description,,,Abiotic surface 1,,,,,
L16,stratum,3C,133,Construction sites,3D,3E,,,,name,,,Abiotic surface 1,,,,,
L16,stratum,3C,133,Construction sites,3D,3E,,,,presence_type,,,Mandatory,,,,,
L16,stratum,3C,133,Construction sites,3D,3E,,,,@ontop,,,0,,,,,
L16,element,3C,133,Construction sites,3D,3E,1,,LC_ArtificialSurfaceElement,lccs3_type,,,LC_ArtificialSurface,,,,,
L16,element,3C,133,Construction sites,3D,3E,1,,LC_ArtificialSurfaceElement,description,,,Describe an abiotic surface element of artificial type,,,,,
L16,element,3C,133,Construction sites,3D,3E,1,,LC_ArtificialSurfaceElement,name,,,Artificial Surface,,,,,
L16,element,3C,133,Construction sites,3D,3E,1,,LC_ArtificialSurfaceElement,presence_type,,,Mandatory,,,,,
L16,characteristic,3C,133,Construction sites,3D,3E,1,1,LC_ConstructionStatusCharacteristic,lccs3_type,,,LC_ConstructionStatus,,,,,
L16,characteristic,3C,133,Construction sites,3D,3E,1,1,LC_ConstructionStatusCharacteristic,description,,,Describe the construction status characteristic,,,,,
L16,characteristic,3C,133,Construction sites,3D,3E,1,1,LC_ConstructionStatusCharacteristic,name,,,Construction Status,,,,,
L16,characteristic,3C,133,Construction sites,3D,3E,1,1,LC_ConstructionStatusCharacteristic,type,,,On Progress,,,,,
L16,class,41,141,Urban park 141,,,,,,class_name,,,Urban park 141,,,,,
L16,class,41,141,Urban park 141,,,,,,class_description,,,Describe the land cover class,,,,,
L16,class,41,141,Urban park 141,,,,,,class_map_code,,,141,,,,,
L16,class,41,141,Urban park 141,,,,,,uuid,,,653a0354-eb2d-11de-bdec-001a922cdb65,,,,,
L16,hp,41,141,Urban park 141,42,,,,,description,,,Describe the horizontal pattern,,,,,
L16,hp,41,141,Urban park 141,42,,,,,name,,,Horizontal Pattern 1,,,,,
L16,stratum,41,141,Urban park 141,42,43,,,,description,,,Vegetation 1,,,,,
L16,stratum,41,141,Urban park 141,42,43,,,,name,,,Vegetation 1,,,,,
L16,stratum,41,141,Urban park 141,42,43,,,,presence_type,,,Mandatory,,,,,
L16,stratum,41,141,Urban park 141,42,43,,,,@ontop,,,0,,,,,
L16,element,41,141,Urban park 141,42,43,1,,LC_VegetationElement,lccs3_type,,,LC_Vegetation,,,,,
L16,element,41,141,Urban park 141,42,43,1,,LC_VegetationElement,description,,,Describe a generic vegetation element,,,,,
L16,element,41,141,Urban park 141,42,43,1,,LC_VegetationElement,name,,,Vegetation,,,,,
L16,element,41,141,Urban park 141,42,43,1,,LC_VegetationElement,presence_type,,,Mandatory,,,,,
L16,characteristic,41,141,Urban park 141,42,43,1,1,LC_CultivatedAndManagedVegetationCharacteristics,lccs3_type,,,LC_CultivatedAndManagedVegetation,,,,,
L16,characteristic,41,141,Urban park 141,42,43,1,1,LC_CultivatedAndManagedVegetationCharacteristics,description,,,Describe the cultivated and managed vegetation,,,,,
L16,characteristic,41,141,Urban park 141,42,43,1,1,LC_CultivatedAndManagedVegetationCharacteristics,name,,,Cultivated And Managed Vegetation,,,,,
L16,characteristic,41,141,Urban park 141,42,43,1,1,LC_CultivatedAndManagedVegetationCharacteristics,elements/LC_Characteristic[LC_UrbanPark]/description,,,Describe the urban park,,,,,
L16,characteristic,41,141,Urban park 141,42,43,1,1,LC_CultivatedAndManagedVegetationCharacteristics,elements/LC_Characteristic[LC_UrbanPark]/name,,,Urban Park,,,,,
L16,class,47,142,Sport facilities142,,,,,,class_name,,,Sport facilities142,,,,,
L16,class,47,142,Sport facilities142,,,,,,class_description,,,Describe the land cover class,,,,,
L16,class,47,142,Sport facilities142,,,,,,class_map_code,,,142,,,,,
L16,class,47,142,Sport facilities142,,,,,,uuid,,,65552c74-eb2d-11de-bdec-001a922cdb65,,,,,
L16,hp,47,142,Sport facilities142,48,,,,,description,,,Describe the horizontal pattern,,,,,
L16,hp,47,142,Sport facilities142,48,,,,,name,,,Horizontal Pattern 1,,,,,
L16,stratum,47,142,Sport facilities142,48,49,,,,description,,,Vegetation 1,,,,,
L16,stratum,47,142,Sport facilities142,48,49,,,,name,,,Vegetation 1,,,,,
L16,stratum,47,142,Sport facilities142,48,49,,,,presence_type,,,Mandatory,,,,,
L16,stratum,47,142,Sport facilities142,48,49,,,,@ontop,,,0,,,,,
L16,element,47,142,Sport facilities142,48,49,1,,LC_HerbaceousGrowthForm,lccs3_type,,,LC_HerbaceousGrowthForms,,,,,
L16,element,47,142,Sport facilities142,48,49,1,,LC_HerbaceousGrowthForm,description,,,Describe a vegetation element of herbaceous growth form type,,,,,
L16,element,47,142,Sport facilities142,48,49,1,,LC_HerbaceousGrowthForm,name,,,Herbaceous growth forms,,,,,
L16,element,47,142,Sport facilities142,48,49,1,,LC_HerbaceousGrowthForm,presence_type,,,Mandatory,,,,,
L16,characteristic,47,142,Sport facilities142,48,49,1,1,LC_CultivatedAndManagedVegetationCharacteristics,lccs3_type,,,LC_CultivatedAndManagedVegetation,,,,,
L16,characteristic,47,142,Sport facilities142,48,49,1,1,LC_CultivatedAndManagedVegetationCharacteristics,description,,,Describe the cultivated and managed vegetation,,,,,
L16,characteristic,47,142,Sport facilities142,48,49,1,1,LC_CultivatedAndManagedVegetationCharacteristics,name,,,Cultivated And Managed Vegetation,,,,,
L16,characteristic,47,142,Sport facilities142,48,49,1,1,LC_CultivatedAndManagedVegetationCharacteristics,elements/LC_Characteristic[LC_UserDefinedCharacteristic]/description,,,Describe the user characteristic structure,,,,,
L16,characteristic,47,142,Sport facilities142,48,49,1,1,LC_CultivatedAndManagedVegetationCharacteristics,elements/LC_Characteristic[LC_UserDefinedCharacteristic]/name,,,sport and leisure facilities,,,,,
L16,characteristic,47,142,Sport facilities142,48,49,1,1,LC_CultivatedAndManagedVegetationCharacteristics,elements/LC_Characteristic[LC_UserDefinedCharacteristic]/userid,,,uds_ebdcf5f0-ea30-11de-8f0b-001a922cdb65,,,,,
L16,class,4D,211,Non irrigated arable land,,,,,,class_name,,,Non irrigated arable land,,,,,
L16,class,4D,211,Non irrigated arable land,,,,,,class_description,,,Describe the land cover class,,,,,
L16,class,4D,211,Non irrigated arable land,,,,,,class_map_code,,,211,,,,,
L16,class,4D,211,Non irrigated arable land,,,,,,uuid,,,65778184-eb2d-11de-bdec-001a922cdb65,,,,,
L16,hp,4D,211,Non irrigated arable land,4E,,,,,description,,,Describe the horizontal pattern,,,,,
L16,hp,4D,211,Non irrigated arable land,4E,,,,,name,,,Horizontal Pattern 1,,,,,
L16,stratum,4D,211,Non irrigated arable land,4E,4F,,,,description,,,Vegetation 1,,,,,
L16,stratum,4D,211,Non irrigated arable land,4E,4F,,,,name,,,Vegetation 1,,,,,
L16,stratum,4D,211,Non irrigated arable land,4E,4F,,,,presence_type,,,Mandatory,,,,,
L16,stratum,4D,211,Non irrigated arable land,4E,4F,,,,@ontop,,,0,,,,,
L16,element,4D,211,Non irrigated arable land,4E,4F,1,,LC_HerbaceousGrowthForm,lccs3_type,,,LC_HerbaceousGrowthForms,,,,,
L16,element,4D,211,Non irrigated arable land,4E,4F,1,,LC_HerbaceousGrowthForm,description,,,Describe a vegetation element of herbaceous growth form type,,,,,
L16,element,4D,211,Non irrigated arable land,4E,4F,1,,LC_HerbaceousGrowthForm,name,,,Herbaceous growth forms,,,,,
L16,element,4D,211,Non irrigated arable land,4E,4F,1,,LC_HerbaceousGrowthForm,presence_type,,,Mandatory,,,,,
L16,characteristic,4D,211,Non irrigated arable land,4E,4F,1,1,LC_CultivatedAndManagedVegetationCharacteristics,lccs3_type,,,LC_CultivatedAndManagedVegetation,,,,,
L16,characteristic,4D,211,Non irrigated arable land,4E,4F,1,1,LC_CultivatedAndManagedVegetationCharacteristics,description,,,Describe the cultivated and managed vegetation,,,,,
L16,characteristic,4D,211,Non irrigated arable land,4E,4F,1,1,LC_CultivatedAndManagedVegetationCharacteristics,name,,,Cultivated And Managed Vegetation,,,,,
L16,characteristic,4D,211,Non irrigated arable land,4E,4F,1,1,LC_CultivatedAndManagedVegetationCharacteristics,elements/LC_Characteristic[LC_Rainfed]/description,,,Describe the rainfed,,,,,
L16,characteristic,4D,211,Non irrigated arable land,4E,4F,1,1,LC_CultivatedAndManagedVegetationCharacteristics,elements/LC_Characteristic[LC_Rainfed]/name,,,Rainfed,,,,,
L16,characteristic,4D,211,Non irrigated arable land,4E,4F,1,1,LC_CultivatedAndManagedVegetationCharacteristics,elements/LC_Characteristic[LC_Rainfed]/percentage,100.0,100.0,,,,,,
L16,element,4D,211,Non irrigated arable land,4E,4F,2,,LC_WoodyGrowthForm,lccs3_type,,,LC_WoodyGrowthForms,,,,,
L16,element,4D,211,Non irrigated arable land,4E,4F,2,,LC_WoodyGrowthForm,description,,,Describe a vegetation element of woody type,,,,,
L16,element,4D,211,Non irrigated arable land,4E,4F,2,,LC_WoodyGrowthForm,name,,,Woody Growth Forms,,,,,
L16,element,4D,211,Non irrigated arable land,4E,4F,2,,LC_WoodyGrowthForm,presence_type,,,Optional,,,,,
L16,characteristic,4D,211,Non irrigated arable land,4E,4F,2,1,LC_CultivatedAndManagedVegetationCharacteristics,lccs3_type,,,LC_CultivatedAndManagedVegetation,,,,,
L16,characteristic,4D,211,Non irrigated arable land,4E,4F,2,1,LC_CultivatedAndManagedVegetationCharacteristics,description,,,Describe the cultivated and managed vegetation,,,,,
L16,characteristic,4D,211,Non irrigated arable land,4E,4F,2,1,LC_CultivatedAndManagedVegetationCharacteristics,name,,,Cultivated And Managed Vegetation,,,,,
L16,characteristic,4D,211,Non irrigated arable land,4E,4F,2,1,LC_CultivatedAndManagedVegetationCharacteristics,elements/LC_Characteristic[LC_OrchardAndOtherPlantation]/description,,,Describe the orchard and other plantation,,,,,
L16,characteristic,4D,211,Non irrigated arable land,4E,4F,2,1,LC_CultivatedAndManagedVegetationCharacteristics,elements/LC_Characteristic[LC_OrchardAndOtherPlantation]/name,,,Orchard And Other Plantation,,,,,
L16,characteristic,4D,211,Non irrigated arable land,4E,4F,2,2,LC_UserDefinedElementCharacteristic,lccs3_type,,,LC_UserDefinedElementCharacteristic,,,,,no LChS equivalent; kept as-is
L16,characteristic,4D,211,Non irrigated arable land,4E,4F,2,2,LC_UserDefinedElementCharacteristic,description,,,Describe the user characteristic structure,,,,,
L16,characteristic,4D,211,Non irrigated arable land,4E,4F,2,2,LC_UserDefinedElementCharacteristic,name,,,nursery,,,,,
L16,characteristic,4D,211,Non irrigated arable land,4E,4F,2,2,LC_UserDefinedElementCharacteristic,userid,,,uds_9c343190-e697-11de-98a2-001c23114330,,,,,
L16,element,4D,211,Non irrigated arable land,4E,4F,3,,LC_HerbaceousGrowthForm,lccs3_type,,,LC_HerbaceousGrowthForms,,,,,
L16,element,4D,211,Non irrigated arable land,4E,4F,3,,LC_HerbaceousGrowthForm,description,,,Describe a vegetation element of herbaceous growth form type,,,,,
L16,element,4D,211,Non irrigated arable land,4E,4F,3,,LC_HerbaceousGrowthForm,name,,,Herbaceous growth forms,,,,,
L16,element,4D,211,Non irrigated arable land,4E,4F,3,,LC_HerbaceousGrowthForm,presence_type,,,Optional,,,,,
L16,characteristic,4D,211,Non irrigated arable land,4E,4F,3,1,LC_CultivatedAndManagedVegetationCharacteristics,lccs3_type,,,LC_CultivatedAndManagedVegetation,,,,,
L16,characteristic,4D,211,Non irrigated arable land,4E,4F,3,1,LC_CultivatedAndManagedVegetationCharacteristics,description,,,Describe the cultivated and managed vegetation,,,,,
L16,characteristic,4D,211,Non irrigated arable land,4E,4F,3,1,LC_CultivatedAndManagedVegetationCharacteristics,name,,,Cultivated And Managed Vegetation,,,,,
L16,characteristic,4D,211,Non irrigated arable land,4E,4F,3,1,LC_CultivatedAndManagedVegetationCharacteristics,elements/LC_Characteristic[LC_UserDefinedCharacteristic]/description,,,Describe the user characteristic structure,,,,,
L16,characteristic,4D,211,Non irrigated arable land,4E,4F,3,1,LC_CultivatedAndManagedVegetationCharacteristics,elements/LC_Characteristic[LC_UserDefinedCharacteristic]/name,,,Green house,,,,,
L16,characteristic,4D,211,Non irrigated arable land,4E,4F,3,1,LC_CultivatedAndManagedVegetationCharacteristics,elements/LC_Characteristic[LC_UserDefinedCharacteristic]/userid,,,uds_2f0e88c0-e699-11de-98a2-001c23114330,,,,,
L16,class,5A,212,Permanently irrigated land,,,,,,class_name,,,Permanently irrigated land,,,,,
L16,class,5A,212,Permanently irrigated land,,,,,,class_description,,,Describe the land cover class,,,,,
L16,class,5A,212,Permanently irrigated land,,,,,,class_map_code,,,212,,,,,
L16,class,5A,212,Permanently irrigated land,,,,,,uuid,,,aad7f934-eb2d-11de-bdec-001a922cdb65,,,,,
L16,hp,5A,212,Permanently irrigated land,5B,,,,,description,,,Describe the horizontal pattern,,,,,
L16,hp,5A,212,Permanently irrigated land,5B,,,,,name,,,Horizontal Pattern 1,,,,,
L16,stratum,5A,212,Permanently irrigated land,5B,5C,,,,description,,,Vegetation 1,,,,,
L16,stratum,5A,212,Permanently irrigated land,5B,5C,,,,name,,,Vegetation 1,,,,,
L16,stratum,5A,212,Permanently irrigated land,5B,5C,,,,presence_type,,,Mandatory,,,,,
L16,stratum,5A,212,Permanently irrigated land,5B,5C,,,,@ontop,,,0,,,,,
L16,element,5A,212,Permanently irrigated land,5B,5C,1,,LC_HerbaceousGrowthForm,lccs3_type,,,LC_HerbaceousGrowthForms,,,,,
L16,element,5A,212,Permanently irrigated land,5B,5C,1,,LC_HerbaceousGrowthForm,description,,,Describe a vegetation element of herbaceous growth form type,,,,,
L16,element,5A,212,Permanently irrigated land,5B,5C,1,,LC_HerbaceousGrowthForm,name,,,Herbaceous growth forms,,,,,
L16,element,5A,212,Permanently irrigated land,5B,5C,1,,LC_HerbaceousGrowthForm,presence_type,,,Exclusive,,,,,
L16,characteristic,5A,212,Permanently irrigated land,5B,5C,1,1,LC_CultivatedAndManagedVegetationCharacteristics,lccs3_type,,,LC_CultivatedAndManagedVegetation,,,,,
L16,characteristic,5A,212,Permanently irrigated land,5B,5C,1,1,LC_CultivatedAndManagedVegetationCharacteristics,description,,,Describe the cultivated and managed vegetation,,,,,
L16,characteristic,5A,212,Permanently irrigated land,5B,5C,1,1,LC_CultivatedAndManagedVegetationCharacteristics,name,,,Cultivated And Managed Vegetation,,,,,
L16,characteristic,5A,212,Permanently irrigated land,5B,5C,1,1,LC_CultivatedAndManagedVegetationCharacteristics,elements/LC_Characteristic[LC_Irrigation]/description,,,Describe the irrigation,,,,,
L16,characteristic,5A,212,Permanently irrigated land,5B,5C,1,1,LC_CultivatedAndManagedVegetationCharacteristics,elements/LC_Characteristic[LC_Irrigation]/name,,,Irrigation,,,,,
L16,characteristic,5A,212,Permanently irrigated land,5B,5C,1,1,LC_CultivatedAndManagedVegetationCharacteristics,elements/LC_Characteristic[LC_Irrigation]/percentage,100.0,100.0,,,,,,
L16,characteristic,5A,212,Permanently irrigated land,5B,5C,1,1,LC_CultivatedAndManagedVegetationCharacteristics,elements/LC_Characteristic[LC_Irrigation]/irrigation_type,,,Surface,,,,,
L16,element,5A,212,Permanently irrigated land,5B,5C,2,,LC_WoodyGrowthForm,lccs3_type,,,LC_WoodyGrowthForms,,,,,
L16,element,5A,212,Permanently irrigated land,5B,5C,2,,LC_WoodyGrowthForm,description,,,Describe a vegetation element of woody type,,,,,
L16,element,5A,212,Permanently irrigated land,5B,5C,2,,LC_WoodyGrowthForm,name,,,Woody Growth Forms,,,,,
L16,element,5A,212,Permanently irrigated land,5B,5C,2,,LC_WoodyGrowthForm,presence_type,,,Exclusive,,,,,
L16,characteristic,5A,212,Permanently irrigated land,5B,5C,2,1,LC_CultivatedAndManagedVegetationCharacteristics,lccs3_type,,,LC_CultivatedAndManagedVegetation,,,,,
L16,characteristic,5A,212,Permanently irrigated land,5B,5C,2,1,LC_CultivatedAndManagedVegetationCharacteristics,description,,,Describe the cultivated and managed vegetation,,,,,
L16,characteristic,5A,212,Permanently irrigated land,5B,5C,2,1,LC_CultivatedAndManagedVegetationCharacteristics,name,,,Cultivated And Managed Vegetation,,,,,
L16,characteristic,5A,212,Permanently irrigated land,5B,5C,2,1,LC_CultivatedAndManagedVegetationCharacteristics,elements/LC_Characteristic[LC_Irrigation]/description,,,Describe the irrigation,,,,,
L16,characteristic,5A,212,Permanently irrigated land,5B,5C,2,1,LC_CultivatedAndManagedVegetationCharacteristics,elements/LC_Characteristic[LC_Irrigation]/name,,,Irrigation,,,,,
L16,characteristic,5A,212,Permanently irrigated land,5B,5C,2,1,LC_CultivatedAndManagedVegetationCharacteristics,elements/LC_Characteristic[LC_Irrigation]/percentage,100.0,100.0,,,,,,
L16,class,63,213,Rice fields,,,,,,class_name,,,Rice fields,,,,,
L16,class,63,213,Rice fields,,,,,,class_description,,,Describe the land cover class,,,,,
L16,class,63,213,Rice fields,,,,,,class_map_code,,,213,,,,,
L16,class,63,213,Rice fields,,,,,,uuid,,,ab01a144-eb2d-11de-bdec-001a922cdb65,,,,,
L16,hp,63,213,Rice fields,64,,,,,description,,,Describe the horizontal pattern,,,,,
L16,hp,63,213,Rice fields,64,,,,,name,,,Horizontal Pattern 1,,,,,
L16,stratum,63,213,Rice fields,64,65,,,,description,,,Vegetation 1,,,,,
L16,stratum,63,213,Rice fields,64,65,,,,name,,,Vegetation 1,,,,,
L16,stratum,63,213,Rice fields,64,65,,,,presence_type,,,Optional,,,,,
L16,stratum,63,213,Rice fields,64,65,,,,@ontop,,,0,,,,,
L16,element,63,213,Rice fields,64,65,1,,LC_Graminoid,lccs3_type,,,LC_Graminae,,,,,
L16,element,63,213,Rice fields,64,65,1,,LC_Graminoid,description,,,Describe a vegetation element of graminae type,,,,,
L16,element,63,213,Rice fields,64,65,1,,LC_Graminoid,name,,,Graminae,,,,,
L16,element,63,213,Rice fields,64,65,1,,LC_Graminoid,presence_type,,,Mandatory,,,,,
L16,characteristic,63,213,Rice fields,64,65,1,1,LC_CultivatedAndManagedVegetationCharacteristics,lccs3_type,,,LC_CultivatedAndManagedVegetation,,,,,
L16,characteristic,63,213,Rice fields,64,65,1,1,LC_CultivatedAndManagedVegetationCharacteristics,description,,,Describe the cultivated and managed vegetation,,,,,
L16,characteristic,63,213,Rice fields,64,65,1,1,LC_CultivatedAndManagedVegetationCharacteristics,name,,,Cultivated And Managed Vegetation,,,,,
L16,characteristic,63,213,Rice fields,64,65,1,2,LC_FloristicAspectsCharacteristic,lccs3_type,,,LC_FloristicAspect,,,,,
L16,characteristic,63,213,Rice fields,64,65,1,2,LC_FloristicAspectsCharacteristic,description,,,Describe the floristic aspect,,,,,
L16,characteristic,63,213,Rice fields,64,65,1,2,LC_FloristicAspectsCharacteristic,name,,,Floristic Aspect,,,,,
L16,characteristic,63,213,Rice fields,64,65,1,2,LC_FloristicAspectsCharacteristic,elements/LC_Characteristic[LC_FloristicAspectSpecies]/description,,,Describe the floristic aspect species,,,,,
L16,characteristic,63,213,Rice fields,64,65,1,2,LC_FloristicAspectsCharacteristic,elements/LC_Characteristic[LC_FloristicAspectSpecies]/name,,,Floristic Aspect Species,,,,,
L16,characteristic,63,213,Rice fields,64,65,1,2,LC_FloristicAspectsCharacteristic,elements/LC_Characteristic[LC_FloristicAspectSpecies]/species_name,,,Rice,,,,,
L16,stratum,63,213,Rice fields,64,6A,,,,description,,,Abiotic surface 1,,,,,
L16,stratum,63,213,Rice fields,64,6A,,,,name,,,Abiotic surface 1,,,,,
L16,stratum,63,213,Rice fields,64,6A,,,,presence_type,,,Mandatory,,,,,
L16,stratum,63,213,Rice fields,64,6A,,,,@ontop,,,0,,,,,
L16,element,63,213,Rice fields,64,6A,1,,LC_WaterBody,lccs3_type,,,LC_WaterBody,,,,,
L16,element,63,213,Rice fields,64,6A,1,,LC_WaterBody,description,,,Describe a water body surface element,,,,,
L16,element,63,213,Rice fields,64,6A,1,,LC_WaterBody,name,,,Water Body,,,,,
L16,element,63,213,Rice fields,64,6A,1,,LC_WaterBody,presence_type,,,Mandatory,,,,,
L16,element,63,213,Rice fields,64,6A,1,,LC_WaterBody,periodic_variation[LC_PeriodicVariations]/description,,,Contains the elements of Periodic Variation,,,,,
L16,element,63,213,Rice fields,64,6A,1,,LC_WaterBody,periodic_variation[LC_PeriodicVariations]/name,,,Periodic Variations,,,,,
L16,element,63,213,Rice fields,64,6A,1,,LC_WaterBody,periodic_variation[LC_PeriodicVariations]/elements/LC_PeriodicVariation[LC_PeriodicVariation]/description,,,Describe a periodic variation element,,,,,
L16,element,63,213,Rice fields,64,6A,1,,LC_WaterBody,periodic_variation[LC_PeriodicVariations]/elements/LC_PeriodicVariation[LC_PeriodicVariation]/name,,,Periodic Variation,,,,,
L16,element,63,213,Rice fields,64,6A,1,,LC_WaterBody,periodic_variation[LC_PeriodicVariations]/elements/LC_PeriodicVariation[LC_PeriodicVariation]/persistence_units,,,Months,,,,,
L16,element,63,213,Rice fields,64,6A,1,,LC_WaterBody,periodic_variation[LC_PeriodicVariations]/elements/LC_PeriodicVariation[LC_PeriodicVariation]/persistence_period,2.0,4.0,,,,,,
L16,element,63,213,Rice fields,64,6A,1,,LC_WaterBody,dynamics,,,Standing,,,,,
L16,element,63,213,Rice fields,64,6A,1,,LC_WaterBody,position,,,Above Surface,,,,,
L16,characteristic,63,213,Rice fields,64,6A,1,1,LC_WaterSalinityCharacteristic,lccs3_type,,,LC_WaterSalinity,,,,,
L16,characteristic,63,213,Rice fields,64,6A,1,1,LC_WaterSalinityCharacteristic,description,,,Describe the water salinity characteristic,,,,,
L16,characteristic,63,213,Rice fields,64,6A,1,1,LC_WaterSalinityCharacteristic,name,,,Water Salinity,,,,,
L16,characteristic,63,213,Rice fields,64,6A,1,1,LC_WaterSalinityCharacteristic,type,,,Fresh,,,,,
L16,class,6D,221,Vineyads,,,,,,class_name,,,Vineyads,,,,,
L16,class,6D,221,Vineyads,,,,,,class_description,,,Describe the land cover class,,,,,
L16,class,6D,221,Vineyads,,,,,,class_map_code,,,221,,,,,
L16,class,6D,221,Vineyads,,,,,,uuid,,,ab2b7066-eb2d-11de-bdec-001a922cdb65,,,,,
L16,hp,6D,221,Vineyads,6E,,,,,description,,,Describe the horizontal pattern,,,,,
L16,hp,6D,221,Vineyads,6E,,,,,name,,,Horizontal Pattern 1,,,,,
L16,stratum,6D,221,Vineyads,6E,6F,,,,description,,,Vegetation 1,,,,,
L16,stratum,6D,221,Vineyads,6E,6F,,,,name,,,Vegetation 1,,,,,
L16,stratum,6D,221,Vineyads,6E,6F,,,,presence_type,,,Mandatory,,,,,
L16,stratum,6D,221,Vineyads,6E,6F,,,,@ontop,,,0,,,,,
L16,element,6D,221,Vineyads,6E,6F,1,,LC_Shrub,lccs3_type,,,LC_Shrubs,,,,,
L16,element,6D,221,Vineyads,6E,6F,1,,LC_Shrub,description,,,Describe a vegetation element of shrubs type,,,,,
L16,element,6D,221,Vineyads,6E,6F,1,,LC_Shrub,name,,,Shrubs,,,,,
L16,element,6D,221,Vineyads,6E,6F,1,,LC_Shrub,presence_type,,,Mandatory,,,,,
L16,element,6D,221,Vineyads,6E,6F,1,,LC_Shrub,LC_WoodyGrowthLeafPhenology[LC_WoodyGrowthLeafPhenology]/description,,,Contains the elements of Woody Growth Leaf Phenology,,,,,
L16,element,6D,221,Vineyads,6E,6F,1,,LC_Shrub,LC_WoodyGrowthLeafPhenology[LC_WoodyGrowthLeafPhenology]/name,,,Woody Growth Leaf Phenology,,,,,
L16,element,6D,221,Vineyads,6E,6F,1,,LC_Shrub,LC_WoodyGrowthLeafPhenology[LC_WoodyGrowthLeafPhenology]/elements/LC_WoodyLeafPhenology[LC_Deciduous]/description,,,Describe a Deciduous leaf phenology element,,,,,
L16,element,6D,221,Vineyads,6E,6F,1,,LC_Shrub,LC_WoodyGrowthLeafPhenology[LC_WoodyGrowthLeafPhenology]/elements/LC_WoodyLeafPhenology[LC_Deciduous]/name,,,Deciduous,,,,,
L16,element,6D,221,Vineyads,6E,6F,1,,LC_Shrub,LC_WoodyGrowthLeafType[LC_WoodyGrowthLeafType]/description,,,Contains the elements of Woody Growth Leaf Type,,,,,
L16,element,6D,221,Vineyads,6E,6F,1,,LC_Shrub,LC_WoodyGrowthLeafType[LC_WoodyGrowthLeafType]/name,,,Woody Growth Leaf Type,,,,,
L16,element,6D,221,Vineyads,6E,6F,1,,LC_Shrub,LC_WoodyGrowthLeafType[LC_WoodyGrowthLeafType]/elements/LC_WoodyLeafType[LC_Broadleaved]/description,,,Describe a Broadleaved type element,,,,,
L16,element,6D,221,Vineyads,6E,6F,1,,LC_Shrub,LC_WoodyGrowthLeafType[LC_WoodyGrowthLeafType]/elements/LC_WoodyLeafType[LC_Broadleaved]/name,,,Broadleaved,,,,,
L16,characteristic,6D,221,Vineyads,6E,6F,1,1,LC_CultivatedAndManagedVegetationCharacteristics,lccs3_type,,,LC_CultivatedAndManagedVegetation,,,,,
L16,characteristic,6D,221,Vineyads,6E,6F,1,1,LC_CultivatedAndManagedVegetationCharacteristics,description,,,Describe the cultivated and managed vegetation,,,,,
L16,characteristic,6D,221,Vineyads,6E,6F,1,1,LC_CultivatedAndManagedVegetationCharacteristics,name,,,Cultivated And Managed Vegetation,,,,,
L16,characteristic,6D,221,Vineyads,6E,6F,1,1,LC_CultivatedAndManagedVegetationCharacteristics,elements/LC_Characteristic[LC_OrchardAndOtherPlantation]/description,,,Describe the orchard and other plantation,,,,,
L16,characteristic,6D,221,Vineyads,6E,6F,1,1,LC_CultivatedAndManagedVegetationCharacteristics,elements/LC_Characteristic[LC_OrchardAndOtherPlantation]/name,,,Orchard And Other Plantation,,,,,
L16,characteristic,6D,221,Vineyads,6E,6F,1,2,LC_FloristicAspectsCharacteristic,lccs3_type,,,LC_FloristicAspect,,,,,
L16,characteristic,6D,221,Vineyads,6E,6F,1,2,LC_FloristicAspectsCharacteristic,description,,,Describe the floristic aspect,,,,,
L16,characteristic,6D,221,Vineyads,6E,6F,1,2,LC_FloristicAspectsCharacteristic,name,,,Floristic Aspect,,,,,
L16,characteristic,6D,221,Vineyads,6E,6F,1,2,LC_FloristicAspectsCharacteristic,elements/LC_Characteristic[LC_FloristicAspectSpecies]/description,,,Describe the floristic aspect species,,,,,
L16,characteristic,6D,221,Vineyads,6E,6F,1,2,LC_FloristicAspectsCharacteristic,elements/LC_Characteristic[LC_FloristicAspectSpecies]/name,,,Floristic Aspect Species,,,,,
L16,characteristic,6D,221,Vineyads,6E,6F,1,2,LC_FloristicAspectsCharacteristic,elements/LC_Characteristic[LC_FloristicAspectSpecies]/species_name,,,Grapes,,,,,
L16,class,75,222,Fruit trees and berry plantation,,,,,,class_name,,,Fruit trees and berry plantation,,,,,
L16,class,75,222,Fruit trees and berry plantation,,,,,,class_description,,,Describe the land cover class,,,,,
L16,class,75,222,Fruit trees and berry plantation,,,,,,class_map_code,,,222,,,,,
L16,class,75,222,Fruit trees and berry plantation,,,,,,uuid,,,ab5c9284-eb2d-11de-bdec-001a922cdb65,,,,,
L16,hp,75,222,Fruit trees and berry plantation,76,,,,,description,,,Describe the horizontal pattern,,,,,
L16,hp,75,222,Fruit trees and berry plantation,76,,,,,name,,,Horizontal Pattern 1,,,,,
L16,stratum,75,222,Fruit trees and berry plantation,76,77,,,,description,,,Vegetation 1,,,,,
L16,stratum,75,222,Fruit trees and berry plantation,76,77,,,,name,,,Vegetation 1,,,,,
L16,stratum,75,222,Fruit trees and berry plantation,76,77,,,,presence_type,,,Mandatory,,,,,
L16,stratum,75,222,Fruit trees and berry plantation,76,77,,,,@ontop,,,0,,,,,
L16,element,75,222,Fruit trees and berry plantation,76,77,1,,LC_WoodyGrowthForm,lccs3_type,,,LC_WoodyGrowthForms,,,,,
L16,element,75,222,Fruit trees and berry plantation,76,77,1,,LC_WoodyGrowthForm,description,,,Describe a vegetation element of woody type,,,,,
L16,element,75,222,Fruit trees and berry plantation,76,77,1,,LC_WoodyGrowthForm,name,,,Woody Growth Forms,,,,,
L16,element,75,222,Fruit trees and berry plantation,76,77,1,,LC_WoodyGrowthForm,presence_type,,,Mandatory,,,,,
L16,characteristic,75,222,Fruit trees and berry plantation,76,77,1,1,LC_CultivatedAndManagedVegetationCharacteristics,lccs3_type,,,LC_CultivatedAndManagedVegetation,,,,,
L16,characteristic,75,222,Fruit trees and berry plantation,76,77,1,1,LC_CultivatedAndManagedVegetationCharacteristics,description,,,Describe the cultivated and managed vegetation,,,,,
L16,characteristic,75,222,Fruit trees and berry plantation,76,77,1,1,LC_CultivatedAndManagedVegetationCharacteristics,name,,,Cultivated And Managed Vegetation,,,,,
L16,characteristic,75,222,Fruit trees and berry plantation,76,77,1,1,LC_CultivatedAndManagedVegetationCharacteristics,elements/LC_Characteristic[LC_OrchardAndOtherPlantation]/description,,,Describe the orchard and other plantation,,,,,
L16,characteristic,75,222,Fruit trees and berry plantation,76,77,1,1,LC_CultivatedAndManagedVegetationCharacteristics,elements/LC_Characteristic[LC_OrchardAndOtherPlantation]/name,,,Orchard And Other Plantation,,,,,
L16,stratum,75,222,Fruit trees and berry plantation,76,165,,,,description,,,Vegetation 1,,,,,
L16,stratum,75,222,Fruit trees and berry plantation,76,165,,,,name,,,Stratum 1,,,,,
L16,stratum,75,222,Fruit trees and berry plantation,76,165,,,,presence_type,,,Mandatory,,,,,
L16,stratum,75,222,Fruit trees and berry plantation,76,165,,,,@ontop,,,0,,,,,
L16,element,75,222,Fruit trees and berry plantation,76,165,1,,LC_HerbaceousGrowthForm,lccs3_type,,,LC_HerbaceousGrowthForms,,,,,
L16,element,75,222,Fruit trees and berry plantation,76,165,1,,LC_HerbaceousGrowthForm,description,,,Describe a vegetation element of herbaceous growth form type,,,,,
L16,element,75,222,Fruit trees and berry plantation,76,165,1,,LC_HerbaceousGrowthForm,name,,,Herbaceous growth forms,,,,,
L16,element,75,222,Fruit trees and berry plantation,76,165,1,,LC_HerbaceousGrowthForm,presence_type,,,Mandatory,,,,,
L16,characteristic,75,222,Fruit trees and berry plantation,76,165,1,1,LC_VegetationArtificialityCharacteristic,lccs3_type,,,LC_NaturalOrSeminaturalVegetation,,,,,value: Natural or Seminatural
L16,characteristic,75,222,Fruit trees and berry plantation,76,165,1,1,LC_VegetationArtificialityCharacteristic,description,,,Describe the natural or seminatural vegetation,,,,,
L16,characteristic,75,222,Fruit trees and berry plantation,76,165,1,1,LC_VegetationArtificialityCharacteristic,name,,,Natural Or Seminatural Vegetation,,,,,
L16,class,7E,223,Olives groves,,,,,,class_name,,,Olives groves,,,,,
L16,class,7E,223,Olives groves,,,,,,class_description,,,Describe the land cover class,,,,,
L16,class,7E,223,Olives groves,,,,,,class_map_code,,,223,,,,,
L16,class,7E,223,Olives groves,,,,,,uuid,,,aba61ea4-eb2d-11de-bdec-001a922cdb65,,,,,
L16,hp,7E,223,Olives groves,7F,,,,,description,,,Describe the horizontal pattern,,,,,
L16,hp,7E,223,Olives groves,7F,,,,,name,,,Horizontal Pattern 1,,,,,
L16,stratum,7E,223,Olives groves,7F,80,,,,description,,,Vegetation 1,,,,,
L16,stratum,7E,223,Olives groves,7F,80,,,,name,,,Vegetation 1,,,,,
L16,stratum,7E,223,Olives groves,7F,80,,,,presence_type,,,Mandatory,,,,,
L16,stratum,7E,223,Olives groves,7F,80,,,,@ontop,,,0,,,,,
L16,element,7E,223,Olives groves,7F,80,1,,LC_Tree,lccs3_type,,,LC_Trees,,,,,
L16,element,7E,223,Olives groves,7F,80,1,,LC_Tree,description,,,Describe a vegetation element of trees type,,,,,
L16,element,7E,223,Olives groves,7F,80,1,,LC_Tree,name,,,Trees,,,,,
L16,element,7E,223,Olives groves,7F,80,1,,LC_Tree,presence_type,,,Mandatory,,,,,
L16,characteristic,7E,223,Olives groves,7F,80,1,1,LC_CultivatedAndManagedVegetationCharacteristics,lccs3_type,,,LC_CultivatedAndManagedVegetation,,,,,
L16,characteristic,7E,223,Olives groves,7F,80,1,1,LC_CultivatedAndManagedVegetationCharacteristics,description,,,Describe the cultivated and managed vegetation,,,,,
L16,characteristic,7E,223,Olives groves,7F,80,1,1,LC_CultivatedAndManagedVegetationCharacteristics,name,,,Cultivated And Managed Vegetation,,,,,
L16,characteristic,7E,223,Olives groves,7F,80,1,1,LC_CultivatedAndManagedVegetationCharacteristics,elements/LC_Characteristic[LC_OrchardAndOtherPlantation]/description,,,Describe the orchard and other plantation,,,,,
L16,characteristic,7E,223,Olives groves,7F,80,1,1,LC_CultivatedAndManagedVegetationCharacteristics,elements/LC_Characteristic[LC_OrchardAndOtherPlantation]/name,,,Orchard And Other Plantation,,,,,
L16,characteristic,7E,223,Olives groves,7F,80,1,2,LC_FloristicAspectsCharacteristic,lccs3_type,,,LC_FloristicAspect,,,,,
L16,characteristic,7E,223,Olives groves,7F,80,1,2,LC_FloristicAspectsCharacteristic,description,,,Describe the floristic aspect,,,,,
L16,characteristic,7E,223,Olives groves,7F,80,1,2,LC_FloristicAspectsCharacteristic,name,,,Floristic Aspect,,,,,
L16,characteristic,7E,223,Olives groves,7F,80,1,2,LC_FloristicAspectsCharacteristic,elements/LC_Characteristic[LC_FloristicAspectSpecies]/description,,,Describe the floristic aspect species,,,,,
L16,characteristic,7E,223,Olives groves,7F,80,1,2,LC_FloristicAspectsCharacteristic,elements/LC_Characteristic[LC_FloristicAspectSpecies]/name,,,Floristic Aspect Species,,,,,
L16,characteristic,7E,223,Olives groves,7F,80,1,2,LC_FloristicAspectsCharacteristic,elements/LC_Characteristic[LC_FloristicAspectSpecies]/species_name,,,Olive,,,,,
L16,element,7E,223,Olives groves,7F,80,2,,LC_Shrub,lccs3_type,,,LC_Shrubs,,,,,
L16,element,7E,223,Olives groves,7F,80,2,,LC_Shrub,description,,,Describe a vegetation element of shrubs type,,,,,
L16,element,7E,223,Olives groves,7F,80,2,,LC_Shrub,name,,,Shrubs,,,,,
L16,element,7E,223,Olives groves,7F,80,2,,LC_Shrub,presence_type,,,Optional,,,,,
L16,characteristic,7E,223,Olives groves,7F,80,2,1,LC_CultivatedAndManagedVegetationCharacteristics,lccs3_type,,,LC_CultivatedAndManagedVegetation,,,,,
L16,characteristic,7E,223,Olives groves,7F,80,2,1,LC_CultivatedAndManagedVegetationCharacteristics,description,,,Describe the cultivated and managed vegetation,,,,,
L16,characteristic,7E,223,Olives groves,7F,80,2,1,LC_CultivatedAndManagedVegetationCharacteristics,name,,,Cultivated And Managed Vegetation,,,,,
L16,characteristic,7E,223,Olives groves,7F,80,2,1,LC_CultivatedAndManagedVegetationCharacteristics,elements/LC_Characteristic[LC_OrchardAndOtherPlantation]/description,,,Describe the orchard and other plantation,,,,,
L16,characteristic,7E,223,Olives groves,7F,80,2,1,LC_CultivatedAndManagedVegetationCharacteristics,elements/LC_Characteristic[LC_OrchardAndOtherPlantation]/name,,,Orchard And Other Plantation,,,,,
L16,characteristic,7E,223,Olives groves,7F,80,2,2,LC_FloristicAspectsCharacteristic,lccs3_type,,,LC_FloristicAspect,,,,,
L16,characteristic,7E,223,Olives groves,7F,80,2,2,LC_FloristicAspectsCharacteristic,description,,,Describe the floristic aspect,,,,,
L16,characteristic,7E,223,Olives groves,7F,80,2,2,LC_FloristicAspectsCharacteristic,name,,,Floristic Aspect,,,,,
L16,characteristic,7E,223,Olives groves,7F,80,2,2,LC_FloristicAspectsCharacteristic,elements/LC_Characteristic[LC_FloristicAspectSpecies]/description,,,Describe the floristic aspect species,,,,,
L16,characteristic,7E,223,Olives groves,7F,80,2,2,LC_FloristicAspectsCharacteristic,elements/LC_Characteristic[LC_FloristicAspectSpecies]/name,,,Floristic Aspect Species,,,,,
L16,characteristic,7E,223,Olives groves,7F,80,2,2,LC_FloristicAspectsCharacteristic,elements/LC_Characteristic[LC_FloristicAspectSpecies]/species_name,,,Grapes,,,,,
L16,class,8B,231,Pasture 231,,,,,,class_name,,,Pasture 231,,,,,
L16,class,8B,231,Pasture 231,,,,,,class_description,,,Describe the land cover class,,,,,
L16,class,8B,231,Pasture 231,,,,,,class_map_code,,,231,,,,,
L16,class,8B,231,Pasture 231,,,,,,uuid,,,af0a3bc4-eb2e-11de-a231-001a922cdb65,,,,,
L16,hp,8B,231,Pasture 231,8C,,,,,description,,,Describe the horizontal pattern,,,,,
L16,hp,8B,231,Pasture 231,8C,,,,,name,,,Horizontal Pattern 1,,,,,
L16,stratum,8B,231,Pasture 231,8C,8D,,,,description,,,Vegetation 1,,,,,
L16,stratum,8B,231,Pasture 231,8C,8D,,,,name,,,Vegetation 1,,,,,
L16,stratum,8B,231,Pasture 231,8C,8D,,,,presence_type,,,Mandatory,,,,,
L16,stratum,8B,231,Pasture 231,8C,8D,,,,@ontop,,,0,,,,,
L16,element,8B,231,Pasture 231,8C,8D,1,,LC_Graminoid,lccs3_type,,,LC_Graminae,,,,,
L16,element,8B,231,Pasture 231,8C,8D,1,,LC_Graminoid,description,,,Describe a vegetation element of graminae type,,,,,
L16,element,8B,231,Pasture 231,8C,8D,1,,LC_Graminoid,name,,,Graminae,,,,,
L16,element,8B,231,Pasture 231,8C,8D,1,,LC_Graminoid,presence_type,,,Mandatory,,,,,
L16,characteristic,8B,231,Pasture 231,8C,8D,1,1,LC_CultivatedAndManagedVegetationCharacteristics,lccs3_type,,,LC_CultivatedAndManagedVegetation,,,,,
L16,characteristic,8B,231,Pasture 231,8C,8D,1,1,LC_CultivatedAndManagedVegetationCharacteristics,description,,,Describe the cultivated and managed vegetation,,,,,
L16,characteristic,8B,231,Pasture 231,8C,8D,1,1,LC_CultivatedAndManagedVegetationCharacteristics,name,,,Cultivated And Managed Vegetation,,,,,
L16,characteristic,8B,231,Pasture 231,8C,8D,1,2,LC_GrazedCharacteristic,lccs3_type,,,LC_Grazing,,,,,
L16,characteristic,8B,231,Pasture 231,8C,8D,1,2,LC_GrazedCharacteristic,description,,,Describe the grazing,,,,,
L16,characteristic,8B,231,Pasture 231,8C,8D,1,2,LC_GrazedCharacteristic,name,,,Grazing,,,,,
L16,class,92,241,Annual crops associated with permanent crops,,,,,,class_name,,,Annual crops associated with permanent crops,,,,,
L16,class,92,241,Annual crops associated with permanent crops,,,,,,class_description,,,Describe the land cover class,,,,,
L16,class,92,241,Annual crops associated with permanent crops,,,,,,class_map_code,,,241,,,,,
L16,class,92,241,Annual crops associated with permanent crops,,,,,,uuid,,,af460c44-eb2e-11de-a231-001a922cdb65,,,,,
L16,hp,92,241,Annual crops associated with permanent crops,93,,,,,description,,,Describe the horizontal pattern,,,,,
L16,hp,92,241,Annual crops associated with permanent crops,93,,,,,name,,,Horizontal Pattern 1,,,,,
L16,stratum,92,241,Annual crops associated with permanent crops,93,94,,,,description,,,Vegetation 1,,,,,
L16,stratum,92,241,Annual crops associated with permanent crops,93,94,,,,name,,,Vegetation 1,,,,,
L16,stratum,92,241,Annual crops associated with permanent crops,93,94,,,,presence_type,,,Mandatory,,,,,
L16,stratum,92,241,Annual crops associated with permanent crops,93,94,,,,@ontop,,,0,,,,,
L16,element,92,241,Annual crops associated with permanent crops,93,94,1,,LC_HerbaceousGrowthForm,lccs3_type,,,LC_HerbaceousGrowthForms,,,,,
L16,element,92,241,Annual crops associated with permanent crops,93,94,1,,LC_HerbaceousGrowthForm,description,,,Describe a vegetation element of herbaceous growth form type,,,,,
L16,element,92,241,Annual crops associated with permanent crops,93,94,1,,LC_HerbaceousGrowthForm,name,,,Herbaceous growth forms,,,,,
L16,element,92,241,Annual crops associated with permanent crops,93,94,1,,LC_HerbaceousGrowthForm,presence_type,,,Exclusive,,,,,
L16,characteristic,92,241,Annual crops associated with permanent crops,93,94,1,1,LC_CultivatedAndManagedVegetationCharacteristics,lccs3_type,,,LC_CultivatedAndManagedVegetation,,,,,
L16,characteristic,92,241,Annual crops associated with permanent crops,93,94,1,1,LC_CultivatedAndManagedVegetationCharacteristics,description,,,Describe the cultivated and managed vegetation,,,,,
L16,characteristic,92,241,Annual crops associated with permanent crops,93,94,1,1,LC_CultivatedAndManagedVegetationCharacteristics,name,,,Cultivated And Managed Vegetation,,,,,
L16,element,92,241,Annual crops associated with permanent crops,93,94,2,,LC_HerbaceousGrowthForm,lccs3_type,,,LC_HerbaceousGrowthForms,,,,,
L16,element,92,241,Annual crops associated with permanent crops,93,94,2,,LC_HerbaceousGrowthForm,description,,,Describe a vegetation element of herbaceous growth form type,,,,,
L16,element,92,241,Annual crops associated with permanent crops,93,94,2,,LC_HerbaceousGrowthForm,name,,,Herbaceous growth forms,,,,,
L16,element,92,241,Annual crops associated with permanent crops,93,94,2,,LC_HerbaceousGrowthForm,presence_type,,,Exclusive,,,,,
L16,characteristic,92,241,Annual crops associated with permanent crops,93,94,2,1,LC_CultivatedAndManagedVegetationCharacteristics,lccs3_type,,,LC_CultivatedAndManagedVegetation,,,,,
L16,characteristic,92,241,Annual crops associated with permanent crops,93,94,2,1,LC_CultivatedAndManagedVegetationCharacteristics,description,,,Describe the cultivated and managed vegetation,,,,,
L16,characteristic,92,241,Annual crops associated with permanent crops,93,94,2,1,LC_CultivatedAndManagedVegetationCharacteristics,name,,,Cultivated And Managed Vegetation,,,,,
L16,characteristic,92,241,Annual crops associated with permanent crops,93,94,2,2,LC_GrazedCharacteristic,lccs3_type,,,LC_Grazing,,,,,
L16,characteristic,92,241,Annual crops associated with permanent crops,93,94,2,2,LC_GrazedCharacteristic,description,,,Describe the grazing,,,,,
L16,characteristic,92,241,Annual crops associated with permanent crops,93,94,2,2,LC_GrazedCharacteristic,name,,,Grazing,,,,,
L16,stratum,92,241,Annual crops associated with permanent crops,93,9A,,,,description,,,Vegetation 2,,,,,
L16,stratum,92,241,Annual crops associated with permanent crops,93,9A,,,,name,,,Vegetation 2,,,,,
L16,stratum,92,241,Annual crops associated with permanent crops,93,9A,,,,presence_type,,,Mandatory,,,,,
L16,stratum,92,241,Annual crops associated with permanent crops,93,9A,,,,@ontop,,,0,,,,,
L16,element,92,241,Annual crops associated with permanent crops,93,9A,1,,LC_WoodyGrowthForm,lccs3_type,,,LC_WoodyGrowthForms,,,,,
L16,element,92,241,Annual crops associated with permanent crops,93,9A,1,,LC_WoodyGrowthForm,description,,,Describe a vegetation element of woody type,,,,,
L16,element,92,241,Annual crops associated with permanent crops,93,9A,1,,LC_WoodyGrowthForm,name,,,Woody Growth Forms,,,,,
L16,element,92,241,Annual crops associated with permanent crops,93,9A,1,,LC_WoodyGrowthForm,presence_type,,,Mandatory,,,,,
L16,characteristic,92,241,Annual crops associated with permanent crops,93,9A,1,1,LC_CultivatedAndManagedVegetationCharacteristics,lccs3_type,,,LC_CultivatedAndManagedVegetation,,,,,
L16,characteristic,92,241,Annual crops associated with permanent crops,93,9A,1,1,LC_CultivatedAndManagedVegetationCharacteristics,description,,,Describe the cultivated and managed vegetation,,,,,
L16,characteristic,92,241,Annual crops associated with permanent crops,93,9A,1,1,LC_CultivatedAndManagedVegetationCharacteristics,name,,,Cultivated And Managed Vegetation,,,,,
L16,class,9D,242,Complex cultivation pattern,,,,,,class_name,,,Complex cultivation pattern,,,,,
L16,class,9D,242,Complex cultivation pattern,,,,,,class_description,,,Describe the land cover class,,,,,
L16,class,9D,242,Complex cultivation pattern,,,,,,class_map_code,,,242,,,,,
L16,class,9D,242,Complex cultivation pattern,,,,,,uuid,,,93cee543-1d60-11df-9e1c-001a922cdb65,,,,,
L16,hp,9D,242,Complex cultivation pattern,9E,,,,,description,,,Describe the horizontal pattern,,,,,
L16,hp,9D,242,Complex cultivation pattern,9E,,,,,name,,,Horizontal Pattern 1,,,,,
L16,stratum,9D,242,Complex cultivation pattern,9E,9F,,,,description,,,Vegetation 1,,,,,
L16,stratum,9D,242,Complex cultivation pattern,9E,9F,,,,name,,,Vegetation 1,,,,,
L16,stratum,9D,242,Complex cultivation pattern,9E,9F,,,,presence_type,,,Mandatory,,,,,
L16,stratum,9D,242,Complex cultivation pattern,9E,9F,,,,@ontop,,,0,,,,,
L16,element,9D,242,Complex cultivation pattern,9E,9F,1,,LC_HerbaceousGrowthForm,lccs3_type,,,LC_HerbaceousGrowthForms,,,,,
L16,element,9D,242,Complex cultivation pattern,9E,9F,1,,LC_HerbaceousGrowthForm,description,,,Describe a vegetation element of herbaceous growth form type,,,,,
L16,element,9D,242,Complex cultivation pattern,9E,9F,1,,LC_HerbaceousGrowthForm,name,,,Herbaceous growth forms,,,,,
L16,element,9D,242,Complex cultivation pattern,9E,9F,1,,LC_HerbaceousGrowthForm,presence_type,,,Mandatory,,,,,
L16,characteristic,9D,242,Complex cultivation pattern,9E,9F,1,1,LC_CultivatedAndManagedVegetationCharacteristics,lccs3_type,,,LC_CultivatedAndManagedVegetation,,,,,
L16,characteristic,9D,242,Complex cultivation pattern,9E,9F,1,1,LC_CultivatedAndManagedVegetationCharacteristics,description,,,Describe the cultivated and managed vegetation,,,,,
L16,characteristic,9D,242,Complex cultivation pattern,9E,9F,1,1,LC_CultivatedAndManagedVegetationCharacteristics,name,,,Cultivated And Managed Vegetation,,,,,
L16,characteristic,9D,242,Complex cultivation pattern,9E,9F,1,1,LC_CultivatedAndManagedVegetationCharacteristics,elements/LC_Characteristic[LC_FieldSize]/description,,,Describe the field size,,,,,
L16,characteristic,9D,242,Complex cultivation pattern,9E,9F,1,1,LC_CultivatedAndManagedVegetationCharacteristics,elements/LC_Characteristic[LC_FieldSize]/name,,,Field Size,,,,,
L16,characteristic,9D,242,Complex cultivation pattern,9E,9F,1,1,LC_CultivatedAndManagedVegetationCharacteristics,elements/LC_Characteristic[LC_FieldSize]/size,0.5,2.0,,,,,,
L16,hp,9D,242,Complex cultivation pattern,A3,,,,,description,,,Describe the horizontal pattern,,,,,
L16,hp,9D,242,Complex cultivation pattern,A3,,,,,name,,,Horizontal Pattern 2,,,,,
L16,stratum,9D,242,Complex cultivation pattern,A3,A4,,,,description,,,Vegetation 1,,,,,
L16,stratum,9D,242,Complex cultivation pattern,A3,A4,,,,name,,,Vegetation 1,,,,,
L16,stratum,9D,242,Complex cultivation pattern,A3,A4,,,,presence_type,,,Mandatory,,,,,
L16,stratum,9D,242,Complex cultivation pattern,A3,A4,,,,@ontop,,,0,,,,,
L16,element,9D,242,Complex cultivation pattern,A3,A4,1,,LC_HerbaceousGrowthForm,lccs3_type,,,LC_HerbaceousGrowthForms,,,,,
L16,element,9D,242,Complex cultivation pattern,A3,A4,1,,LC_HerbaceousGrowthForm,description,,,Describe a vegetation element of herbaceous growth form type,,,,,
L16,element,9D,242,Complex cultivation pattern,A3,A4,1,,LC_HerbaceousGrowthForm,name,,,Herbaceous growth forms,,,,,
L16,element,9D,242,Complex cultivation pattern,A3,A4,1,,LC_HerbaceousGrowthForm,presence_type,,,Mandatory,,,,,
L16,characteristic,9D,242,Complex cultivation pattern,A3,A4,1,1,LC_CultivatedAndManagedVegetationCharacteristics,lccs3_type,,,LC_CultivatedAndManagedVegetation,,,,,
L16,characteristic,9D,242,Complex cultivation pattern,A3,A4,1,1,LC_CultivatedAndManagedVegetationCharacteristics,description,,,Describe the cultivated and managed vegetation,,,,,
L16,characteristic,9D,242,Complex cultivation pattern,A3,A4,1,1,LC_CultivatedAndManagedVegetationCharacteristics,name,,,Cultivated And Managed Vegetation,,,,,
L16,characteristic,9D,242,Complex cultivation pattern,A3,A4,1,1,LC_CultivatedAndManagedVegetationCharacteristics,elements/LC_Characteristic[LC_FieldSize]/description,,,Describe the field size,,,,,
L16,characteristic,9D,242,Complex cultivation pattern,A3,A4,1,1,LC_CultivatedAndManagedVegetationCharacteristics,elements/LC_Characteristic[LC_FieldSize]/name,,,Field Size,,,,,
L16,characteristic,9D,242,Complex cultivation pattern,A3,A4,1,1,LC_CultivatedAndManagedVegetationCharacteristics,elements/LC_Characteristic[LC_FieldSize]/size,0.5,2.0,,,,,,
L16,characteristic,9D,242,Complex cultivation pattern,A3,A4,1,2,LC_GrazedCharacteristic,lccs3_type,,,LC_Grazing,,,,,
L16,characteristic,9D,242,Complex cultivation pattern,A3,A4,1,2,LC_GrazedCharacteristic,description,,,Describe the grazing,,,,,
L16,characteristic,9D,242,Complex cultivation pattern,A3,A4,1,2,LC_GrazedCharacteristic,name,,,Grazing,,,,,
L16,hp,9D,242,Complex cultivation pattern,A9,,,,,description,,,Describe the horizontal pattern,,,,,
L16,hp,9D,242,Complex cultivation pattern,A9,,,,,name,,,Horizontal Pattern 3,,,,,
L16,stratum,9D,242,Complex cultivation pattern,A9,AA,,,,description,,,Vegetation 1,,,,,
L16,stratum,9D,242,Complex cultivation pattern,A9,AA,,,,name,,,Vegetation 1,,,,,
L16,stratum,9D,242,Complex cultivation pattern,A9,AA,,,,presence_type,,,Mandatory,,,,,
L16,stratum,9D,242,Complex cultivation pattern,A9,AA,,,,@ontop,,,0,,,,,
L16,element,9D,242,Complex cultivation pattern,A9,AA,1,,LC_WoodyGrowthForm,lccs3_type,,,LC_WoodyGrowthForms,,,,,
L16,element,9D,242,Complex cultivation pattern,A9,AA,1,,LC_WoodyGrowthForm,description,,,Describe a vegetation element of woody type,,,,,
L16,element,9D,242,Complex cultivation pattern,A9,AA,1,,LC_WoodyGrowthForm,name,,,Woody Growth Forms,,,,,
L16,element,9D,242,Complex cultivation pattern,A9,AA,1,,LC_WoodyGrowthForm,presence_type,,,Mandatory,,,,,
L16,characteristic,9D,242,Complex cultivation pattern,A9,AA,1,1,LC_CultivatedAndManagedVegetationCharacteristics,lccs3_type,,,LC_CultivatedAndManagedVegetation,,,,,
L16,characteristic,9D,242,Complex cultivation pattern,A9,AA,1,1,LC_CultivatedAndManagedVegetationCharacteristics,description,,,Describe the cultivated and managed vegetation,,,,,
L16,characteristic,9D,242,Complex cultivation pattern,A9,AA,1,1,LC_CultivatedAndManagedVegetationCharacteristics,name,,,Cultivated And Managed Vegetation,,,,,
L16,characteristic,9D,242,Complex cultivation pattern,A9,AA,1,1,LC_CultivatedAndManagedVegetationCharacteristics,elements/LC_Characteristic[LC_OrchardAndOtherPlantation]/description,,,Describe the orchard and other plantation,,,,,
L16,characteristic,9D,242,Complex cultivation pattern,A9,AA,1,1,LC_CultivatedAndManagedVegetationCharacteristics,elements/LC_Characteristic[LC_OrchardAndOtherPlantation]/name,,,Orchard And Other Plantation,,,,,
L16,characteristic,9D,242,Complex cultivation pattern,A9,AA,1,1,LC_CultivatedAndManagedVegetationCharacteristics,elements/LC_Characteristic[LC_FieldSize]/description,,,Describe the field size,,,,,
L16,characteristic,9D,242,Complex cultivation pattern,A9,AA,1,1,LC_CultivatedAndManagedVegetationCharacteristics,elements/LC_Characteristic[LC_FieldSize]/name,,,Field Size,,,,,
L16,characteristic,9D,242,Complex cultivation pattern,A9,AA,1,1,LC_CultivatedAndManagedVegetationCharacteristics,elements/LC_Characteristic[LC_FieldSize]/size,0.5,2.0,,,,,,
L16,class,AF,243,Land principally occupied by agriculture with significant areas of natural vegetation,,,,,,class_name,,,Land principally occupied by agriculture with significant areas of natural vegetation,,,,,
L16,class,AF,243,Land principally occupied by agriculture with significant areas of natural vegetation,,,,,,class_description,,,Describe the land cover class,,,,,
L16,class,AF,243,Land principally occupied by agriculture with significant areas of natural vegetation,,,,,,class_map_code,,,243,,,,,
L16,class,AF,243,Land principally occupied by agriculture with significant areas of natural vegetation,,,,,,uuid,,,943bd7e3-1d60-11df-9e1c-001a922cdb65,,,,,
L16,hp,AF,243,Land principally occupied by agriculture with significant areas of natural vegetation,B0,,,,,description,,,Describe the horizontal pattern,,,,,
L16,hp,AF,243,Land principally occupied by agriculture with significant areas of natural vegetation,B0,,,,,name,,,Horizontal Pattern 1,,,,,
L16,hp,AF,243,Land principally occupied by agriculture with significant areas of natural vegetation,B0,,,,,cover,25.0,75.0,,,,,,
L16,hp,AF,243,Land principally occupied by agriculture with significant areas of natural vegetation,B0,,,,,occurance,0.0,0.0,,,,,,
L16,stratum,AF,243,Land principally occupied by agriculture with significant areas of natural vegetation,B0,B1,,,,description,,,Vegetation 1,,,,,
L16,stratum,AF,243,Land principally occupied by agriculture with significant areas of natural vegetation,B0,B1,,,,name,,,Vegetation 1,,,,,
L16,stratum,AF,243,Land principally occupied by agriculture with significant areas of natural vegetation,B0,B1,,,,presence_type,,,Mandatory,,,,,
L16,stratum,AF,243,Land principally occupied by agriculture with significant areas of natural vegetation,B0,B1,,,,@ontop,,,0,,,,,
L16,element,AF,243,Land principally occupied by agriculture with significant areas of natural vegetation,B0,B1,1,,LC_WoodyGrowthForm,lccs3_type,,,LC_WoodyGrowthForms,,,,,
L16,element,AF,243,Land principally occupied by agriculture with significant areas of natural vegetation,B0,B1,1,,LC_WoodyGrowthForm,description,,,Describe a vegetation element of woody type,,,,,
L16,element,AF,243,Land principally occupied by agriculture with significant areas of natural vegetation,B0,B1,1,,LC_WoodyGrowthForm,name,,,Woody Growth Forms,,,,,
L16,element,AF,243,Land principally occupied by agriculture with significant areas of natural vegetation,B0,B1,1,,LC_WoodyGrowthForm,presence_type,,,Exclusive,,,,,
L16,characteristic,AF,243,Land principally occupied by agriculture with significant areas of natural vegetation,B0,B1,1,1,LC_CultivatedAndManagedVegetationCharacteristics,lccs3_type,,,LC_CultivatedAndManagedVegetation,,,,,
L16,characteristic,AF,243,Land principally occupied by agriculture with significant areas of natural vegetation,B0,B1,1,1,LC_CultivatedAndManagedVegetationCharacteristics,description,,,Describe the cultivated and managed vegetation,,,,,
L16,characteristic,AF,243,Land principally occupied by agriculture with significant areas of natural vegetation,B0,B1,1,1,LC_CultivatedAndManagedVegetationCharacteristics,name,,,Cultivated And Managed Vegetation,,,,,
L16,element,AF,243,Land principally occupied by agriculture with significant areas of natural vegetation,B0,B1,2,,LC_HerbaceousGrowthForm,lccs3_type,,,LC_HerbaceousGrowthForms,,,,,
L16,element,AF,243,Land principally occupied by agriculture with significant areas of natural vegetation,B0,B1,2,,LC_HerbaceousGrowthForm,description,,,Describe a vegetation element of herbaceous growth form type,,,,,
L16,element,AF,243,Land principally occupied by agriculture with significant areas of natural vegetation,B0,B1,2,,LC_HerbaceousGrowthForm,name,,,Herbaceous growth forms,,,,,
L16,element,AF,243,Land principally occupied by agriculture with significant areas of natural vegetation,B0,B1,2,,LC_HerbaceousGrowthForm,presence_type,,,Exclusive,,,,,
L16,characteristic,AF,243,Land principally occupied by agriculture with significant areas of natural vegetation,B0,B1,2,1,LC_CultivatedAndManagedVegetationCharacteristics,lccs3_type,,,LC_CultivatedAndManagedVegetation,,,,,
L16,characteristic,AF,243,Land principally occupied by agriculture with significant areas of natural vegetation,B0,B1,2,1,LC_CultivatedAndManagedVegetationCharacteristics,description,,,Describe the cultivated and managed vegetation,,,,,
L16,characteristic,AF,243,Land principally occupied by agriculture with significant areas of natural vegetation,B0,B1,2,1,LC_CultivatedAndManagedVegetationCharacteristics,name,,,Cultivated And Managed Vegetation,,,,,
L16,hp,AF,243,Land principally occupied by agriculture with significant areas of natural vegetation,B6,,,,,description,,,Describe the horizontal pattern,,,,,
L16,hp,AF,243,Land principally occupied by agriculture with significant areas of natural vegetation,B6,,,,,name,,,Horizontal Pattern 2,,,,,
L16,hp,AF,243,Land principally occupied by agriculture with significant areas of natural vegetation,B6,,,,,cover,25.0,75.0,,,,,,
L16,hp,AF,243,Land principally occupied by agriculture with significant areas of natural vegetation,B6,,,,,occurance,0.0,0.0,,,,,,
L16,stratum,AF,243,Land principally occupied by agriculture with significant areas of natural vegetation,B6,B7,,,,description,,,Vegetation 1,,,,,
L16,stratum,AF,243,Land principally occupied by agriculture with significant areas of natural vegetation,B6,B7,,,,name,,,Vegetation 1,,,,,
L16,stratum,AF,243,Land principally occupied by agriculture with significant areas of natural vegetation,B6,B7,,,,presence_type,,,Mandatory,,,,,
L16,stratum,AF,243,Land principally occupied by agriculture with significant areas of natural vegetation,B6,B7,,,,@ontop,,,0,,,,,
L16,element,AF,243,Land principally occupied by agriculture with significant areas of natural vegetation,B6,B7,1,,LC_HerbaceousGrowthForm,lccs3_type,,,LC_HerbaceousGrowthForms,,,,,
L16,element,AF,243,Land principally occupied by agriculture with significant areas of natural vegetation,B6,B7,1,,LC_HerbaceousGrowthForm,description,,,Describe a vegetation element of herbaceous growth form type,,,,,
L16,element,AF,243,Land principally occupied by agriculture with significant areas of natural vegetation,B6,B7,1,,LC_HerbaceousGrowthForm,name,,,Herbaceous growth forms,,,,,
L16,element,AF,243,Land principally occupied by agriculture with significant areas of natural vegetation,B6,B7,1,,LC_HerbaceousGrowthForm,presence_type,,,Mandatory,,,,,
L16,characteristic,AF,243,Land principally occupied by agriculture with significant areas of natural vegetation,B6,B7,1,1,LC_CultivatedAndManagedVegetationCharacteristics,lccs3_type,,,LC_CultivatedAndManagedVegetation,,,,,
L16,characteristic,AF,243,Land principally occupied by agriculture with significant areas of natural vegetation,B6,B7,1,1,LC_CultivatedAndManagedVegetationCharacteristics,description,,,Describe the cultivated and managed vegetation,,,,,
L16,characteristic,AF,243,Land principally occupied by agriculture with significant areas of natural vegetation,B6,B7,1,1,LC_CultivatedAndManagedVegetationCharacteristics,name,,,Cultivated And Managed Vegetation,,,,,
L16,hp,AF,243,Land principally occupied by agriculture with significant areas of natural vegetation,BA,,,,,description,,,Describe the horizontal pattern,,,,,
L16,hp,AF,243,Land principally occupied by agriculture with significant areas of natural vegetation,BA,,,,,name,,,Horizontal Pattern 3,,,,,
L16,hp,AF,243,Land principally occupied by agriculture with significant areas of natural vegetation,BA,,,,,cover,1.0,25.0,,,,,,
L16,stratum,AF,243,Land principally occupied by agriculture with significant areas of natural vegetation,BA,BB,,,,description,,,Abiotic surface 1,,,,,
L16,stratum,AF,243,Land principally occupied by agriculture with significant areas of natural vegetation,BA,BB,,,,name,,,Abiotic surface 1,,,,,
L16,stratum,AF,243,Land principally occupied by agriculture with significant areas of natural vegetation,BA,BB,,,,presence_type,,,Mandatory,,,,,
L16,stratum,AF,243,Land principally occupied by agriculture with significant areas of natural vegetation,BA,BB,,,,@ontop,,,0,,,,,
L16,element,AF,243,Land principally occupied by agriculture with significant areas of natural vegetation,BA,BB,1,,LC_VegetationElement,lccs3_type,,,LC_Vegetation,,,,,
L16,element,AF,243,Land principally occupied by agriculture with significant areas of natural vegetation,BA,BB,1,,LC_VegetationElement,description,,,Describe a generic vegetation element,,,,,
L16,element,AF,243,Land principally occupied by agriculture with significant areas of natural vegetation,BA,BB,1,,LC_VegetationElement,name,,,Vegetation,,,,,
L16,element,AF,243,Land principally occupied by agriculture with significant areas of natural vegetation,BA,BB,1,,LC_VegetationElement,presence_type,,,Mandatory,,,,,
L16,characteristic,AF,243,Land principally occupied by agriculture with significant areas of natural vegetation,BA,BB,1,1,LC_VegetationArtificialityCharacteristic,lccs3_type,,,LC_NaturalOrSeminaturalVegetation,,,,,value: Natural or Seminatural
L16,characteristic,AF,243,Land principally occupied by agriculture with significant areas of natural vegetation,BA,BB,1,1,LC_VegetationArtificialityCharacteristic,description,,,Describe the natural or seminatural vegetation,,,,,
L16,characteristic,AF,243,Land principally occupied by agriculture with significant areas of natural vegetation,BA,BB,1,1,LC_VegetationArtificialityCharacteristic,name,,,Natural Or Seminatural Vegetation,,,,,
L16,hp,AF,243,Land principally occupied by agriculture with significant areas of natural vegetation,16C,,,,,description,,,Describe the horizontal pattern,,,,,
L16,hp,AF,243,Land principally occupied by agriculture with significant areas of natural vegetation,16C,,,,,name,,,Horizontal Pattern 4,,,,,
L16,hp,AF,243,Land principally occupied by agriculture with significant areas of natural vegetation,16C,,,,,cover,1.0,25.0,,,,,,
L16,stratum,AF,243,Land principally occupied by agriculture with significant areas of natural vegetation,16C,16D,,,,description,,,Abiotic surface 1,,,,,
L16,stratum,AF,243,Land principally occupied by agriculture with significant areas of natural vegetation,16C,16D,,,,name,,,Stratum 1,,,,,
L16,stratum,AF,243,Land principally occupied by agriculture with significant areas of natural vegetation,16C,16D,,,,presence_type,,,Mandatory,,,,,
L16,stratum,AF,243,Land principally occupied by agriculture with significant areas of natural vegetation,16C,16D,,,,@ontop,,,0,,,,,
L16,element,AF,243,Land principally occupied by agriculture with significant areas of natural vegetation,16C,16D,1,,LC_WaterBodyAndAssociatedSurfaceElement,lccs3_type,,,LC_WaterBodyAndAssociatedSurface,,,,,
L16,element,AF,243,Land principally occupied by agriculture with significant areas of natural vegetation,16C,16D,1,,LC_WaterBodyAndAssociatedSurfaceElement,description,,,Describe an abiotic surface element of water body and associated type,,,,,
L16,element,AF,243,Land principally occupied by agriculture with significant areas of natural vegetation,16C,16D,1,,LC_WaterBodyAndAssociatedSurfaceElement,name,,,Water Body and Associated Surface,,,,,
L16,element,AF,243,Land principally occupied by agriculture with significant areas of natural vegetation,16C,16D,1,,LC_WaterBodyAndAssociatedSurfaceElement,presence_type,,,Mandatory,,,,,
L16,class,BE,244,Agroforestry areas,,,,,,class_name,,,Agroforestry areas,,,,,
L16,class,BE,244,Agroforestry areas,,,,,,class_description,,,Describe the land cover class,,,,,
L16,class,BE,244,Agroforestry areas,,,,,,class_map_code,,,244,,,,,
L16,class,BE,244,Agroforestry areas,,,,,,uuid,,,22d5c643-1d62-11df-b719-001a922cdb65,,,,,
L16,hp,BE,244,Agroforestry areas,BF,,,,,description,,,Describe the horizontal pattern,,,,,
L16,hp,BE,244,Agroforestry areas,BF,,,,,name,,,Horizontal Pattern 1,,,,,
L16,stratum,BE,244,Agroforestry areas,BF,C0,,,,description,,,Vegetation 1,,,,,
L16,stratum,BE,244,Agroforestry areas,BF,C0,,,,name,,,Vegetation 1,,,,,
L16,stratum,BE,244,Agroforestry areas,BF,C0,,,,presence_type,,,Mandatory,,,,,
L16,stratum,BE,244,Agroforestry areas,BF,C0,,,,@ontop,,,0,,,,,
L16,element,BE,244,Agroforestry areas,BF,C0,1,,LC_HerbaceousGrowthForm,lccs3_type,,,LC_HerbaceousGrowthForms,,,,,
L16,element,BE,244,Agroforestry areas,BF,C0,1,,LC_HerbaceousGrowthForm,description,,,Describe a vegetation element of herbaceous growth form type,,,,,
L16,element,BE,244,Agroforestry areas,BF,C0,1,,LC_HerbaceousGrowthForm,name,,,Herbaceous growth forms,,,,,
L16,element,BE,244,Agroforestry areas,BF,C0,1,,LC_HerbaceousGrowthForm,presence_type,,,Exclusive,,,,,
L16,characteristic,BE,244,Agroforestry areas,BF,C0,1,1,LC_CultivatedAndManagedVegetationCharacteristics,lccs3_type,,,LC_CultivatedAndManagedVegetation,,,,,
L16,characteristic,BE,244,Agroforestry areas,BF,C0,1,1,LC_CultivatedAndManagedVegetationCharacteristics,description,,,Describe the cultivated and managed vegetation,,,,,
L16,characteristic,BE,244,Agroforestry areas,BF,C0,1,1,LC_CultivatedAndManagedVegetationCharacteristics,name,,,Cultivated And Managed Vegetation,,,,,
L16,element,BE,244,Agroforestry areas,BF,C0,2,,LC_HerbaceousGrowthForm,lccs3_type,,,LC_HerbaceousGrowthForms,,,,,
L16,element,BE,244,Agroforestry areas,BF,C0,2,,LC_HerbaceousGrowthForm,description,,,Describe a vegetation element of herbaceous growth form type,,,,,
L16,element,BE,244,Agroforestry areas,BF,C0,2,,LC_HerbaceousGrowthForm,name,,,Herbaceous growth forms,,,,,
L16,element,BE,244,Agroforestry areas,BF,C0,2,,LC_HerbaceousGrowthForm,presence_type,,,Exclusive,,,,,
L16,characteristic,BE,244,Agroforestry areas,BF,C0,2,1,LC_GrazedCharacteristic,lccs3_type,,,LC_Grazing,,,,,
L16,characteristic,BE,244,Agroforestry areas,BF,C0,2,1,LC_GrazedCharacteristic,description,,,Describe the grazing,,,,,
L16,characteristic,BE,244,Agroforestry areas,BF,C0,2,1,LC_GrazedCharacteristic,name,,,Grazing,,,,,
L16,stratum,BE,244,Agroforestry areas,BF,C6,,,,description,,,Vegetation 2,,,,,
L16,stratum,BE,244,Agroforestry areas,BF,C6,,,,name,,,Vegetation 2,,,,,
L16,stratum,BE,244,Agroforestry areas,BF,C6,,,,presence_type,,,Mandatory,,,,,
L16,stratum,BE,244,Agroforestry areas,BF,C6,,,,@ontop,,,0,,,,,
L16,element,BE,244,Agroforestry areas,BF,C6,1,,LC_Tree,lccs3_type,,,LC_Trees,,,,,
L16,element,BE,244,Agroforestry areas,BF,C6,1,,LC_Tree,description,,,Describe a vegetation element of trees type,,,,,
L16,element,BE,244,Agroforestry areas,BF,C6,1,,LC_Tree,name,,,Trees,,,,,
L16,element,BE,244,Agroforestry areas,BF,C6,1,,LC_Tree,presence_type,,,Mandatory,,,,,
L16,characteristic,BE,244,Agroforestry areas,BF,C6,1,1,LC_VegetationArtificialityCharacteristic,lccs3_type,,,LC_NaturalOrSeminaturalVegetation,,,,,value: Natural or Seminatural
L16,characteristic,BE,244,Agroforestry areas,BF,C6,1,1,LC_VegetationArtificialityCharacteristic,description,,,Describe the natural or seminatural vegetation,,,,,
L16,characteristic,BE,244,Agroforestry areas,BF,C6,1,1,LC_VegetationArtificialityCharacteristic,name,,,Natural Or Seminatural Vegetation,,,,,
L16,class,C9,311,Broadleaved forest,,,,,,class_name,,,Broadleaved forest,,,,,
L16,class,C9,311,Broadleaved forest,,,,,,class_description,,,Describe the land cover class,,,,,
L16,class,C9,311,Broadleaved forest,,,,,,class_map_code,,,311,,,,,
L16,class,C9,311,Broadleaved forest,,,,,,uuid,,,23158e63-1d62-11df-b719-001a922cdb65,,,,,
L16,hp,C9,311,Broadleaved forest,CA,,,,,description,,,Describe the horizontal pattern,,,,,
L16,hp,C9,311,Broadleaved forest,CA,,,,,name,,,Horizontal Pattern 1,,,,,
L16,stratum,C9,311,Broadleaved forest,CA,CB,,,,description,,,Vegetation 1,,,,,
L16,stratum,C9,311,Broadleaved forest,CA,CB,,,,name,,,Vegetation 1,,,,,
L16,stratum,C9,311,Broadleaved forest,CA,CB,,,,presence_type,,,Mandatory,,,,,
L16,stratum,C9,311,Broadleaved forest,CA,CB,,,,@ontop,,,0,,,,,
L16,element,C9,311,Broadleaved forest,CA,CB,1,,LC_Tree,lccs3_type,,,LC_Trees,,,,,
L16,element,C9,311,Broadleaved forest,CA,CB,1,,LC_Tree,description,,,Describe a vegetation element of trees type,,,,,
L16,element,C9,311,Broadleaved forest,CA,CB,1,,LC_Tree,name,,,Trees,,,,,
L16,element,C9,311,Broadleaved forest,CA,CB,1,,LC_Tree,presence_type,,,Mandatory,,,,,
L16,element,C9,311,Broadleaved forest,CA,CB,1,,LC_Tree,cover,30.0,100.0,,,,,,
L16,element,C9,311,Broadleaved forest,CA,CB,1,,LC_Tree,LC_WoodyGrowthLeafType[LC_WoodyGrowthLeafType]/description,,,Contains the elements of Woody Growth Leaf Type,,,,,
L16,element,C9,311,Broadleaved forest,CA,CB,1,,LC_Tree,LC_WoodyGrowthLeafType[LC_WoodyGrowthLeafType]/name,,,Woody Growth Leaf Type,,,,,
L16,element,C9,311,Broadleaved forest,CA,CB,1,,LC_Tree,LC_WoodyGrowthLeafType[LC_WoodyGrowthLeafType]/elements/LC_WoodyLeafType[LC_Broadleaved]/description,,,Describe a Broadleaved type element,,,,,
L16,element,C9,311,Broadleaved forest,CA,CB,1,,LC_Tree,LC_WoodyGrowthLeafType[LC_WoodyGrowthLeafType]/elements/LC_WoodyLeafType[LC_Broadleaved]/name,,,Broadleaved,,,,,
L16,element,C9,311,Broadleaved forest,CA,CB,1,,LC_Tree,LC_WoodyGrowthLeafType[LC_WoodyGrowthLeafType]/elements/LC_WoodyLeafType[LC_Broadleaved]/percentage,75.0,100.0,,,,,,
L16,characteristic,C9,311,Broadleaved forest,CA,CB,1,1,LC_VegetationArtificialityCharacteristic,lccs3_type,,,LC_NaturalOrSeminaturalVegetation,,,,,value: Natural or Seminatural
L16,characteristic,C9,311,Broadleaved forest,CA,CB,1,1,LC_VegetationArtificialityCharacteristic,description,,,Describe the natural or seminatural vegetation,,,,,
L16,characteristic,C9,311,Broadleaved forest,CA,CB,1,1,LC_VegetationArtificialityCharacteristic,name,,,Natural Or Seminatural Vegetation,,,,,
L16,stratum,C9,311,Broadleaved forest,CA,CE,,,,description,,,Vegetation 2,,,,,
L16,stratum,C9,311,Broadleaved forest,CA,CE,,,,name,,,Vegetation 2,,,,,
L16,stratum,C9,311,Broadleaved forest,CA,CE,,,,presence_type,,,Optional,,,,,
L16,stratum,C9,311,Broadleaved forest,CA,CE,,,,@ontop,,,0,,,,,
L16,element,C9,311,Broadleaved forest,CA,CE,1,,LC_Shrub,lccs3_type,,,LC_Shrubs,,,,,
L16,element,C9,311,Broadleaved forest,CA,CE,1,,LC_Shrub,description,,,Describe a vegetation element of shrubs type,,,,,
L16,element,C9,311,Broadleaved forest,CA,CE,1,,LC_Shrub,name,,,Shrubs,,,,,
L16,element,C9,311,Broadleaved forest,CA,CE,1,,LC_Shrub,presence_type,,,Mandatory,,,,,
L16,characteristic,C9,311,Broadleaved forest,CA,CE,1,1,LC_VegetationArtificialityCharacteristic,lccs3_type,,,LC_NaturalOrSeminaturalVegetation,,,,,value: Natural or Seminatural
L16,characteristic,C9,311,Broadleaved forest,CA,CE,1,1,LC_VegetationArtificialityCharacteristic,description,,,Describe the natural or seminatural vegetation,,,,,
L16,characteristic,C9,311,Broadleaved forest,CA,CE,1,1,LC_VegetationArtificialityCharacteristic,name,,,Natural Or Seminatural Vegetation,,,,,
L16,class,D1,312,Coniferous forest,,,,,,class_name,,,Coniferous forest,,,,,
L16,class,D1,312,Coniferous forest,,,,,,class_description,,,Describe the land cover class,,,,,
L16,class,D1,312,Coniferous forest,,,,,,class_map_code,,,312,,,,,
L16,class,D1,312,Coniferous forest,,,,,,uuid,,,2371b823-1d62-11df-b719-001a922cdb65,,,,,
L16,hp,D1,312,Coniferous forest,D2,,,,,description,,,Describe the horizontal pattern,,,,,
L16,hp,D1,312,Coniferous forest,D2,,,,,name,,,Horizontal Pattern 1,,,,,
L16,stratum,D1,312,Coniferous forest,D2,D3,,,,description,,,Vegetation 1,,,,,
L16,stratum,D1,312,Coniferous forest,D2,D3,,,,name,,,Vegetation 1,,,,,
L16,stratum,D1,312,Coniferous forest,D2,D3,,,,presence_type,,,Mandatory,,,,,
L16,stratum,D1,312,Coniferous forest,D2,D3,,,,@ontop,,,0,,,,,
L16,element,D1,312,Coniferous forest,D2,D3,1,,LC_Tree,lccs3_type,,,LC_Trees,,,,,
L16,element,D1,312,Coniferous forest,D2,D3,1,,LC_Tree,description,,,Describe a vegetation element of trees type,,,,,
L16,element,D1,312,Coniferous forest,D2,D3,1,,LC_Tree,name,,,Trees,,,,,
L16,element,D1,312,Coniferous forest,D2,D3,1,,LC_Tree,presence_type,,,Mandatory,,,,,
L16,element,D1,312,Coniferous forest,D2,D3,1,,LC_Tree,cover,30.0,100.0,,,,,,
L16,element,D1,312,Coniferous forest,D2,D3,1,,LC_Tree,LC_WoodyGrowthLeafType[LC_WoodyGrowthLeafType]/description,,,Contains the elements of Woody Growth Leaf Type,,,,,
L16,element,D1,312,Coniferous forest,D2,D3,1,,LC_Tree,LC_WoodyGrowthLeafType[LC_WoodyGrowthLeafType]/name,,,Woody Growth Leaf Type,,,,,
L16,element,D1,312,Coniferous forest,D2,D3,1,,LC_Tree,LC_WoodyGrowthLeafType[LC_WoodyGrowthLeafType]/elements/LC_WoodyLeafType[LC_Needleleaved]/description,,,Describe a Needleleaved type element,,,,,
L16,element,D1,312,Coniferous forest,D2,D3,1,,LC_Tree,LC_WoodyGrowthLeafType[LC_WoodyGrowthLeafType]/elements/LC_WoodyLeafType[LC_Needleleaved]/name,,,Needleleaved,,,,,
L16,element,D1,312,Coniferous forest,D2,D3,1,,LC_Tree,LC_WoodyGrowthLeafType[LC_WoodyGrowthLeafType]/elements/LC_WoodyLeafType[LC_Needleleaved]/percentage,75.0,100.0,,,,,,
L16,characteristic,D1,312,Coniferous forest,D2,D3,1,1,LC_VegetationArtificialityCharacteristic,lccs3_type,,,LC_NaturalOrSeminaturalVegetation,,,,,value: Natural or Seminatural
L16,characteristic,D1,312,Coniferous forest,D2,D3,1,1,LC_VegetationArtificialityCharacteristic,description,,,Describe the natural or seminatural vegetation,,,,,
L16,characteristic,D1,312,Coniferous forest,D2,D3,1,1,LC_VegetationArtificialityCharacteristic,name,,,Natural Or Seminatural Vegetation,,,,,
L16,stratum,D1,312,Coniferous forest,D2,D6,,,,description,,,Vegetation 2,,,,,
L16,stratum,D1,312,Coniferous forest,D2,D6,,,,name,,,Vegetation 2,,,,,
L16,stratum,D1,312,Coniferous forest,D2,D6,,,,presence_type,,,Optional,,,,,
L16,stratum,D1,312,Coniferous forest,D2,D6,,,,@ontop,,,0,,,,,
L16,element,D1,312,Coniferous forest,D2,D6,1,,LC_Shrub,lccs3_type,,,LC_Shrubs,,,,,
L16,element,D1,312,Coniferous forest,D2,D6,1,,LC_Shrub,description,,,Describe a vegetation element of shrubs type,,,,,
L16,element,D1,312,Coniferous forest,D2,D6,1,,LC_Shrub,name,,,Shrubs,,,,,
L16,element,D1,312,Coniferous forest,D2,D6,1,,LC_Shrub,presence_type,,,Mandatory,,,,,
L16,characteristic,D1,312,Coniferous forest,D2,D6,1,1,LC_VegetationArtificialityCharacteristic,lccs3_type,,,LC_NaturalOrSeminaturalVegetation,,,,,value: Natural or Seminatural
L16,characteristic,D1,312,Coniferous forest,D2,D6,1,1,LC_VegetationArtificialityCharacteristic,description,,,Describe the natural or seminatural vegetation,,,,,
L16,characteristic,D1,312,Coniferous forest,D2,D6,1,1,LC_VegetationArtificialityCharacteristic,name,,,Natural Or Seminatural Vegetation,,,,,
L16,class,D9,313,Mixed forest,,,,,,class_name,,,Mixed forest,,,,,
L16,class,D9,313,Mixed forest,,,,,,class_description,,,Describe the land cover class,,,,,
L16,class,D9,313,Mixed forest,,,,,,class_map_code,,,313,,,,,
L16,class,D9,313,Mixed forest,,,,,,uuid,,,23b66243-1d62-11df-b719-001a922cdb65,,,,,
L16,hp,D9,313,Mixed forest,DA,,,,,description,,,Describe the horizontal pattern,,,,,
L16,hp,D9,313,Mixed forest,DA,,,,,name,,,Horizontal Pattern 1,,,,,
L16,stratum,D9,313,Mixed forest,DA,DB,,,,description,,,Vegetation 1,,,,,
L16,stratum,D9,313,Mixed forest,DA,DB,,,,name,,,Vegetation 1,,,,,
L16,stratum,D9,313,Mixed forest,DA,DB,,,,presence_type,,,Mandatory,,,,,
L16,stratum,D9,313,Mixed forest,DA,DB,,,,@ontop,,,0,,,,,
L16,element,D9,313,Mixed forest,DA,DB,1,,LC_Tree,lccs3_type,,,LC_Trees,,,,,
L16,element,D9,313,Mixed forest,DA,DB,1,,LC_Tree,description,,,Describe a vegetation element of trees type,,,,,
L16,element,D9,313,Mixed forest,DA,DB,1,,LC_Tree,name,,,Trees,,,,,
L16,element,D9,313,Mixed forest,DA,DB,1,,LC_Tree,presence_type,,,Mandatory,,,,,
L16,element,D9,313,Mixed forest,DA,DB,1,,LC_Tree,cover,30.0,100.0,,,,,,
L16,element,D9,313,Mixed forest,DA,DB,1,,LC_Tree,LC_WoodyGrowthLeafType[LC_WoodyGrowthLeafType]/description,,,Contains the elements of Woody Growth Leaf Type,,,,,
L16,element,D9,313,Mixed forest,DA,DB,1,,LC_Tree,LC_WoodyGrowthLeafType[LC_WoodyGrowthLeafType]/name,,,Woody Growth Leaf Type,,,,,
L16,element,D9,313,Mixed forest,DA,DB,1,,LC_Tree,LC_WoodyGrowthLeafType[LC_WoodyGrowthLeafType]/elements/LC_WoodyLeafType[LC_Broadleaved]/description,,,Describe a Broadleaved type element,,,,,
L16,element,D9,313,Mixed forest,DA,DB,1,,LC_Tree,LC_WoodyGrowthLeafType[LC_WoodyGrowthLeafType]/elements/LC_WoodyLeafType[LC_Broadleaved]/name,,,Broadleaved,,,,,
L16,element,D9,313,Mixed forest,DA,DB,1,,LC_Tree,LC_WoodyGrowthLeafType[LC_WoodyGrowthLeafType]/elements/LC_WoodyLeafType[LC_Broadleaved]/percentage,25.0,75.0,,,,,,
L16,element,D9,313,Mixed forest,DA,DB,1,,LC_Tree,LC_WoodyGrowthLeafType[LC_WoodyGrowthLeafType]/elements/LC_WoodyLeafType[LC_Needleleaved]/description,,,Describe a Needleleaved type element,,,,,
L16,element,D9,313,Mixed forest,DA,DB,1,,LC_Tree,LC_WoodyGrowthLeafType[LC_WoodyGrowthLeafType]/elements/LC_WoodyLeafType[LC_Needleleaved]/name,,,Needleleaved,,,,,
L16,element,D9,313,Mixed forest,DA,DB,1,,LC_Tree,LC_WoodyGrowthLeafType[LC_WoodyGrowthLeafType]/elements/LC_WoodyLeafType[LC_Needleleaved]/percentage,25.0,75.0,,,,,,
L16,characteristic,D9,313,Mixed forest,DA,DB,1,1,LC_VegetationArtificialityCharacteristic,lccs3_type,,,LC_NaturalOrSeminaturalVegetation,,,,,value: Natural or Seminatural
L16,characteristic,D9,313,Mixed forest,DA,DB,1,1,LC_VegetationArtificialityCharacteristic,description,,,Describe the natural or seminatural vegetation,,,,,
L16,characteristic,D9,313,Mixed forest,DA,DB,1,1,LC_VegetationArtificialityCharacteristic,name,,,Natural Or Seminatural Vegetation,,,,,
L16,stratum,D9,313,Mixed forest,DA,DE,,,,description,,,Vegetation 2,,,,,
L16,stratum,D9,313,Mixed forest,DA,DE,,,,name,,,Vegetation 2,,,,,
L16,stratum,D9,313,Mixed forest,DA,DE,,,,presence_type,,,Optional,,,,,
L16,stratum,D9,313,Mixed forest,DA,DE,,,,@ontop,,,0,,,,,
L16,element,D9,313,Mixed forest,DA,DE,1,,LC_Shrub,lccs3_type,,,LC_Shrubs,,,,,
L16,element,D9,313,Mixed forest,DA,DE,1,,LC_Shrub,description,,,Describe a vegetation element of shrubs type,,,,,
L16,element,D9,313,Mixed forest,DA,DE,1,,LC_Shrub,name,,,Shrubs,,,,,
L16,element,D9,313,Mixed forest,DA,DE,1,,LC_Shrub,presence_type,,,Mandatory,,,,,
L16,characteristic,D9,313,Mixed forest,DA,DE,1,1,LC_VegetationArtificialityCharacteristic,lccs3_type,,,LC_NaturalOrSeminaturalVegetation,,,,,value: Natural or Seminatural
L16,characteristic,D9,313,Mixed forest,DA,DE,1,1,LC_VegetationArtificialityCharacteristic,description,,,Describe the natural or seminatural vegetation,,,,,
L16,characteristic,D9,313,Mixed forest,DA,DE,1,1,LC_VegetationArtificialityCharacteristic,name,,,Natural Or Seminatural Vegetation,,,,,
L16,class,E1,321,Natural grassland,,,,,,class_name,,,Natural grassland,,,,,
L16,class,E1,321,Natural grassland,,,,,,class_description,,,Describe the land cover class,,,,,
L16,class,E1,321,Natural grassland,,,,,,class_map_code,,,321,,,,,
L16,class,E1,321,Natural grassland,,,,,,uuid,,,2414d5f3-1d62-11df-b719-001a922cdb65,,,,,
L16,hp,E1,321,Natural grassland,E2,,,,,description,,,Describe the horizontal pattern,,,,,
L16,hp,E1,321,Natural grassland,E2,,,,,name,,,Horizontal Pattern 1,,,,,
L16,stratum,E1,321,Natural grassland,E2,E3,,,,description,,,Vegetation 1,,,,,
L16,stratum,E1,321,Natural grassland,E2,E3,,,,name,,,Vegetation 1,,,,,
L16,stratum,E1,321,Natural grassland,E2,E3,,,,presence_type,,,Mandatory,,,,,
L16,stratum,E1,321,Natural grassland,E2,E3,,,,@ontop,,,0,,,,,
L16,element,E1,321,Natural grassland,E2,E3,1,,LC_HerbaceousGrowthForm,lccs3_type,,,LC_HerbaceousGrowthForms,,,,,
L16,element,E1,321,Natural grassland,E2,E3,1,,LC_HerbaceousGrowthForm,description,,,Describe a vegetation element of herbaceous growth form type,,,,,
L16,element,E1,321,Natural grassland,E2,E3,1,,LC_HerbaceousGrowthForm,name,,,Herbaceous growth forms,,,,,
L16,element,E1,321,Natural grassland,E2,E3,1,,LC_HerbaceousGrowthForm,presence_type,,,Mandatory,,,,,
L16,characteristic,E1,321,Natural grassland,E2,E3,1,1,LC_VegetationArtificialityCharacteristic,lccs3_type,,,LC_NaturalOrSeminaturalVegetation,,,,,value: Natural or Seminatural
L16,characteristic,E1,321,Natural grassland,E2,E3,1,1,LC_VegetationArtificialityCharacteristic,description,,,Describe the natural or seminatural vegetation,,,,,
L16,characteristic,E1,321,Natural grassland,E2,E3,1,1,LC_VegetationArtificialityCharacteristic,name,,,Natural Or Seminatural Vegetation,,,,,
L16,class,E6,322,Moors and heathland,,,,,,class_name,,,Moors and heathland,,,,,
L16,class,E6,322,Moors and heathland,,,,,,class_description,,,Describe the land cover class,,,,,
L16,class,E6,322,Moors and heathland,,,,,,class_map_code,,,322,,,,,
L16,class,E6,322,Moors and heathland,,,,,,uuid,,,245bca03-1d62-11df-b719-001a922cdb65,,,,,
L16,hp,E6,322,Moors and heathland,E7,,,,,description,,,Describe the horizontal pattern,,,,,
L16,hp,E6,322,Moors and heathland,E7,,,,,name,,,Horizontal Pattern 1,,,,,
L16,hp,E6,322,Moors and heathland,E7,,,,,type,,,,,,,,
L16,stratum,E6,322,Moors and heathland,E7,E8,,,,description,,,Vegetation 1,,,,,
L16,stratum,E6,322,Moors and heathland,E7,E8,,,,name,,,Vegetation 1,,,,,
L16,stratum,E6,322,Moors and heathland,E7,E8,,,,presence_type,,,Optional,,,,,
L16,stratum,E6,322,Moors and heathland,E7,E8,,,,@ontop,,,0,,,,,
L16,element,E6,322,Moors and heathland,E7,E8,1,,LC_Shrub,lccs3_type,,,LC_Shrubs,,,,,
L16,element,E6,322,Moors and heathland,E7,E8,1,,LC_Shrub,description,,,Describe a vegetation element of shrubs type,,,,,
L16,element,E6,322,Moors and heathland,E7,E8,1,,LC_Shrub,name,,,Shrubs,,,,,
L16,element,E6,322,Moors and heathland,E7,E8,1,,LC_Shrub,presence_type,,,Mandatory,,,,,
L16,element,E6,322,Moors and heathland,E7,E8,1,,LC_Shrub,height,0.1,0.5,,,,,,
L16,characteristic,E6,322,Moors and heathland,E7,E8,1,1,LC_VegetationArtificialityCharacteristic,lccs3_type,,,LC_NaturalOrSeminaturalVegetation,,,,,value: Natural or Seminatural
L16,characteristic,E6,322,Moors and heathland,E7,E8,1,1,LC_VegetationArtificialityCharacteristic,description,,,Describe the natural or seminatural vegetation,,,,,
L16,characteristic,E6,322,Moors and heathland,E7,E8,1,1,LC_VegetationArtificialityCharacteristic,name,,,Natural Or Seminatural Vegetation,,,,,
L16,stratum,E6,322,Moors and heathland,E7,EB,,,,description,,,Vegetation 2,,,,,
L16,stratum,E6,322,Moors and heathland,E7,EB,,,,name,,,Vegetation 2,,,,,
L16,stratum,E6,322,Moors and heathland,E7,EB,,,,presence_type,,,Mandatory,,,,,
L16,stratum,E6,322,Moors and heathland,E7,EB,,,,@ontop,,,0,,,,,
L16,element,E6,322,Moors and heathland,E7,EB,1,,LC_HerbaceousGrowthForm,lccs3_type,,,LC_HerbaceousGrowthForms,,,,,
L16,element,E6,322,Moors and heathland,E7,EB,1,,LC_HerbaceousGrowthForm,description,,,Describe a vegetation element of herbaceous growth form type,,,,,
L16,element,E6,322,Moors and heathland,E7,EB,1,,LC_HerbaceousGrowthForm,name,,,Herbaceous growth forms,,,,,
L16,element,E6,322,Moors and heathland,E7,EB,1,,LC_HerbaceousGrowthForm,presence_type,,,Mandatory,,,,,
L16,characteristic,E6,322,Moors and heathland,E7,EB,1,1,LC_VegetationArtificialityCharacteristic,lccs3_type,,,LC_NaturalOrSeminaturalVegetation,,,,,value: Natural or Seminatural
L16,characteristic,E6,322,Moors and heathland,E7,EB,1,1,LC_VegetationArtificialityCharacteristic,description,,,Describe the natural or seminatural vegetation,,,,,
L16,characteristic,E6,322,Moors and heathland,E7,EB,1,1,LC_VegetationArtificialityCharacteristic,name,,,Natural Or Seminatural Vegetation,,,,,
L16,class,EE,323,Sclerophillous vegetation,,,,,,class_name,,,Sclerophillous vegetation,,,,,
L16,class,EE,323,Sclerophillous vegetation,,,,,,class_description,,,Describe the land cover class,,,,,
L16,class,EE,323,Sclerophillous vegetation,,,,,,class_map_code,,,323,,,,,
L16,class,EE,323,Sclerophillous vegetation,,,,,,uuid,,,24bf1fb5-1d62-11df-b719-001a922cdb65,,,,,
L16,hp,EE,323,Sclerophillous vegetation,EF,,,,,description,,,Describe the horizontal pattern,,,,,
L16,hp,EE,323,Sclerophillous vegetation,EF,,,,,name,,,Horizontal Pattern 1,,,,,
L16,stratum,EE,323,Sclerophillous vegetation,EF,F0,,,,description,,,Vegetation 1,,,,,
L16,stratum,EE,323,Sclerophillous vegetation,EF,F0,,,,name,,,Vegetation 1,,,,,
L16,stratum,EE,323,Sclerophillous vegetation,EF,F0,,,,presence_type,,,Mandatory,,,,,
L16,stratum,EE,323,Sclerophillous vegetation,EF,F0,,,,@ontop,,,0,,,,,
L16,element,EE,323,Sclerophillous vegetation,EF,F0,1,,LC_Shrub,lccs3_type,,,LC_Shrubs,,,,,
L16,element,EE,323,Sclerophillous vegetation,EF,F0,1,,LC_Shrub,description,,,Describe a vegetation element of shrubs type,,,,,
L16,element,EE,323,Sclerophillous vegetation,EF,F0,1,,LC_Shrub,name,,,Shrubs,,,,,
L16,element,EE,323,Sclerophillous vegetation,EF,F0,1,,LC_Shrub,presence_type,,,Mandatory,,,,,
L16,element,EE,323,Sclerophillous vegetation,EF,F0,1,,LC_Shrub,LC_WoodyGrowthLeafPhenology[LC_WoodyGrowthLeafPhenology]/description,,,Contains the elements of Woody Growth Leaf Phenology,,,,,
L16,element,EE,323,Sclerophillous vegetation,EF,F0,1,,LC_Shrub,LC_WoodyGrowthLeafPhenology[LC_WoodyGrowthLeafPhenology]/name,,,Woody Growth Leaf Phenology,,,,,
L16,element,EE,323,Sclerophillous vegetation,EF,F0,1,,LC_Shrub,LC_WoodyGrowthLeafPhenology[LC_WoodyGrowthLeafPhenology]/elements/LC_WoodyLeafPhenology[LC_Evergreen]/description,,,Describe an Evergreen leaf phenology element,,,,,
L16,element,EE,323,Sclerophillous vegetation,EF,F0,1,,LC_Shrub,LC_WoodyGrowthLeafPhenology[LC_WoodyGrowthLeafPhenology]/elements/LC_WoodyLeafPhenology[LC_Evergreen]/name,,,Evergreen,,,,,
L16,element,EE,323,Sclerophillous vegetation,EF,F0,1,,LC_Shrub,LC_WoodyGrowthLeafType[LC_WoodyGrowthLeafType]/description,,,Contains the elements of Woody Growth Leaf Type,,,,,
L16,element,EE,323,Sclerophillous vegetation,EF,F0,1,,LC_Shrub,LC_WoodyGrowthLeafType[LC_WoodyGrowthLeafType]/name,,,Woody Growth Leaf Type,,,,,
L16,element,EE,323,Sclerophillous vegetation,EF,F0,1,,LC_Shrub,LC_WoodyGrowthLeafType[LC_WoodyGrowthLeafType]/elements/LC_WoodyLeafType[LC_Broadleaved]/description,,,Describe a Broadleaved type element,,,,,
L16,element,EE,323,Sclerophillous vegetation,EF,F0,1,,LC_Shrub,LC_WoodyGrowthLeafType[LC_WoodyGrowthLeafType]/elements/LC_WoodyLeafType[LC_Broadleaved]/name,,,Broadleaved,,,,,
L16,element,EE,323,Sclerophillous vegetation,EF,F0,1,,LC_Shrub,height,0.2,4.0,,,,,,
L16,characteristic,EE,323,Sclerophillous vegetation,EF,F0,1,1,LC_VegetationArtificialityCharacteristic,lccs3_type,,,LC_NaturalOrSeminaturalVegetation,,,,,value: Natural or Seminatural
L16,characteristic,EE,323,Sclerophillous vegetation,EF,F0,1,1,LC_VegetationArtificialityCharacteristic,description,,,Describe the natural or seminatural vegetation,,,,,
L16,characteristic,EE,323,Sclerophillous vegetation,EF,F0,1,1,LC_VegetationArtificialityCharacteristic,name,,,Natural Or Seminatural Vegetation,,,,,
L16,stratum,EE,323,Sclerophillous vegetation,EF,F3,,,,description,,,Vegetation 2,,,,,
L16,stratum,EE,323,Sclerophillous vegetation,EF,F3,,,,name,,,Vegetation 2,,,,,
L16,stratum,EE,323,Sclerophillous vegetation,EF,F3,,,,presence_type,,,Optional,,,,,
L16,stratum,EE,323,Sclerophillous vegetation,EF,F3,,,,@ontop,,,0,,,,,
L16,element,EE,323,Sclerophillous vegetation,EF,F3,1,,LC_Tree,lccs3_type,,,LC_Trees,,,,,
L16,element,EE,323,Sclerophillous vegetation,EF,F3,1,,LC_Tree,description,,,Describe a vegetation element of trees type,,,,,
L16,element,EE,323,Sclerophillous vegetation,EF,F3,1,,LC_Tree,name,,,Trees,,,,,
L16,element,EE,323,Sclerophillous vegetation,EF,F3,1,,LC_Tree,presence_type,,,Mandatory,,,,,
L16,element,EE,323,Sclerophillous vegetation,EF,F3,1,,LC_Tree,cover,1.0,20.0,,,,,,
L16,element,EE,323,Sclerophillous vegetation,EF,F3,1,,LC_Tree,height,2.0,6.0,,,,,,
L16,class,F5,324,Transitional woodland-scrub,,,,,,class_name,,,Transitional woodland-scrub,,,,,
L16,class,F5,324,Transitional woodland-scrub,,,,,,class_description,,,Describe the land cover class,,,,,
L16,class,F5,324,Transitional woodland-scrub,,,,,,class_map_code,,,324,,,,,
L16,class,F5,324,Transitional woodland-scrub,,,,,,uuid,,,250d18a3-1d62-11df-b719-001a922cdb65,,,,,
L16,hp,F5,324,Transitional woodland-scrub,F6,,,,,description,,,Describe the horizontal pattern,,,,,
L16,hp,F5,324,Transitional woodland-scrub,F6,,,,,name,,,Horizontal Pattern 1,,,,,
L16,stratum,F5,324,Transitional woodland-scrub,F6,F7,,,,description,,,Vegetation 1,,,,,
L16,stratum,F5,324,Transitional woodland-scrub,F6,F7,,,,name,,,Vegetation 1,,,,,
L16,stratum,F5,324,Transitional woodland-scrub,F6,F7,,,,presence_type,,,Mandatory,,,,,
L16,stratum,F5,324,Transitional woodland-scrub,F6,F7,,,,@ontop,,,0,,,,,
L16,element,F5,324,Transitional woodland-scrub,F6,F7,1,,LC_Shrub,lccs3_type,,,LC_Shrubs,,,,,
L16,element,F5,324,Transitional woodland-scrub,F6,F7,1,,LC_Shrub,description,,,Describe a vegetation element of shrubs type,,,,,
L16,element,F5,324,Transitional woodland-scrub,F6,F7,1,,LC_Shrub,name,,,Shrubs,,,,,
L16,element,F5,324,Transitional woodland-scrub,F6,F7,1,,LC_Shrub,presence_type,,,Exclusive,,,,,
L16,characteristic,F5,324,Transitional woodland-scrub,F6,F7,1,1,LC_VegetationArtificialityCharacteristic,lccs3_type,,,LC_NaturalOrSeminaturalVegetation,,,,,value: Natural or Seminatural
L16,characteristic,F5,324,Transitional woodland-scrub,F6,F7,1,1,LC_VegetationArtificialityCharacteristic,description,,,Describe the natural or seminatural vegetation,,,,,
L16,characteristic,F5,324,Transitional woodland-scrub,F6,F7,1,1,LC_VegetationArtificialityCharacteristic,name,,,Natural Or Seminatural Vegetation,,,,,
L16,element,F5,324,Transitional woodland-scrub,F6,F7,2,,LC_HerbaceousGrowthForm,lccs3_type,,,LC_HerbaceousGrowthForms,,,,,
L16,element,F5,324,Transitional woodland-scrub,F6,F7,2,,LC_HerbaceousGrowthForm,description,,,Describe a vegetation element of herbaceous growth form type,,,,,
L16,element,F5,324,Transitional woodland-scrub,F6,F7,2,,LC_HerbaceousGrowthForm,name,,,Herbaceous growth forms,,,,,
L16,element,F5,324,Transitional woodland-scrub,F6,F7,2,,LC_HerbaceousGrowthForm,presence_type,,,Exclusive,,,,,
L16,characteristic,F5,324,Transitional woodland-scrub,F6,F7,2,1,LC_VegetationArtificialityCharacteristic,lccs3_type,,,LC_NaturalOrSeminaturalVegetation,,,,,value: Natural or Seminatural
L16,characteristic,F5,324,Transitional woodland-scrub,F6,F7,2,1,LC_VegetationArtificialityCharacteristic,description,,,Describe the natural or seminatural vegetation,,,,,
L16,characteristic,F5,324,Transitional woodland-scrub,F6,F7,2,1,LC_VegetationArtificialityCharacteristic,name,,,Natural Or Seminatural Vegetation,,,,,
L16,stratum,F5,324,Transitional woodland-scrub,F6,FC,,,,description,,,Vegetation 2,,,,,
L16,stratum,F5,324,Transitional woodland-scrub,F6,FC,,,,name,,,Vegetation 2,,,,,
L16,stratum,F5,324,Transitional woodland-scrub,F6,FC,,,,presence_type,,,Mandatory,,,,,
L16,stratum,F5,324,Transitional woodland-scrub,F6,FC,,,,@ontop,,,0,,,,,
L16,element,F5,324,Transitional woodland-scrub,F6,FC,1,,LC_Tree,lccs3_type,,,LC_Trees,,,,,
L16,element,F5,324,Transitional woodland-scrub,F6,FC,1,,LC_Tree,description,,,Describe a vegetation element of trees type,,,,,
L16,element,F5,324,Transitional woodland-scrub,F6,FC,1,,LC_Tree,name,,,Trees,,,,,
L16,element,F5,324,Transitional woodland-scrub,F6,FC,1,,LC_Tree,presence_type,,,Mandatory,,,,,
L16,element,F5,324,Transitional woodland-scrub,F6,FC,1,,LC_Tree,cover,1.0,10.0,,,,,,
L16,class,FE,331,Sparse Vegetation,,,,,,class_name,,,Sparse Vegetation,,,,,
L16,class,FE,331,Sparse Vegetation,,,,,,class_description,,,Describe the land cover class,,,,,
L16,class,FE,331,Sparse Vegetation,,,,,,class_map_code,,,331,,,,,
L16,class,FE,331,Sparse Vegetation,,,,,,uuid,,,25706e53-1d62-11df-b719-001a922cdb65,,,,,
L16,hp,FE,331,Sparse Vegetation,FF,,,,,description,,,Describe the horizontal pattern,,,,,
L16,hp,FE,331,Sparse Vegetation,FF,,,,,name,,,Horizontal Pattern 1,,,,,
L16,stratum,FE,331,Sparse Vegetation,FF,16F,,,,description,,,Abiotic surface 1,,,,,
L16,stratum,FE,331,Sparse Vegetation,FF,16F,,,,name,,,Stratum 1,,,,,
L16,stratum,FE,331,Sparse Vegetation,FF,16F,,,,presence_type,,,Optional,,,,,
L16,stratum,FE,331,Sparse Vegetation,FF,16F,,,,@ontop,,,0,,,,,
L16,element,FE,331,Sparse Vegetation,FF,16F,1,,LC_LooseAndShiftingSand,lccs3_type,,,LC_LooseAndShiftingSand,,,,,
L16,element,FE,331,Sparse Vegetation,FF,16F,1,,LC_LooseAndShiftingSand,description,,,Describe a loose and shifting sand surface element,,,,,
L16,element,FE,331,Sparse Vegetation,FF,16F,1,,LC_LooseAndShiftingSand,name,,,Loose and Shifting Sand,,,,,
L16,element,FE,331,Sparse Vegetation,FF,16F,1,,LC_LooseAndShiftingSand,presence_type,,,Mandatory,,,,,
L16,stratum,FE,331,Sparse Vegetation,FF,171,,,,description,,,Abiotic surface 2,,,,,
L16,stratum,FE,331,Sparse Vegetation,FF,171,,,,name,,,Stratum 2,,,,,
L16,stratum,FE,331,Sparse Vegetation,FF,171,,,,presence_type,,,Optional,,,,,
L16,stratum,FE,331,Sparse Vegetation,FF,171,,,,@ontop,,,0,,,,,
L16,element,FE,331,Sparse Vegetation,FF,171,1,,LC_Dune,lccs3_type,,,LC_Dune,,,,,
L16,element,FE,331,Sparse Vegetation,FF,171,1,,LC_Dune,description,,,Describe a dune surface element,,,,,
L16,element,FE,331,Sparse Vegetation,FF,171,1,,LC_Dune,name,,,Dune,,,,,
L16,element,FE,331,Sparse Vegetation,FF,171,1,,LC_Dune,presence_type,,,Mandatory,,,,,
L16,stratum,FE,331,Sparse Vegetation,FF,173,,,,description,,,Abiotic surface 3,,,,,
L16,stratum,FE,331,Sparse Vegetation,FF,173,,,,name,,,Stratum 3,,,,,
L16,stratum,FE,331,Sparse Vegetation,FF,173,,,,presence_type,,,Mandatory,,,,,
L16,stratum,FE,331,Sparse Vegetation,FF,173,,,,@ontop,,,0,,,,,
L16,element,FE,331,Sparse Vegetation,FF,173,1,,LC_SoilSandDepositsSurfaceElement,lccs3_type,,,LC_SoilSandDepositSurface,,,,,
L16,element,FE,331,Sparse Vegetation,FF,173,1,,LC_SoilSandDepositsSurfaceElement,description,,,Describe a soil sand deposit surface element,,,,,
L16,element,FE,331,Sparse Vegetation,FF,173,1,,LC_SoilSandDepositsSurfaceElement,name,,,Soil Sand Deposit Surface,,,,,
L16,element,FE,331,Sparse Vegetation,FF,173,1,,LC_SoilSandDepositsSurfaceElement,presence_type,,,Mandatory,,,,,
L16,characteristic,FE,331,Sparse Vegetation,FF,173,1,1,LC_UserDefinedElementCharacteristic,lccs3_type,,,LC_UserDefinedElementCharacteristic,,,,,no LChS equivalent; kept as-is
L16,characteristic,FE,331,Sparse Vegetation,FF,173,1,1,LC_UserDefinedElementCharacteristic,description,,,Describe the user characteristic structure,,,,,
L16,characteristic,FE,331,Sparse Vegetation,FF,173,1,1,LC_UserDefinedElementCharacteristic,name,,,beach,,,,,
L16,characteristic,FE,331,Sparse Vegetation,FF,173,1,1,LC_UserDefinedElementCharacteristic,userid,,,uds_8dd7bcd0-1911-11e1-bf1f-68b599f556ee,,,,,
L16,class,103,332,Bare rocks,,,,,,class_name,,,Bare rocks,,,,,
L16,class,103,332,Bare rocks,,,,,,class_description,,,Describe the land cover class,,,,,
L16,class,103,332,Bare rocks,,,,,,class_map_code,,,332,,,,,
L16,class,103,332,Bare rocks,,,,,,uuid,,,25c0d843-1d62-11df-b719-001a922cdb65,,,,,
L16,hp,103,332,Bare rocks,104,,,,,description,,,Describe the horizontal pattern,,,,,
L16,hp,103,332,Bare rocks,104,,,,,name,,,Horizontal Pattern 1,,,,,
L16,stratum,103,332,Bare rocks,104,107,,,,description,,,Abiotic surface 1,,,,,
L16,stratum,103,332,Bare rocks,104,107,,,,name,,,Abiotic surface 1,,,,,
L16,stratum,103,332,Bare rocks,104,107,,,,presence_type,,,Mandatory,,,,,
L16,stratum,103,332,Bare rocks,104,107,,,,@ontop,,,0,,,,,
L16,element,103,332,Bare rocks,104,107,1,,LC_BareRock,lccs3_type,,,LC_BareRocksAndCoarseFragments,,,,,LChS splits bare rock and coarse fragments; mapped to LC_BareRock
L16,element,103,332,Bare rocks,104,107,1,,LC_BareRock,description,,,Describe bare rocks and coarse fragments element,,,,,
L16,element,103,332,Bare rocks,104,107,1,,LC_BareRock,name,,,Bare Rocks and Coarse Fragments,,,,,
L16,element,103,332,Bare rocks,104,107,1,,LC_BareRock,presence_type,,,Mandatory,,,,,
L16,element,103,332,Bare rocks,104,107,1,,LC_BareRock,cover,85.0,100.0,,,,,,
L16,class,109,333,Sparsely vegetated areas,,,,,,class_name,,,Sparsely vegetated areas,,,,,
L16,class,109,333,Sparsely vegetated areas,,,,,,class_description,,,Describe the land cover class,,,,,
L16,class,109,333,Sparsely vegetated areas,,,,,,class_map_code,,,333,,,,,
L16,class,109,333,Sparsely vegetated areas,,,,,,uuid,,,262b32d3-1d62-11df-b719-001a922cdb65,,,,,
L16,hp,109,333,Sparsely vegetated areas,10A,,,,,description,,,Describe the horizontal pattern,,,,,
L16,hp,109,333,Sparsely vegetated areas,10A,,,,,name,,,Horizontal Pattern 1,,,,,
L16,stratum,109,333,Sparsely vegetated areas,10A,10B,,,,description,,,Vegetation 1,,,,,
L16,stratum,109,333,Sparsely vegetated areas,10A,10B,,,,name,,,Vegetation 1,,,,,
L16,stratum,109,333,Sparsely vegetated areas,10A,10B,,,,presence_type,,,Mandatory,,,,,
L16,stratum,109,333,Sparsely vegetated areas,10A,10B,,,,@ontop,,,0,,,,,
L16,element,109,333,Sparsely vegetated areas,10A,10B,1,,LC_HerbaceousGrowthForm,lccs3_type,,,LC_HerbaceousGrowthForms,,,,,
L16,element,109,333,Sparsely vegetated areas,10A,10B,1,,LC_HerbaceousGrowthForm,description,,,Describe a vegetation element of herbaceous growth form type,,,,,
L16,element,109,333,Sparsely vegetated areas,10A,10B,1,,LC_HerbaceousGrowthForm,name,,,Herbaceous growth forms,,,,,
L16,element,109,333,Sparsely vegetated areas,10A,10B,1,,LC_HerbaceousGrowthForm,presence_type,,,Mandatory,,,,,
L16,element,109,333,Sparsely vegetated areas,10A,10B,1,,LC_HerbaceousGrowthForm,cover,15.0,50.0,,,,,,
L16,characteristic,109,333,Sparsely vegetated areas,10A,10B,1,1,LC_VegetationArtificialityCharacteristic,lccs3_type,,,LC_NaturalOrSeminaturalVegetation,,,,,value: Natural or Seminatural
L16,characteristic,109,333,Sparsely vegetated areas,10A,10B,1,1,LC_VegetationArtificialityCharacteristic,description,,,Describe the natural or seminatural vegetation,,,,,
L16,characteristic,109,333,Sparsely vegetated areas,10A,10B,1,1,LC_VegetationArtificialityCharacteristic,name,,,Natural Or Seminatural Vegetation,,,,,
L16,element,109,333,Sparsely vegetated areas,10A,10B,2,,LC_WoodyGrowthForm,lccs3_type,,,LC_WoodyGrowthForms,,,,,
L16,element,109,333,Sparsely vegetated areas,10A,10B,2,,LC_WoodyGrowthForm,description,,,Describe a vegetation element of woody type,,,,,
L16,element,109,333,Sparsely vegetated areas,10A,10B,2,,LC_WoodyGrowthForm,name,,,Woody Growth Forms,,,,,
L16,element,109,333,Sparsely vegetated areas,10A,10B,2,,LC_WoodyGrowthForm,presence_type,,,Optional,,,,,
L16,element,109,333,Sparsely vegetated areas,10A,10B,2,,LC_WoodyGrowthForm,cover,1.0,15.0,,,,,,
L16,characteristic,109,333,Sparsely vegetated areas,10A,10B,2,1,LC_VegetationArtificialityCharacteristic,lccs3_type,,,LC_NaturalOrSeminaturalVegetation,,,,,value: Natural or Seminatural
L16,characteristic,109,333,Sparsely vegetated areas,10A,10B,2,1,LC_VegetationArtificialityCharacteristic,description,,,Describe the natural or seminatural vegetation,,,,,
L16,characteristic,109,333,Sparsely vegetated areas,10A,10B,2,1,LC_VegetationArtificialityCharacteristic,name,,,Natural Or Seminatural Vegetation,,,,,
L16,class,110,334,Burnt areas,,,,,,class_name,,,Burnt areas,,,,,
L16,class,110,334,Burnt areas,,,,,,class_description,,,Describe the land cover class,,,,,
L16,class,110,334,Burnt areas,,,,,,class_map_code,,,334,,,,,
L16,class,110,334,Burnt areas,,,,,,uuid,,,267b9cc3-1d62-11df-b719-001a922cdb65,,,,,
L16,hp,110,334,Burnt areas,111,,,,,description,,,Describe the horizontal pattern,,,,,
L16,hp,110,334,Burnt areas,111,,,,,name,,,Horizontal Pattern 1,,,,,
L16,stratum,110,334,Burnt areas,111,112,,,,description,,,Vegetation 1,,,,,
L16,stratum,110,334,Burnt areas,111,112,,,,name,,,Vegetation 1,,,,,
L16,stratum,110,334,Burnt areas,111,112,,,,presence_type,,,Mandatory,,,,,
L16,stratum,110,334,Burnt areas,111,112,,,,@ontop,,,0,,,,,
L16,element,110,334,Burnt areas,111,112,1,,LC_VegetationElement,lccs3_type,,,LC_Vegetation,,,,,
L16,element,110,334,Burnt areas,111,112,1,,LC_VegetationElement,description,,,Describe a generic vegetation element,,,,,
L16,element,110,334,Burnt areas,111,112,1,,LC_VegetationElement,name,,,Vegetation,,,,,
L16,element,110,334,Burnt areas,111,112,1,,LC_VegetationElement,presence_type,,,Mandatory,,,,,
L16,characteristic,110,334,Burnt areas,111,112,1,1,LC_VegetationArtificialityCharacteristic,lccs3_type,,,LC_NaturalOrSeminaturalVegetation,,,,,value: Natural or Seminatural
L16,characteristic,110,334,Burnt areas,111,112,1,1,LC_VegetationArtificialityCharacteristic,description,,,Describe the natural or seminatural vegetation,,,,,
L16,characteristic,110,334,Burnt areas,111,112,1,1,LC_VegetationArtificialityCharacteristic,name,,,Natural Or Seminatural Vegetation,,,,,
L16,characteristic,110,334,Burnt areas,111,112,1,2,LC_BurntStatusCharacteristic,lccs3_type,,,LC_BurntStatus,,,,,
L16,characteristic,110,334,Burnt areas,111,112,1,2,LC_BurntStatusCharacteristic,description,,,Describe the burnt status,,,,,
L16,characteristic,110,334,Burnt areas,111,112,1,2,LC_BurntStatusCharacteristic,name,,,Burnt Status,,,,,
L16,characteristic,110,334,Burnt areas,111,112,1,2,LC_BurntStatusCharacteristic,percentage,90.0,100.0,,,,,,
L16,class,116,335,Glaciers and perennial snow,,,,,,class_name,,,Glaciers and perennial snow,,,,,
L16,class,116,335,Glaciers and perennial snow,,,,,,class_description,,,Describe the land cover class,,,,,
L16,class,116,335,Glaciers and perennial snow,,,,,,class_map_code,,,335,,,,,
L16,class,116,335,Glaciers and perennial snow,,,,,,uuid,,,26eab244-1d62-11df-b719-001a922cdb65,,,,,
L16,hp,116,335,Glaciers and perennial snow,117,,,,,description,,,Describe the horizontal pattern,,,,,
L16,hp,116,335,Glaciers and perennial snow,117,,,,,name,,,Horizontal Pattern 1,,,,,
L16,stratum,116,335,Glaciers and perennial snow,117,118,,,,description,,,Abiotic surface 1,,,,,
L16,stratum,116,335,Glaciers and perennial snow,117,118,,,,name,,,Abiotic surface 1,,,,,
L16,stratum,116,335,Glaciers and perennial snow,117,118,,,,presence_type,,,Mandatory,,,,,
L16,stratum,116,335,Glaciers and perennial snow,117,118,,,,@ontop,,,0,,,,,
L16,element,116,335,Glaciers and perennial snow,117,118,1,,LC_Ice,lccs3_type,,,LC_Ice,,,,,
L16,element,116,335,Glaciers and perennial snow,117,118,1,,LC_Ice,description,,,Describe an ice surface element,,,,,
L16,element,116,335,Glaciers and perennial snow,117,118,1,,LC_Ice,name,,,Ice,,,,,
L16,element,116,335,Glaciers and perennial snow,117,118,1,,LC_Ice,presence_type,,,Exclusive,,,,,
L16,element,116,335,Glaciers and perennial snow,117,118,2,,LC_Snow,lccs3_type,,,LC_Snow,,,,,
L16,element,116,335,Glaciers and perennial snow,117,118,2,,LC_Snow,description,,,Describe a snow surface element,,,,,
L16,element,116,335,Glaciers and perennial snow,117,118,2,,LC_Snow,name,,,Snow,,,,,
L16,element,116,335,Glaciers and perennial snow,117,118,2,,LC_Snow,presence_type,,,Exclusive,,,,,
L16,element,116,335,Glaciers and perennial snow,117,118,2,,LC_Snow,periodic_variation[LC_PeriodicVariations]/description,,,Contains the elements of Periodic Variation,,,,,
L16,element,116,335,Glaciers and perennial snow,117,118,2,,LC_Snow,periodic_variation[LC_PeriodicVariations]/name,,,Periodic Variations,,,,,
L16,element,116,335,Glaciers and perennial snow,117,118,2,,LC_Snow,periodic_variation[LC_PeriodicVariations]/elements/LC_PeriodicVariation[LC_PeriodicVariation]/description,,,Describe a periodic variation element,,,,,
L16,element,116,335,Glaciers and perennial snow,117,118,2,,LC_Snow,periodic_variation[LC_PeriodicVariations]/elements/LC_PeriodicVariation[LC_PeriodicVariation]/name,,,Periodic Variation,,,,,
L16,element,116,335,Glaciers and perennial snow,117,118,2,,LC_Snow,periodic_variation[LC_PeriodicVariations]/elements/LC_PeriodicVariation[LC_PeriodicVariation]/persistence_units,,,Months,,,,,
L16,element,116,335,Glaciers and perennial snow,117,118,2,,LC_Snow,periodic_variation[LC_PeriodicVariations]/elements/LC_PeriodicVariation[LC_PeriodicVariation]/persistence_period,10.0,12.0,,,,,,
L16,element,116,335,Glaciers and perennial snow,117,118,2,,LC_Snow,periodic_variation[LC_PeriodicVariations]/elements/LC_PeriodicVariation[LC_PeriodicVariation]/period_description,,,,,,,,
L16,class,11C,411,Inland marches,,,,,,class_name,,,Inland marches,,,,,
L16,class,11C,411,Inland marches,,,,,,class_description,,,Describe the land cover class,,,,,
L16,class,11C,411,Inland marches,,,,,,class_map_code,,,411,,,,,
L16,class,11C,411,Inland marches,,,,,,uuid,,,2746dc03-1d62-11df-b719-001a922cdb65,,,,,
L16,hp,11C,411,Inland marches,11D,,,,,description,,,Describe the horizontal pattern,,,,,
L16,hp,11C,411,Inland marches,11D,,,,,name,,,Horizontal Pattern 1,,,,,
L16,stratum,11C,411,Inland marches,11D,11E,,,,description,,,Abiotic surface 1,,,,,
L16,stratum,11C,411,Inland marches,11D,11E,,,,name,,,Abiotic surface 1,,,,,
L16,stratum,11C,411,Inland marches,11D,11E,,,,presence_type,,,Mandatory,,,,,
L16,stratum,11C,411,Inland marches,11D,11E,,,,@ontop,,,0,,,,,
L16,element,11C,411,Inland marches,11D,11E,1,,LC_WaterBody,lccs3_type,,,LC_WaterBody,,,,,
L16,element,11C,411,Inland marches,11D,11E,1,,LC_WaterBody,description,,,Describe a water body surface element,,,,,
L16,element,11C,411,Inland marches,11D,11E,1,,LC_WaterBody,name,,,Water Body,,,,,
L16,element,11C,411,Inland marches,11D,11E,1,,LC_WaterBody,sequential_temporal_relationship/type,,,Sequential Same Year,,,,,
L16,element,11C,411,Inland marches,11D,11E,1,,LC_WaterBody,sequential_temporal_relationship/length,3.0,4.0,,,,,,
L16,element,11C,411,Inland marches,11D,11E,1,,LC_WaterBody,presence_type,,,Temporal Sequence Depending,,,,,
L16,element,11C,411,Inland marches,11D,11E,1,,LC_WaterBody,periodic_variation[LC_PeriodicVariations]/description,,,Contains the elements of Periodic Variation,,,,,
L16,element,11C,411,Inland marches,11D,11E,1,,LC_WaterBody,periodic_variation[LC_PeriodicVariations]/name,,,Periodic Variations,,,,,
L16,element,11C,411,Inland marches,11D,11E,1,,LC_WaterBody,periodic_variation[LC_PeriodicVariations]/elements/LC_PeriodicVariation[LC_PeriodicVariation]/description,,,Describe a periodic variation element,,,,,
L16,element,11C,411,Inland marches,11D,11E,1,,LC_WaterBody,periodic_variation[LC_PeriodicVariations]/elements/LC_PeriodicVariation[LC_PeriodicVariation]/name,,,Periodic Variation,,,,,
L16,element,11C,411,Inland marches,11D,11E,1,,LC_WaterBody,periodic_variation[LC_PeriodicVariations]/elements/LC_PeriodicVariation[LC_PeriodicVariation]/persistence_units,,,Months,,,,,
L16,element,11C,411,Inland marches,11D,11E,1,,LC_WaterBody,dynamics,,,Standing,,,,,
L16,element,11C,411,Inland marches,11D,11E,1,,LC_WaterBody,position,,,Above Surface,,,,,
L16,characteristic,11C,411,Inland marches,11D,11E,1,1,LC_WaterSalinityCharacteristic,lccs3_type,,,LC_WaterSalinity,,,,,
L16,characteristic,11C,411,Inland marches,11D,11E,1,1,LC_WaterSalinityCharacteristic,description,,,Describe the water salinity characteristic,,,,,
L16,characteristic,11C,411,Inland marches,11D,11E,1,1,LC_WaterSalinityCharacteristic,name,,,Water Salinity,,,,,
L16,characteristic,11C,411,Inland marches,11D,11E,1,1,LC_WaterSalinityCharacteristic,type,,,Fresh,,,,,
L16,element,11C,411,Inland marches,11D,11E,2,,LC_WaterBody,lccs3_type,,,LC_WaterBody,,,,,
L16,element,11C,411,Inland marches,11D,11E,2,,LC_WaterBody,description,,,Describe a water body surface element,,,,,
L16,element,11C,411,Inland marches,11D,11E,2,,LC_WaterBody,name,,,Water Body,,,,,
L16,element,11C,411,Inland marches,11D,11E,2,,LC_WaterBody,sequential_temporal_relationship/type,,,Sequential Same Year,,,,,
L16,element,11C,411,Inland marches,11D,11E,2,,LC_WaterBody,sequential_temporal_relationship/length,8.0,9.0,,,,,,
L16,element,11C,411,Inland marches,11D,11E,2,,LC_WaterBody,presence_type,,,Temporal Sequence Depending,,,,,
L16,element,11C,411,Inland marches,11D,11E,2,,LC_WaterBody,periodic_variation[LC_PeriodicVariations]/description,,,Contains the elements of Periodic Variation,,,,,
L16,element,11C,411,Inland marches,11D,11E,2,,LC_WaterBody,periodic_variation[LC_PeriodicVariations]/name,,,Periodic Variations,,,,,
L16,element,11C,411,Inland marches,11D,11E,2,,LC_WaterBody,periodic_variation[LC_PeriodicVariations]/elements/LC_PeriodicVariation[LC_PeriodicVariation]/description,,,Describe a periodic variation element,,,,,
L16,element,11C,411,Inland marches,11D,11E,2,,LC_WaterBody,periodic_variation[LC_PeriodicVariations]/elements/LC_PeriodicVariation[LC_PeriodicVariation]/name,,,Periodic Variation,,,,,
L16,element,11C,411,Inland marches,11D,11E,2,,LC_WaterBody,periodic_variation[LC_PeriodicVariations]/elements/LC_PeriodicVariation[LC_PeriodicVariation]/persistence_units,,,Months,,,,,
L16,element,11C,411,Inland marches,11D,11E,2,,LC_WaterBody,position,,,Below Surface,,,,,
L16,stratum,11C,411,Inland marches,11D,122,,,,description,,,Vegetation 1,,,,,
L16,stratum,11C,411,Inland marches,11D,122,,,,name,,,Vegetation 1,,,,,
L16,stratum,11C,411,Inland marches,11D,122,,,,presence_type,,,Mandatory,,,,,
L16,stratum,11C,411,Inland marches,11D,122,,,,@ontop,,,0,,,,,
L16,element,11C,411,Inland marches,11D,122,1,,LC_HerbaceousGrowthForm,lccs3_type,,,LC_HerbaceousGrowthForms,,,,,
L16,element,11C,411,Inland marches,11D,122,1,,LC_HerbaceousGrowthForm,description,,,Describe a vegetation element of herbaceous growth form type,,,,,
L16,element,11C,411,Inland marches,11D,122,1,,LC_HerbaceousGrowthForm,name,,,Herbaceous growth forms,,,,,
L16,element,11C,411,Inland marches,11D,122,1,,LC_HerbaceousGrowthForm,presence_type,,,Mandatory,,,,,
L16,characteristic,11C,411,Inland marches,11D,122,1,1,LC_VegetationArtificialityCharacteristic,lccs3_type,,,LC_NaturalOrSeminaturalVegetation,,,,,value: Natural or Seminatural
L16,characteristic,11C,411,Inland marches,11D,122,1,1,LC_VegetationArtificialityCharacteristic,description,,,Describe the natural or seminatural vegetation,,,,,
L16,characteristic,11C,411,Inland marches,11D,122,1,1,LC_VegetationArtificialityCharacteristic,name,,,Natural Or Seminatural Vegetation,,,,,
L16,class,127,412,Peat bogs,,,,,,class_name,,,Peat bogs,,,,,
L16,class,127,412,Peat bogs,,,,,,class_description,,,Describe the land cover class,,,,,
L16,class,127,412,Peat bogs,,,,,,class_map_code,,,412,,,,,
L16,class,127,412,Peat bogs,,,,,,uuid,,,27bd1d73-1d62-11df-b719-001a922cdb65,,,,,
L16,hp,127,412,Peat bogs,128,,,,,description,,,Describe the horizontal pattern,,,,,
L16,hp,127,412,Peat bogs,128,,,,,name,,,Horizontal Pattern 1,,,,,
L16,stratum,127,412,Peat bogs,128,17E,,,,description,,,Abiotic surface 1,,,,,
L16,stratum,127,412,Peat bogs,128,17E,,,,name,,,Stratum 1,,,,,
L16,stratum,127,412,Peat bogs,128,17E,,,,presence_type,,,Mandatory,,,,,
L16,stratum,127,412,Peat bogs,128,17E,,,,@ontop,,,0,,,,,
L16,element,127,412,Peat bogs,128,17E,1,,LC_OrganicDeposits,lccs3_type,,,LC_OrganicDeposits,,,,,
L16,element,127,412,Peat bogs,128,17E,1,,LC_OrganicDeposits,description,,,Describe deposits of organic elements,,,,,
L16,element,127,412,Peat bogs,128,17E,1,,LC_OrganicDeposits,name,,,Organic Deposits,,,,,
L16,element,127,412,Peat bogs,128,17E,1,,LC_OrganicDeposits,presence_type,,,Mandatory,,,,,
L16,element,127,412,Peat bogs,128,17E,1,,LC_OrganicDeposits,type,,,Peat,,,,,
L16,class,12C,421,Salt marshes,,,,,,class_name,,,Salt marshes,,,,,
L16,class,12C,421,Salt marshes,,,,,,class_description,,,Describe the land cover class,,,,,
L16,class,12C,421,Salt marshes,,,,,,class_map_code,,,421,,,,,
L16,class,12C,421,Salt marshes,,,,,,uuid,,,28194733-1d62-11df-b719-001a922cdb65,,,,,
L16,hp,12C,421,Salt marshes,12D,,,,,description,,,Describe the horizontal pattern,,,,,
L16,hp,12C,421,Salt marshes,12D,,,,,name,,,Horizontal Pattern 1,,,,,
L16,stratum,12C,421,Salt marshes,12D,132,,,,description,,,Vegetation 1,,,,,
L16,stratum,12C,421,Salt marshes,12D,132,,,,name,,,Vegetation 1,,,,,
L16,stratum,12C,421,Salt marshes,12D,132,,,,presence_type,,,Mandatory,,,,,
L16,stratum,12C,421,Salt marshes,12D,132,,,,@ontop,,,0,,,,,
L16,element,12C,421,Salt marshes,12D,132,1,,LC_HerbaceousGrowthForm,lccs3_type,,,LC_HerbaceousGrowthForms,,,,,
L16,element,12C,421,Salt marshes,12D,132,1,,LC_HerbaceousGrowthForm,description,,,Describe a vegetation element of herbaceous growth form type,,,,,
L16,element,12C,421,Salt marshes,12D,132,1,,LC_HerbaceousGrowthForm,name,,,Herbaceous growth forms,,,,,
L16,element,12C,421,Salt marshes,12D,132,1,,LC_HerbaceousGrowthForm,presence_type,,,Mandatory,,,,,
L16,characteristic,12C,421,Salt marshes,12D,132,1,1,LC_VegetationArtificialityCharacteristic,lccs3_type,,,LC_NaturalOrSeminaturalVegetation,,,,,value: Natural or Seminatural
L16,characteristic,12C,421,Salt marshes,12D,132,1,1,LC_VegetationArtificialityCharacteristic,description,,,Describe the natural or seminatural vegetation,,,,,
L16,characteristic,12C,421,Salt marshes,12D,132,1,1,LC_VegetationArtificialityCharacteristic,name,,,Natural Or Seminatural Vegetation,,,,,
L16,element,12C,421,Salt marshes,12D,132,2,,LC_Shrub,lccs3_type,,,LC_Shrubs,,,,,
L16,element,12C,421,Salt marshes,12D,132,2,,LC_Shrub,description,,,Describe a vegetation element of shrubs type,,,,,
L16,element,12C,421,Salt marshes,12D,132,2,,LC_Shrub,name,,,Shrubs,,,,,
L16,element,12C,421,Salt marshes,12D,132,2,,LC_Shrub,presence_type,,,Optional,,,,,
L16,element,12C,421,Salt marshes,12D,132,2,,LC_Shrub,height,0.5,1.0,,,,,,
L16,characteristic,12C,421,Salt marshes,12D,132,2,1,LC_VegetationArtificialityCharacteristic,lccs3_type,,,LC_NaturalOrSeminaturalVegetation,,,,,value: Natural or Seminatural
L16,characteristic,12C,421,Salt marshes,12D,132,2,1,LC_VegetationArtificialityCharacteristic,description,,,Describe the natural or seminatural vegetation,,,,,
L16,characteristic,12C,421,Salt marshes,12D,132,2,1,LC_VegetationArtificialityCharacteristic,name,,,Natural Or Seminatural Vegetation,,,,,
L16,stratum,12C,421,Salt marshes,12D,184,,,,description,,,Abiotic surface 1,,,,,
L16,stratum,12C,421,Salt marshes,12D,184,,,,name,,,Stratum 1,,,,,
L16,stratum,12C,421,Salt marshes,12D,184,,,,presence_type,,,Mandatory,,,,,
L16,stratum,12C,421,Salt marshes,12D,184,,,,@ontop,,,0,,,,,
L16,element,12C,421,Salt marshes,12D,184,1,,LC_WaterBody,lccs3_type,,,LC_WaterBody,,,,,
L16,element,12C,421,Salt marshes,12D,184,1,,LC_WaterBody,description,,,Describe a water body surface element,,,,,
L16,element,12C,421,Salt marshes,12D,184,1,,LC_WaterBody,name,,,Water Body,,,,,
L16,element,12C,421,Salt marshes,12D,184,1,,LC_WaterBody,presence_type,,,Mandatory,,,,,
L16,element,12C,421,Salt marshes,12D,184,1,,LC_WaterBody,periodic_variation[LC_PeriodicVariations]/description,,,Contains the elements of Periodic Variation,,,,,
L16,element,12C,421,Salt marshes,12D,184,1,,LC_WaterBody,periodic_variation[LC_PeriodicVariations]/name,,,Periodic Variations,,,,,
L16,element,12C,421,Salt marshes,12D,184,1,,LC_WaterBody,periodic_variation[LC_PeriodicVariations]/elements/LC_PeriodicVariation[LC_PeriodicVariation]/description,,,Describe a periodic variation element,,,,,
L16,element,12C,421,Salt marshes,12D,184,1,,LC_WaterBody,periodic_variation[LC_PeriodicVariations]/elements/LC_PeriodicVariation[LC_PeriodicVariation]/name,,,Periodic Variation,,,,,
L16,element,12C,421,Salt marshes,12D,184,1,,LC_WaterBody,periodic_variation[LC_PeriodicVariations]/elements/LC_PeriodicVariation[LC_PeriodicVariation]/persistence_units,,,Hours,,,,,
L16,element,12C,421,Salt marshes,12D,184,1,,LC_WaterBody,periodic_variation[LC_PeriodicVariations]/elements/LC_PeriodicVariation[LC_PeriodicVariation]/period_type,,,Tidal,,,,,
L16,characteristic,12C,421,Salt marshes,12D,184,1,1,LC_WaterSalinityCharacteristic,lccs3_type,,,LC_WaterSalinity,,,,,
L16,characteristic,12C,421,Salt marshes,12D,184,1,1,LC_WaterSalinityCharacteristic,description,,,Describe the water salinity characteristic,,,,,
L16,characteristic,12C,421,Salt marshes,12D,184,1,1,LC_WaterSalinityCharacteristic,name,,,Water Salinity,,,,,
L16,characteristic,12C,421,Salt marshes,12D,184,1,1,LC_WaterSalinityCharacteristic,type,,,Saline,,,,,
L16,class,135,422,Salines,,,,,,class_name,,,Salines,,,,,
L16,class,135,422,Salines,,,,,,class_description,,,Describe the land cover class,,,,,
L16,class,135,422,Salines,,,,,,class_map_code,,,422,,,,,
L16,class,135,422,Salines,,,,,,uuid,,,2891d293-1d62-11df-b719-001a922cdb65,,,,,
L16,hp,135,422,Salines,136,,,,,description,,,Describe the horizontal pattern,,,,,
L16,hp,135,422,Salines,136,,,,,name,,,Horizontal Pattern 1,,,,,
L16,stratum,135,422,Salines,136,137,,,,description,,,Abiotic surface 1,,,,,
L16,stratum,135,422,Salines,136,137,,,,name,,,Abiotic surface 1,,,,,
L16,stratum,135,422,Salines,136,137,,,,presence_type,,,Mandatory,,,,,
L16,stratum,135,422,Salines,136,137,,,,@ontop,,,0,,,,,
L16,element,135,422,Salines,136,137,1,,LC_InorganicDeposits,lccs3_type,,,LC_InorganicDeposits,,,,,
L16,element,135,422,Salines,136,137,1,,LC_InorganicDeposits,description,,,Describe deposits of inorganic elements,,,,,
L16,element,135,422,Salines,136,137,1,,LC_InorganicDeposits,name,,,Inorganic Deposits,,,,,
L16,element,135,422,Salines,136,137,1,,LC_InorganicDeposits,presence_type,,,Mandatory,,,,,
L16,element,135,422,Salines,136,137,1,,LC_InorganicDeposits,type,,,Salt Flat,,,,,
L16,class,139,423,Intertidal flats,,,,,,class_name,,,Intertidal flats,,,,,
L16,class,139,423,Intertidal flats,,,,,,class_description,,,Describe the land cover class,,,,,
L16,class,139,423,Intertidal flats,,,,,,class_map_code,,,423,,,,,
L16,class,139,423,Intertidal flats,,,,,,uuid,,,290ccef3-1d62-11df-b719-001a922cdb65,,,,,
L16,hp,139,423,Intertidal flats,13A,,,,,description,,,Describe the horizontal pattern,,,,,
L16,hp,139,423,Intertidal flats,13A,,,,,name,,,Horizontal Pattern 1,,,,,
L16,stratum,139,423,Intertidal flats,13A,13B,,,,description,,,Abiotic surface 1,,,,,
L16,stratum,139,423,Intertidal flats,13A,13B,,,,name,,,Abiotic surface 1,,,,,
L16,stratum,139,423,Intertidal flats,13A,13B,,,,presence_type,,,Mandatory,,,,,
L16,stratum,139,423,Intertidal flats,13A,13B,,,,@ontop,,,0,,,,,
L16,element,139,423,Intertidal flats,13A,13B,1,,LC_NaturalSurfaceElement,lccs3_type,,,LC_NaturalSurface,,,,,
L16,element,139,423,Intertidal flats,13A,13B,1,,LC_NaturalSurfaceElement,description,,,Describe an abiotic surface element of natural type,,,,,
L16,element,139,423,Intertidal flats,13A,13B,1,,LC_NaturalSurfaceElement,name,,,Natural Surface,,,,,
L16,element,139,423,Intertidal flats,13A,13B,1,,LC_NaturalSurfaceElement,presence_type,,,Mandatory,,,,,
L16,stratum,139,423,Intertidal flats,13A,13D,,,,description,,,Abiotic surface 2,,,,,
L16,stratum,139,423,Intertidal flats,13A,13D,,,,name,,,Abiotic surface 2,,,,,
L16,stratum,139,423,Intertidal flats,13A,13D,,,,presence_type,,,Mandatory,,,,,
L16,stratum,139,423,Intertidal flats,13A,13D,,,,@ontop,,,0,,,,,
L16,element,139,423,Intertidal flats,13A,13D,1,,LC_WaterBody,lccs3_type,,,LC_WaterBody,,,,,
L16,element,139,423,Intertidal flats,13A,13D,1,,LC_WaterBody,description,,,Describe a water body surface element,,,,,
L16,element,139,423,Intertidal flats,13A,13D,1,,LC_WaterBody,name,,,Water Body,,,,,
L16,element,139,423,Intertidal flats,13A,13D,1,,LC_WaterBody,presence_type,,,Mandatory,,,,,
L16,characteristic,139,423,Intertidal flats,13A,13D,1,1,LC_ArtificialityCharacteristic,lccs3_type,,,LC_Artificiality,,,,,
L16,characteristic,139,423,Intertidal flats,13A,13D,1,1,LC_ArtificialityCharacteristic,description,,,Describe the artificiality characteristic,,,,,
L16,characteristic,139,423,Intertidal flats,13A,13D,1,1,LC_ArtificialityCharacteristic,name,,,Artificiality,,,,,
L16,characteristic,139,423,Intertidal flats,13A,13D,1,1,LC_ArtificialityCharacteristic,type,,,Natural,,,,,
L16,characteristic,139,423,Intertidal flats,13A,13D,1,2,LC_WaterSalinityCharacteristic,lccs3_type,,,LC_WaterSalinity,,,,,
L16,characteristic,139,423,Intertidal flats,13A,13D,1,2,LC_WaterSalinityCharacteristic,description,,,Describe the water salinity characteristic,,,,,
L16,characteristic,139,423,Intertidal flats,13A,13D,1,2,LC_WaterSalinityCharacteristic,name,,,Water Salinity,,,,,
L16,characteristic,139,423,Intertidal flats,13A,13D,1,2,LC_WaterSalinityCharacteristic,type,,,Saline,,,,,
L16,class,141,511,Water course,,,,,,class_name,,,Water course,,,,,
L16,class,141,511,Water course,,,,,,class_description,,,Describe the land cover class,,,,,
L16,class,141,511,Water course,,,,,,class_map_code,,,511,,,,,
L16,class,141,511,Water course,,,,,,uuid,,,297024a3-1d62-11df-b719-001a922cdb65,,,,,
L16,hp,141,511,Water course,142,,,,,description,,,Describe the horizontal pattern,,,,,
L16,hp,141,511,Water course,142,,,,,name,,,Horizontal Pattern 1,,,,,
L16,stratum,141,511,Water course,142,143,,,,description,,,Abiotic surface 1,,,,,
L16,stratum,141,511,Water course,142,143,,,,name,,,Abiotic surface 1,,,,,
L16,stratum,141,511,Water course,142,143,,,,presence_type,,,Mandatory,,,,,
L16,stratum,141,511,Water course,142,143,,,,@ontop,,,0,,,,,
L16,element,141,511,Water course,142,143,1,,LC_WaterBody,lccs3_type,,,LC_WaterBody,,,,,
L16,element,141,511,Water course,142,143,1,,LC_WaterBody,description,,,Describe a water body surface element,,,,,
L16,element,141,511,Water course,142,143,1,,LC_WaterBody,name,,,Water Body,,,,,
L16,element,141,511,Water course,142,143,1,,LC_WaterBody,presence_type,,,Mandatory,,,,,
L16,element,141,511,Water course,142,143,1,,LC_WaterBody,dynamics,,,Flowing,,,,,
L16,element,141,511,Water course,142,143,1,,LC_WaterBody,position,,,Above Surface,,,,,
L16,characteristic,141,511,Water course,142,143,1,1,LC_WaterSalinityCharacteristic,lccs3_type,,,LC_WaterSalinity,,,,,
L16,characteristic,141,511,Water course,142,143,1,1,LC_WaterSalinityCharacteristic,description,,,Describe the water salinity characteristic,,,,,
L16,characteristic,141,511,Water course,142,143,1,1,LC_WaterSalinityCharacteristic,name,,,Water Salinity,,,,,
L16,characteristic,141,511,Water course,142,143,1,1,LC_WaterSalinityCharacteristic,type,,,Fresh,,,,,
L16,class,146,512,Water bodies,,,,,,class_name,,,Water bodies,,,,,
L16,class,146,512,Water bodies,,,,,,class_description,,,Describe the land cover class,,,,,
L16,class,146,512,Water bodies,,,,,,class_map_code,,,512,,,,,
L16,class,146,512,Water bodies,,,,,,uuid,,,29efb4e3-1d62-11df-b719-001a922cdb65,,,,,
L16,hp,146,512,Water bodies,147,,,,,description,,,Describe the horizontal pattern,,,,,
L16,hp,146,512,Water bodies,147,,,,,name,,,Horizontal Pattern 1,,,,,
L16,stratum,146,512,Water bodies,147,148,,,,description,,,Abiotic surface 1,,,,,
L16,stratum,146,512,Water bodies,147,148,,,,name,,,Abiotic surface 1,,,,,
L16,stratum,146,512,Water bodies,147,148,,,,presence_type,,,Mandatory,,,,,
L16,stratum,146,512,Water bodies,147,148,,,,@ontop,,,0,,,,,
L16,element,146,512,Water bodies,147,148,1,,LC_WaterBody,lccs3_type,,,LC_WaterBody,,,,,
L16,element,146,512,Water bodies,147,148,1,,LC_WaterBody,description,,,Describe a water body surface element,,,,,
L16,element,146,512,Water bodies,147,148,1,,LC_WaterBody,name,,,Water Body,,,,,
L16,element,146,512,Water bodies,147,148,1,,LC_WaterBody,presence_type,,,Mandatory,,,,,
L16,element,146,512,Water bodies,147,148,1,,LC_WaterBody,dynamics,,,Standing,,,,,
L16,element,146,512,Water bodies,147,148,1,,LC_WaterBody,position,,,Above Surface,,,,,
L16,characteristic,146,512,Water bodies,147,148,1,1,LC_WaterSalinityCharacteristic,lccs3_type,,,LC_WaterSalinity,,,,,
L16,characteristic,146,512,Water bodies,147,148,1,1,LC_WaterSalinityCharacteristic,description,,,Describe the water salinity characteristic,,,,,
L16,characteristic,146,512,Water bodies,147,148,1,1,LC_WaterSalinityCharacteristic,name,,,Water Salinity,,,,,
L16,characteristic,146,512,Water bodies,147,148,1,1,LC_WaterSalinityCharacteristic,type,,,Fresh,,,,,
L16,class,14B,521,Coastal lagoons,,,,,,class_name,,,Coastal lagoons,,,,,
L16,class,14B,521,Coastal lagoons,,,,,,class_description,,,Describe the land cover class,,,,,
L16,class,14B,521,Coastal lagoons,,,,,,class_map_code,,,521,,,,,
L16,class,14B,521,Coastal lagoons,,,,,,uuid,,,2a57c583-1d62-11df-b719-001a922cdb65,,,,,
L16,hp,14B,521,Coastal lagoons,14C,,,,,description,,,Describe the horizontal pattern,,,,,
L16,hp,14B,521,Coastal lagoons,14C,,,,,name,,,Horizontal Pattern 1,,,,,
L16,stratum,14B,521,Coastal lagoons,14C,14D,,,,description,,,Abiotic surface 1,,,,,
L16,stratum,14B,521,Coastal lagoons,14C,14D,,,,name,,,Abiotic surface 1,,,,,
L16,stratum,14B,521,Coastal lagoons,14C,14D,,,,presence_type,,,Mandatory,,,,,
L16,stratum,14B,521,Coastal lagoons,14C,14D,,,,@ontop,,,0,,,,,
L16,element,14B,521,Coastal lagoons,14C,14D,1,,LC_WaterBody,lccs3_type,,,LC_WaterBody,,,,,
L16,element,14B,521,Coastal lagoons,14C,14D,1,,LC_WaterBody,description,,,Describe a water body surface element,,,,,
L16,element,14B,521,Coastal lagoons,14C,14D,1,,LC_WaterBody,name,,,Water Body,,,,,
L16,element,14B,521,Coastal lagoons,14C,14D,1,,LC_WaterBody,presence_type,,,Mandatory,,,,,
L16,characteristic,14B,521,Coastal lagoons,14C,14D,1,1,LC_WaterSalinityCharacteristic,lccs3_type,,,LC_WaterSalinity,,,,,
L16,characteristic,14B,521,Coastal lagoons,14C,14D,1,1,LC_WaterSalinityCharacteristic,description,,,Describe the water salinity characteristic,,,,,
L16,characteristic,14B,521,Coastal lagoons,14C,14D,1,1,LC_WaterSalinityCharacteristic,name,,,Water Salinity,,,,,
L16,characteristic,14B,521,Coastal lagoons,14C,14D,1,1,LC_WaterSalinityCharacteristic,type,,,Saline,,,,,
L16,characteristic,14B,521,Coastal lagoons,14C,14D,1,2,LC_ArtificialityCharacteristic,lccs3_type,,,LC_Artificiality,,,,,
L16,characteristic,14B,521,Coastal lagoons,14C,14D,1,2,LC_ArtificialityCharacteristic,description,,,Describe the artificiality characteristic,,,,,
L16,characteristic,14B,521,Coastal lagoons,14C,14D,1,2,LC_ArtificialityCharacteristic,name,,,Artificiality,,,,,
L16,characteristic,14B,521,Coastal lagoons,14C,14D,1,2,LC_ArtificialityCharacteristic,elements/LC_Characteristic[LC_UserDefinedCharacteristic]/description,,,Describe the user characteristic structure,,,,,
L16,characteristic,14B,521,Coastal lagoons,14C,14D,1,2,LC_ArtificialityCharacteristic,elements/LC_Characteristic[LC_UserDefinedCharacteristic]/name,,,Lagoon,,,,,
L16,characteristic,14B,521,Coastal lagoons,14C,14D,1,2,LC_ArtificialityCharacteristic,elements/LC_Characteristic[LC_UserDefinedCharacteristic]/userid,,,uds_00682660-ea37-11de-8f0b-001a922cdb65,,,,,
L16,characteristic,14B,521,Coastal lagoons,14C,14D,1,2,LC_ArtificialityCharacteristic,type,,,Natural,,,,,
L16,class,152,522,Estuaries,,,,,,class_name,,,Estuaries,,,,,
L16,class,152,522,Estuaries,,,,,,class_description,,,Describe the land cover class,,,,,
L16,class,152,522,Estuaries,,,,,,class_map_code,,,522,,,,,
L16,class,152,522,Estuaries,,,,,,uuid,,,2ae33ca3-1d62-11df-b719-001a922cdb65,,,,,
L16,hp,152,522,Estuaries,153,,,,,description,,,Describe the horizontal pattern,,,,,
L16,hp,152,522,Estuaries,153,,,,,name,,,Horizontal Pattern 1,,,,,
L16,stratum,152,522,Estuaries,153,154,,,,description,,,Abiotic surface 1,,,,,
L16,stratum,152,522,Estuaries,153,154,,,,name,,,Abiotic surface 1,,,,,
L16,stratum,152,522,Estuaries,153,154,,,,presence_type,,,Mandatory,,,,,
L16,stratum,152,522,Estuaries,153,154,,,,@ontop,,,0,,,,,
L16,element,152,522,Estuaries,153,154,1,,LC_SoilSandDepositsSurfaceElement,lccs3_type,,,LC_SoilSandDepositSurface,,,,,
L16,element,152,522,Estuaries,153,154,1,,LC_SoilSandDepositsSurfaceElement,description,,,Describe a soil sand deposit surface element,,,,,
L16,element,152,522,Estuaries,153,154,1,,LC_SoilSandDepositsSurfaceElement,name,,,Soil Sand Deposit Surface,,,,,
L16,element,152,522,Estuaries,153,154,1,,LC_SoilSandDepositsSurfaceElement,presence_type,,,Mandatory,,,,,
L16,stratum,152,522,Estuaries,153,156,,,,description,,,Abiotic surface 2,,,,,
L16,stratum,152,522,Estuaries,153,156,,,,name,,,Abiotic surface 2,,,,,
L16,stratum,152,522,Estuaries,153,156,,,,presence_type,,,Mandatory,,,,,
L16,stratum,152,522,Estuaries,153,156,,,,@ontop,,,0,,,,,
L16,element,152,522,Estuaries,153,156,1,,LC_WaterBody,lccs3_type,,,LC_WaterBody,,,,,
L16,element,152,522,Estuaries,153,156,1,,LC_WaterBody,description,,,Describe a water body surface element,,,,,
L16,element,152,522,Estuaries,153,156,1,,LC_WaterBody,name,,,Water Body,,,,,
L16,element,152,522,Estuaries,153,156,1,,LC_WaterBody,presence_type,,,Mandatory,,,,,
L16,class,158,523,sea and ocean,,,,,,class_name,,,sea and ocean,,,,,
L16,class,158,523,sea and ocean,,,,,,class_description,,,Describe the land cover class,,,,,
L16,class,158,523,sea and ocean,,,,,,class_map_code,,,523,,,,,
L16,class,158,523,sea and ocean,,,,,,uuid,,,2b69f8d3-1d62-11df-b719-001a922cdb65,,,,,
L16,hp,158,523,sea and ocean,159,,,,,description,,,Describe the horizontal pattern,,,,,
L16,hp,158,523,sea and ocean,159,,,,,name,,,Horizontal Pattern 1,,,,,
L16,stratum,158,523,sea and ocean,159,15A,,,,description,,,Abiotic surface 1,,,,,
L16,stratum,158,523,sea and ocean,159,15A,,,,name,,,Abiotic surface 1,,,,,
L16,stratum,158,523,sea and ocean,159,15A,,,,presence_type,,,Mandatory,,,,,
L16,stratum,158,523,sea and ocean,159,15A,,,,@ontop,,,0,,,,,
L16,element,158,523,sea and ocean,159,15A,1,,LC_WaterBody,lccs3_type,,,LC_WaterBody,,,,,
L16,element,158,523,sea and ocean,159,15A,1,,LC_WaterBody,description,,,Describe a water body surface element,,,,,
L16,element,158,523,sea and ocean,159,15A,1,,LC_WaterBody,name,,,Water Body,,,,,
L16,element,158,523,sea and ocean,159,15A,1,,LC_WaterBody,presence_type,,,Mandatory,,,,,
L16,characteristic,158,523,sea and ocean,159,15A,1,1,LC_ArtificialityCharacteristic,lccs3_type,,,LC_Artificiality,,,,,
L16,characteristic,158,523,sea and ocean,159,15A,1,1,LC_ArtificialityCharacteristic,description,,,Describe the artificiality characteristic,,,,,
L16,characteristic,158,523,sea and ocean,159,15A,1,1,LC_ArtificialityCharacteristic,name,,,Artificiality,,,,,
L16,characteristic,158,523,sea and ocean,159,15A,1,1,LC_ArtificialityCharacteristic,type,,,Natural,,,,,
L16,characteristic,158,523,sea and ocean,159,15A,1,2,LC_WaterSalinityCharacteristic,lccs3_type,,,LC_WaterSalinity,,,,,
L16,characteristic,158,523,sea and ocean,159,15A,1,2,LC_WaterSalinityCharacteristic,description,,,Describe the water salinity characteristic,,,,,
L16,characteristic,158,523,sea and ocean,159,15A,1,2,LC_WaterSalinityCharacteristic,name,,,Water Salinity,,,,,
L16,characteristic,158,523,sea and ocean,159,15A,1,2,LC_WaterSalinityCharacteristic,type,,,Saline,,,,,
L16,class,1A0,125,Urban very open,,,,,,class_name,,,Urban very open,,,,,
L16,class,1A0,125,Urban very open,,,,,,class_description,,,Describe the land cover class,,,,,
L16,class,1A0,125,Urban very open,,,,,,class_map_code,,,125,,,,,
L16,class,1A0,125,Urban very open,,,,,,uuid,,,d052fbf0-0be2-11e2-ac40-68b599f556ee,,,,,
L16,hp,1A0,125,Urban very open,1A1,,,,,description,,,Describe the horizontal pattern,,,,,
L16,hp,1A0,125,Urban very open,1A1,,,,,name,,,Horizontal Pattern 1,,,,,
L16,stratum,1A0,125,Urban very open,1A1,1A2,,,,description,,,Abiotic surface 1,,,,,
L16,stratum,1A0,125,Urban very open,1A1,1A2,,,,name,,,Stratum 1,,,,,
L16,stratum,1A0,125,Urban very open,1A1,1A2,,,,presence_type,,,Mandatory,,,,,
L16,stratum,1A0,125,Urban very open,1A1,1A2,,,,@ontop,,,0,,,,,
L16,element,1A0,125,Urban very open,1A1,1A2,1,,LC_BuiltUpSurface,lccs3_type,,,LC_BuiltUpSurface,,,,,
L16,element,1A0,125,Urban very open,1A1,1A2,1,,LC_BuiltUpSurface,description,,,Describe a built-up surface element,,,,,
L16,element,1A0,125,Urban very open,1A1,1A2,1,,LC_BuiltUpSurface,name,,,Built-up Surface,,,,,
L16,element,1A0,125,Urban very open,1A1,1A2,1,,LC_BuiltUpSurface,presence_type,,,Mandatory,,,,,
L16,element,1A0,125,Urban very open,1A1,1A2,1,,LC_BuiltUpSurface,cover,10.0,30.0,,,,,,
