system,record,class_id,class_map_code,class_name,hp_id,stratum_id,block_id,char_id,ref,attribute,min,max,value,evidence,framing_ref,confidence,status,note
L8,legend,,,,,,,,,legend_name,,,BD LCCS Legend-VER5,,,,,
L8,legend,,,,,,,,,legend_description,,,Bangladesh National Land Cover Legend,,,,,
L8,legend,,,,,,,,,legend_author,,,CEGIS with the technical support from FAO,,,,,
L8,class,151,FH,Hill Forest,,,,,,class_name,,,Hill Forest,,,,,
L8,class,151,FH,Hill Forest,,,,,,class_description,,,Describe the land cover class,,,,,
L8,class,151,FH,Hill Forest,,,,,,class_map_code,,,FH,,,,,
L8,class,151,FH,Hill Forest,,,,,,uuid,,,344cdf13-ec75-11e5-b6f5-780cb82883be,,,,,
L8,class_char,151,FH,Hill Forest,,,,1,LC_GeographicalAspects,name,,,Geographical Aspects,,,,,
L8,class_char,151,FH,Hill Forest,,,,1,LC_GeographicalAspects,description,,,Describe the geographical aspects,,,,,
L8,class_char,151,FH,Hill Forest,,,,1,LC_GeographicalAspects,type,,,Located in Mountainous Tracts,,,,,
L8,class_char,151,FH,Hill Forest,,,,2,LC_TopographicalAspects,name,,,Topographical Aspects,,,,,
L8,class_char,151,FH,Hill Forest,,,,2,LC_TopographicalAspects,description,,,Describe the topographical aspects,,,,,
L8,class_char,151,FH,Hill Forest,,,,2,LC_TopographicalAspects,altitude,200.0,1100.0,,,,,,
L8,class_char,151,FH,Hill Forest,,,,3,LC_UnconsolidatedSurfaceCharacteristics,name,,,Unconsolidated Surface Characteristics,,,,,
L8,class_char,151,FH,Hill Forest,,,,3,LC_UnconsolidatedSurfaceCharacteristics,description,,,Describe the unconsolidated surface characteristics,,,,,
L8,class_char,151,FH,Hill Forest,,,,3,LC_UnconsolidatedSurfaceCharacteristics,soil_type,,,Brown hill soil,,,,,
L8,hp,151,FH,Hill Forest,153,,,,,name,,,Horizontal Pattern 1,,,,,
L8,hp,151,FH,Hill Forest,153,,,,,description,,,Describe the horizontal pattern,,,,,
L8,stratum,151,FH,Hill Forest,153,154,,,,name,,,Stratum 1,,,,,
L8,stratum,151,FH,Hill Forest,153,154,,,,description,,,Vegetation 1,,,,,
L8,stratum,151,FH,Hill Forest,153,154,,,,presence_type,,,Mandatory,,,,,
L8,stratum,151,FH,Hill Forest,153,154,,,,@ontop,,,0,,,,,
L8,element,151,FH,Hill Forest,153,154,1,,LC_Tree,lccs3_type,,,LC_Trees,,,,,
L8,element,151,FH,Hill Forest,153,154,1,,LC_Tree,name,,,Trees,,,,,
L8,element,151,FH,Hill Forest,153,154,1,,LC_Tree,description,,,Describe a vegetation element of trees type,,,,,
L8,element,151,FH,Hill Forest,153,154,1,,LC_Tree,presence_type,,,Mandatory,,,,,
L8,element,151,FH,Hill Forest,153,154,1,,LC_Tree,cover,10.0,100.0,,,,,,
L8,element,151,FH,Hill Forest,153,154,1,,LC_Tree,LC_WoodyGrowthLeafPhenology[LC_WoodyGrowthLeafPhenology]/name,,,Woody Growth Leaf Phenology,,,,,
L8,element,151,FH,Hill Forest,153,154,1,,LC_Tree,LC_WoodyGrowthLeafPhenology[LC_WoodyGrowthLeafPhenology]/description,,,Contains the elements of Woody Growth Leaf Phenology,,,,,
L8,element,151,FH,Hill Forest,153,154,1,,LC_Tree,LC_WoodyGrowthLeafPhenology[LC_WoodyGrowthLeafPhenology]/elements/LC_WoodyLeafPhenology[LC_Evergreen]/name,,,Evergreen,,,,,
L8,element,151,FH,Hill Forest,153,154,1,,LC_Tree,LC_WoodyGrowthLeafPhenology[LC_WoodyGrowthLeafPhenology]/elements/LC_WoodyLeafPhenology[LC_Evergreen]/description,,,Describe an Evergreen leaf phenology element,,,,,
L8,element,151,FH,Hill Forest,153,154,1,,LC_Tree,LC_WoodyGrowthLeafPhenology[LC_WoodyGrowthLeafPhenology]/elements/LC_WoodyLeafPhenology[LC_Deciduous]/name,,,Deciduous,,,,,
L8,element,151,FH,Hill Forest,153,154,1,,LC_Tree,LC_WoodyGrowthLeafPhenology[LC_WoodyGrowthLeafPhenology]/elements/LC_WoodyLeafPhenology[LC_Deciduous]/description,,,Describe a Deciduous leaf phenology element,,,,,
L8,element,151,FH,Hill Forest,153,154,1,,LC_Tree,LC_WoodyGrowthLeafType[LC_WoodyGrowthLeafType]/name,,,Woody Growth Leaf Type,,,,,
L8,element,151,FH,Hill Forest,153,154,1,,LC_Tree,LC_WoodyGrowthLeafType[LC_WoodyGrowthLeafType]/description,,,Contains the elements of Woody Growth Leaf Type,,,,,
L8,element,151,FH,Hill Forest,153,154,1,,LC_Tree,LC_WoodyGrowthLeafType[LC_WoodyGrowthLeafType]/elements/LC_WoodyLeafType[LC_Broadleaved]/name,,,Broadleaved,,,,,
L8,element,151,FH,Hill Forest,153,154,1,,LC_Tree,LC_WoodyGrowthLeafType[LC_WoodyGrowthLeafType]/elements/LC_WoodyLeafType[LC_Broadleaved]/description,,,Describe a Broadleaved type element,,,,,
L8,element,151,FH,Hill Forest,153,154,1,,LC_Tree,height,5.0,35.0,,,,,,
L8,characteristic,151,FH,Hill Forest,153,154,1,1,LC_FloristicAspectsCharacteristic,lccs3_type,,,LC_FloristicAspect,,,,,
L8,characteristic,151,FH,Hill Forest,153,154,1,1,LC_FloristicAspectsCharacteristic,name,,,Floristic Aspect,,,,,
L8,characteristic,151,FH,Hill Forest,153,154,1,1,LC_FloristicAspectsCharacteristic,description,,,Describe the floristic aspect,,,,,
L8,characteristic,151,FH,Hill Forest,153,154,1,1,LC_FloristicAspectsCharacteristic,elements/LC_Characteristic[LC_FloristicAspectSpecies]/name,,,Floristic Aspect Species,,,,,
L8,characteristic,151,FH,Hill Forest,153,154,1,1,LC_FloristicAspectsCharacteristic,elements/LC_Characteristic[LC_FloristicAspectSpecies]/description,,,Describe the floristic aspect species,,,,,
L8,characteristic,151,FH,Hill Forest,153,154,1,1,LC_FloristicAspectsCharacteristic,elements/LC_Characteristic[LC_FloristicAspectSpecies]/species_name,,,"Chapalish, Dipterocarps species, Koroi, Jarul, Gamar etc",,,,,
L8,characteristic,151,FH,Hill Forest,153,154,1,2,LC_VegetationArtificialityCharacteristic,lccs3_type,,,LC_NaturalOrSeminaturalVegetation,,,,,value: Natural or Seminatural
L8,characteristic,151,FH,Hill Forest,153,154,1,2,LC_VegetationArtificialityCharacteristic,name,,,Natural Or Seminatural Vegetation,,,,,
L8,characteristic,151,FH,Hill Forest,153,154,1,2,LC_VegetationArtificialityCharacteristic,description,,,Describe the natural or seminatural vegetation,,,,,
L8,class,205,BF,Bamboo Forest,,,,,,class_name,,,Bamboo Forest,,,,,
L8,class,205,BF,Bamboo Forest,,,,,,class_description,,,Describe the land cover class,,,,,
L8,class,205,BF,Bamboo Forest,,,,,,class_map_code,,,BF,,,,,
L8,class,205,BF,Bamboo Forest,,,,,,uuid,,,7ccf0260-63c4-11e6-949f-28e3478d86fa,,,,,
L8,class_char,205,BF,Bamboo Forest,,,,1,LC_LandForm,name,,,Land Form,,,,,
L8,class_char,205,BF,Bamboo Forest,,,,1,LC_LandForm,description,,,Describe the land form,,,,,
L8,class_char,205,BF,Bamboo Forest,,,,1,LC_LandForm,slope_class_type,,,Hilly,,,,,
L8,hp,205,BF,Bamboo Forest,206,,,,,name,,,Horizontal Pattern 1,,,,,
L8,hp,205,BF,Bamboo Forest,206,,,,,description,,,Describe the horizontal pattern,,,,,
L8,stratum,205,BF,Bamboo Forest,206,207,,,,name,,,Stratum 1,,,,,
L8,stratum,205,BF,Bamboo Forest,206,207,,,,description,,,Vegetation 1,,,,,
L8,stratum,205,BF,Bamboo Forest,206,207,,,,presence_type,,,Mandatory,,,,,
L8,stratum,205,BF,Bamboo Forest,206,207,,,,@ontop,,,0,,,,,
L8,element,205,BF,Bamboo Forest,206,207,1,,LC_Tree,lccs3_type,,,LC_Trees,,,,,
L8,element,205,BF,Bamboo Forest,206,207,1,,LC_Tree,name,,,Trees,,,,,
L8,element,205,BF,Bamboo Forest,206,207,1,,LC_Tree,description,,,Describe a vegetation element of trees type,,,,,
L8,element,205,BF,Bamboo Forest,206,207,1,,LC_Tree,presence_type,,,Mandatory,,,,,
L8,element,205,BF,Bamboo Forest,206,207,1,,LC_Tree,cover,80.0,100.0,,,,,,
L8,element,205,BF,Bamboo Forest,206,207,1,,LC_Tree,LC_WoodyGrowthLeafPhenology[LC_WoodyGrowthLeafPhenology]/name,,,Woody Growth Leaf Phenology,,,,,
L8,element,205,BF,Bamboo Forest,206,207,1,,LC_Tree,LC_WoodyGrowthLeafPhenology[LC_WoodyGrowthLeafPhenology]/description,,,Contains the elements of Woody Growth Leaf Phenology,,,,,
L8,element,205,BF,Bamboo Forest,206,207,1,,LC_Tree,LC_WoodyGrowthLeafPhenology[LC_WoodyGrowthLeafPhenology]/elements/LC_WoodyLeafPhenology[LC_Evergreen]/name,,,Evergreen,,,,,
L8,element,205,BF,Bamboo Forest,206,207,1,,LC_Tree,LC_WoodyGrowthLeafPhenology[LC_WoodyGrowthLeafPhenology]/elements/LC_WoodyLeafPhenology[LC_Evergreen]/description,,,Describe an Evergreen leaf phenology element,,,,,
L8,element,205,BF,Bamboo Forest,206,207,1,,LC_Tree,LC_WoodyGrowthLeafType[LC_WoodyGrowthLeafType]/name,,,Woody Growth Leaf Type,,,,,
L8,element,205,BF,Bamboo Forest,206,207,1,,LC_Tree,LC_WoodyGrowthLeafType[LC_WoodyGrowthLeafType]/description,,,Contains the elements of Woody Growth Leaf Type,,,,,
L8,element,205,BF,Bamboo Forest,206,207,1,,LC_Tree,LC_WoodyGrowthLeafType[LC_WoodyGrowthLeafType]/elements/LC_WoodyLeafType[LC_Broadleaved]/name,,,Broadleaved,,,,,
L8,element,205,BF,Bamboo Forest,206,207,1,,LC_Tree,LC_WoodyGrowthLeafType[LC_WoodyGrowthLeafType]/elements/LC_WoodyLeafType[LC_Broadleaved]/description,,,Describe a Broadleaved type element,,,,,
L8,element,205,BF,Bamboo Forest,206,207,1,,LC_Tree,height,5.0,15.0,,,,,,
L8,characteristic,205,BF,Bamboo Forest,206,207,1,1,LC_FloristicAspectsCharacteristic,lccs3_type,,,LC_FloristicAspect,,,,,
L8,characteristic,205,BF,Bamboo Forest,206,207,1,1,LC_FloristicAspectsCharacteristic,name,,,Floristic Aspect,,,,,
L8,characteristic,205,BF,Bamboo Forest,206,207,1,1,LC_FloristicAspectsCharacteristic,description,,,Describe the floristic aspect,,,,,
L8,characteristic,205,BF,Bamboo Forest,206,207,1,1,LC_FloristicAspectsCharacteristic,elements/LC_Characteristic[LC_FloristicAspectSpecies]/name,,,Floristic Aspect Species,,,,,
L8,characteristic,205,BF,Bamboo Forest,206,207,1,1,LC_FloristicAspectsCharacteristic,elements/LC_Characteristic[LC_FloristicAspectSpecies]/description,,,Describe the floristic aspect species,,,,,
L8,characteristic,205,BF,Bamboo Forest,206,207,1,1,LC_FloristicAspectsCharacteristic,elements/LC_Characteristic[LC_FloristicAspectSpecies]/species_name,,,"Muli, Mitenga, Dalu etc.",,,,,
L8,characteristic,205,BF,Bamboo Forest,206,207,1,2,LC_VegetationArtificialityCharacteristic,lccs3_type,,,LC_NaturalOrSeminaturalVegetation,,,,,value: Natural or Seminatural
L8,characteristic,205,BF,Bamboo Forest,206,207,1,2,LC_VegetationArtificialityCharacteristic,name,,,Natural Or Seminatural Vegetation,,,,,
L8,characteristic,205,BF,Bamboo Forest,206,207,1,2,LC_VegetationArtificialityCharacteristic,description,,,Describe the natural or seminatural vegetation,,,,,
L8,class,15F,FDp,Plain Land Sal Forest,,,,,,class_name,,,Plain Land Sal Forest,,,,,
L8,class,15F,FDp,Plain Land Sal Forest,,,,,,class_description,,,Describe the land cover class,,,,,
L8,class,15F,FDp,Plain Land Sal Forest,,,,,,class_map_code,,,FDp,,,,,
L8,class,15F,FDp,Plain Land Sal Forest,,,,,,uuid,,,344f298d-ec75-11e5-b6f5-780cb82883be,,,,,
L8,class_char,15F,FDp,Plain Land Sal Forest,,,,1,LC_LandForm,name,,,Land Form,,,,,
L8,class_char,15F,FDp,Plain Land Sal Forest,,,,1,LC_LandForm,description,,,Describe the land form,,,,,
L8,class_char,15F,FDp,Plain Land Sal Forest,,,,1,LC_LandForm,slope_class_type,,,Flat to Almost Flat,,,,,
L8,class_char,15F,FDp,Plain Land Sal Forest,,,,2,LC_TopographicalAspects,name,,,Topographical Aspects,,,,,
L8,class_char,15F,FDp,Plain Land Sal Forest,,,,2,LC_TopographicalAspects,description,,,Describe the topographical aspects,,,,,
L8,class_char,15F,FDp,Plain Land Sal Forest,,,,2,LC_TopographicalAspects,altitude,9.0,18.0,,,,,,
L8,hp,15F,FDp,Plain Land Sal Forest,161,,,,,name,,,Horizontal Pattern 1,,,,,
L8,hp,15F,FDp,Plain Land Sal Forest,161,,,,,description,,,Describe the horizontal pattern,,,,,
L8,stratum,15F,FDp,Plain Land Sal Forest,161,162,,,,name,,,Stratum 1,,,,,
L8,stratum,15F,FDp,Plain Land Sal Forest,161,162,,,,description,,,Vegetation 1,,,,,
L8,stratum,15F,FDp,Plain Land Sal Forest,161,162,,,,presence_type,,,Mandatory,,,,,
L8,stratum,15F,FDp,Plain Land Sal Forest,161,162,,,,@ontop,,,0,,,,,
L8,element,15F,FDp,Plain Land Sal Forest,161,162,1,,LC_Tree,lccs3_type,,,LC_Trees,,,,,
L8,element,15F,FDp,Plain Land Sal Forest,161,162,1,,LC_Tree,name,,,Trees,,,,,
L8,element,15F,FDp,Plain Land Sal Forest,161,162,1,,LC_Tree,description,,,Describe a vegetation element of trees type,,,,,
L8,element,15F,FDp,Plain Land Sal Forest,161,162,1,,LC_Tree,presence_type,,,Mandatory,,,,,
L8,element,15F,FDp,Plain Land Sal Forest,161,162,1,,LC_Tree,cover,10.0,100.0,,,,,,
L8,element,15F,FDp,Plain Land Sal Forest,161,162,1,,LC_Tree,LC_WoodyGrowthLeafPhenology[LC_WoodyGrowthLeafPhenology]/name,,,Woody Growth Leaf Phenology,,,,,
L8,element,15F,FDp,Plain Land Sal Forest,161,162,1,,LC_Tree,LC_WoodyGrowthLeafPhenology[LC_WoodyGrowthLeafPhenology]/description,,,Contains the elements of Woody Growth Leaf Phenology,,,,,
L8,element,15F,FDp,Plain Land Sal Forest,161,162,1,,LC_Tree,LC_WoodyGrowthLeafPhenology[LC_WoodyGrowthLeafPhenology]/elements/LC_WoodyLeafPhenology[LC_Deciduous]/name,,,Deciduous,,,,,
L8,element,15F,FDp,Plain Land Sal Forest,161,162,1,,LC_Tree,LC_WoodyGrowthLeafPhenology[LC_WoodyGrowthLeafPhenology]/elements/LC_WoodyLeafPhenology[LC_Deciduous]/description,,,Describe a Deciduous leaf phenology element,,,,,
L8,element,15F,FDp,Plain Land Sal Forest,161,162,1,,LC_Tree,LC_WoodyGrowthLeafType[LC_WoodyGrowthLeafType]/name,,,Woody Growth Leaf Type,,,,,
L8,element,15F,FDp,Plain Land Sal Forest,161,162,1,,LC_Tree,LC_WoodyGrowthLeafType[LC_WoodyGrowthLeafType]/description,,,Contains the elements of Woody Growth Leaf Type,,,,,
L8,element,15F,FDp,Plain Land Sal Forest,161,162,1,,LC_Tree,LC_WoodyGrowthLeafType[LC_WoodyGrowthLeafType]/elements/LC_WoodyLeafType[LC_Broadleaved]/name,,,Broadleaved,,,,,
L8,element,15F,FDp,Plain Land Sal Forest,161,162,1,,LC_Tree,LC_WoodyGrowthLeafType[LC_WoodyGrowthLeafType]/elements/LC_WoodyLeafType[LC_Broadleaved]/description,,,Describe a Broadleaved type element,,,,,
L8,element,15F,FDp,Plain Land Sal Forest,161,162,1,,LC_Tree,height,5.0,35.0,,,,,,
L8,characteristic,15F,FDp,Plain Land Sal Forest,161,162,1,1,LC_FloristicAspectsCharacteristic,lccs3_type,,,LC_FloristicAspect,,,,,
L8,characteristic,15F,FDp,Plain Land Sal Forest,161,162,1,1,LC_FloristicAspectsCharacteristic,name,,,Floristic Aspect,,,,,
L8,characteristic,15F,FDp,Plain Land Sal Forest,161,162,1,1,LC_FloristicAspectsCharacteristic,description,,,Describe the floristic aspect,,,,,
L8,characteristic,15F,FDp,Plain Land Sal Forest,161,162,1,1,LC_FloristicAspectsCharacteristic,elements/LC_Characteristic[LC_FloristicAspectSpecies]/name,,,Floristic Aspect Species,,,,,
L8,characteristic,15F,FDp,Plain Land Sal Forest,161,162,1,1,LC_FloristicAspectsCharacteristic,elements/LC_Characteristic[LC_FloristicAspectSpecies]/description,,,Describe the floristic aspect species,,,,,
L8,characteristic,15F,FDp,Plain Land Sal Forest,161,162,1,1,LC_FloristicAspectsCharacteristic,elements/LC_Characteristic[LC_FloristicAspectSpecies]/species_name,,,Sal,,,,,
L8,characteristic,15F,FDp,Plain Land Sal Forest,161,162,1,2,LC_VegetationArtificialityCharacteristic,lccs3_type,,,LC_NaturalOrSeminaturalVegetation,,,,,value: Natural or Seminatural
L8,characteristic,15F,FDp,Plain Land Sal Forest,161,162,1,2,LC_VegetationArtificialityCharacteristic,name,,,Natural Or Seminatural Vegetation,,,,,
L8,characteristic,15F,FDp,Plain Land Sal Forest,161,162,1,2,LC_VegetationArtificialityCharacteristic,description,,,Describe the natural or seminatural vegetation,,,,,
L8,class,17,FP,Forest Plantations,,,,,,class_name,,,Forest Plantations,,,,,
L8,class,17,FP,Forest Plantations,,,,,,class_description,,,Describe the land cover class,,,,,
L8,class,17,FP,Forest Plantations,,,,,,class_map_code,,,FP,,,,,
L8,class,17,FP,Forest Plantations,,,,,,uuid,,,13c694a4-ea51-11e5-a049-780cb82883be,,,,,
L8,hp,17,FP,Forest Plantations,18,,,,,name,,,Horizontal Pattern 1,,,,,
L8,hp,17,FP,Forest Plantations,18,,,,,description,,,Describe the horizontal pattern,,,,,
L8,stratum,17,FP,Forest Plantations,18,19,,,,name,,,Stratum 1,,,,,
L8,stratum,17,FP,Forest Plantations,18,19,,,,description,,,Vegetation 1,,,,,
L8,stratum,17,FP,Forest Plantations,18,19,,,,presence_type,,,Mandatory,,,,,
L8,stratum,17,FP,Forest Plantations,18,19,,,,@ontop,,,0,,,,,
L8,element,17,FP,Forest Plantations,18,19,1,,LC_Tree,lccs3_type,,,LC_Trees,,,,,
L8,element,17,FP,Forest Plantations,18,19,1,,LC_Tree,name,,,Trees,,,,,
L8,element,17,FP,Forest Plantations,18,19,1,,LC_Tree,description,,,Describe a vegetation element of trees type,,,,,
L8,element,17,FP,Forest Plantations,18,19,1,,LC_Tree,presence_type,,,Mandatory,,,,,
L8,element,17,FP,Forest Plantations,18,19,1,,LC_Tree,cover,10.0,100.0,,,,,,
L8,element,17,FP,Forest Plantations,18,19,1,,LC_Tree,LC_WoodyGrowthLeafPhenology[LC_WoodyGrowthLeafPhenology]/name,,,Woody Growth Leaf Phenology,,,,,
L8,element,17,FP,Forest Plantations,18,19,1,,LC_Tree,LC_WoodyGrowthLeafPhenology[LC_WoodyGrowthLeafPhenology]/description,,,Contains the elements of Woody Growth Leaf Phenology,,,,,
L8,element,17,FP,Forest Plantations,18,19,1,,LC_Tree,LC_WoodyGrowthLeafPhenology[LC_WoodyGrowthLeafPhenology]/elements/LC_WoodyLeafPhenology[LC_Deciduous]/name,,,Deciduous,,,,,
L8,element,17,FP,Forest Plantations,18,19,1,,LC_Tree,LC_WoodyGrowthLeafPhenology[LC_WoodyGrowthLeafPhenology]/elements/LC_WoodyLeafPhenology[LC_Deciduous]/description,,,Describe a Deciduous leaf phenology element,,,,,
L8,element,17,FP,Forest Plantations,18,19,1,,LC_Tree,LC_WoodyGrowthLeafPhenology[LC_WoodyGrowthLeafPhenology]/elements/LC_WoodyLeafPhenology[LC_Evergreen]/name,,,Evergreen,,,,,
L8,element,17,FP,Forest Plantations,18,19,1,,LC_Tree,LC_WoodyGrowthLeafPhenology[LC_WoodyGrowthLeafPhenology]/elements/LC_WoodyLeafPhenology[LC_Evergreen]/description,,,Describe an Evergreen leaf phenology element,,,,,
L8,element,17,FP,Forest Plantations,18,19,1,,LC_Tree,LC_WoodyGrowthLeafType[LC_WoodyGrowthLeafType]/name,,,Woody Growth Leaf Type,,,,,
L8,element,17,FP,Forest Plantations,18,19,1,,LC_Tree,LC_WoodyGrowthLeafType[LC_WoodyGrowthLeafType]/description,,,Contains the elements of Woody Growth Leaf Type,,,,,
L8,element,17,FP,Forest Plantations,18,19,1,,LC_Tree,LC_WoodyGrowthLeafType[LC_WoodyGrowthLeafType]/elements/LC_WoodyLeafType[LC_Broadleaved]/name,,,Broadleaved,,,,,
L8,element,17,FP,Forest Plantations,18,19,1,,LC_Tree,LC_WoodyGrowthLeafType[LC_WoodyGrowthLeafType]/elements/LC_WoodyLeafType[LC_Broadleaved]/description,,,Describe a Broadleaved type element,,,,,
L8,element,17,FP,Forest Plantations,18,19,1,,LC_Tree,height,5.0,45.0,,,,,,
L8,characteristic,17,FP,Forest Plantations,18,19,1,1,LC_FloristicAspectsCharacteristic,lccs3_type,,,LC_FloristicAspect,,,,,
L8,characteristic,17,FP,Forest Plantations,18,19,1,1,LC_FloristicAspectsCharacteristic,name,,,Floristic Aspect,,,,,
L8,characteristic,17,FP,Forest Plantations,18,19,1,1,LC_FloristicAspectsCharacteristic,description,,,Describe the floristic aspect,,,,,
L8,characteristic,17,FP,Forest Plantations,18,19,1,1,LC_FloristicAspectsCharacteristic,elements/LC_Characteristic[LC_FloristicAspectSpecies]/name,,,Floristic Aspect Species,,,,,
L8,characteristic,17,FP,Forest Plantations,18,19,1,1,LC_FloristicAspectsCharacteristic,elements/LC_Characteristic[LC_FloristicAspectSpecies]/description,,,Describe the floristic aspect species,,,,,
L8,characteristic,17,FP,Forest Plantations,18,19,1,1,LC_FloristicAspectsCharacteristic,elements/LC_Characteristic[LC_FloristicAspectSpecies]/species_name,,,"Teak, Gamar, Mehgoni, Akashmoni, Menjium",,,,,
L8,characteristic,17,FP,Forest Plantations,18,19,1,2,LC_CultivatedAndManagedVegetationCharacteristics,lccs3_type,,,LC_CultivatedAndManagedVegetation,,,,,
L8,characteristic,17,FP,Forest Plantations,18,19,1,2,LC_CultivatedAndManagedVegetationCharacteristics,name,,,Cultivated And Managed Vegetation,,,,,
L8,characteristic,17,FP,Forest Plantations,18,19,1,2,LC_CultivatedAndManagedVegetationCharacteristics,description,,,Describe the cultivated and managed vegetation,,,,,
L8,characteristic,17,FP,Forest Plantations,18,19,1,2,LC_CultivatedAndManagedVegetationCharacteristics,elements/LC_Characteristic[LC_ForestPlantation]/name,,,Forest Plantation,,,,,
L8,characteristic,17,FP,Forest Plantations,18,19,1,2,LC_CultivatedAndManagedVegetationCharacteristics,elements/LC_Characteristic[LC_ForestPlantation]/description,,,Describe the forest plantation,,,,,
L8,characteristic,17,FP,Forest Plantations,18,19,1,2,LC_CultivatedAndManagedVegetationCharacteristics,elements/LC_Characteristic[LC_PlantSpreadingGeometry]/name,,,Plant Spreading Geometry,,,,,
L8,characteristic,17,FP,Forest Plantations,18,19,1,2,LC_CultivatedAndManagedVegetationCharacteristics,elements/LC_Characteristic[LC_PlantSpreadingGeometry]/description,,,Describe the plant spreading geometry,,,,,
L8,characteristic,17,FP,Forest Plantations,18,19,1,2,LC_CultivatedAndManagedVegetationCharacteristics,elements/LC_Characteristic[LC_PlantSpreadingGeometry]/type,,,Regular,,,,,
L8,stratum,17,FP,Forest Plantations,18,2FB,,,,name,,,Stratum 2,,,,,
L8,stratum,17,FP,Forest Plantations,18,2FB,,,,description,,,Vegetation 2,,,,,
L8,stratum,17,FP,Forest Plantations,18,2FB,,,,presence_type,,,Optional,,,,,
L8,stratum,17,FP,Forest Plantations,18,2FB,,,,@ontop,,,0,,,,,
L8,element,17,FP,Forest Plantations,18,2FB,1,,LC_HerbaceousGrowthForm,lccs3_type,,,LC_HerbaceousGrowthForms,,,,,
L8,element,17,FP,Forest Plantations,18,2FB,1,,LC_HerbaceousGrowthForm,name,,,Herbaceous growth forms,,,,,
L8,element,17,FP,Forest Plantations,18,2FB,1,,LC_HerbaceousGrowthForm,description,,,Describe a vegetation element of herbaceous growth form type,,,,,
L8,element,17,FP,Forest Plantations,18,2FB,1,,LC_HerbaceousGrowthForm,presence_type,,,Mandatory,,,,,
L8,characteristic,17,FP,Forest Plantations,18,2FB,1,1,LC_CultivatedAndManagedVegetationCharacteristics,lccs3_type,,,LC_CultivatedAndManagedVegetation,,,,,
L8,characteristic,17,FP,Forest Plantations,18,2FB,1,1,LC_CultivatedAndManagedVegetationCharacteristics,name,,,Cultivated And Managed Vegetation,,,,,
L8,characteristic,17,FP,Forest Plantations,18,2FB,1,1,LC_CultivatedAndManagedVegetationCharacteristics,description,,,Describe the cultivated and managed vegetation,,,,,
L8,characteristic,17,FP,Forest Plantations,18,2FB,1,2,LC_FloristicAspectsCharacteristic,lccs3_type,,,LC_FloristicAspect,,,,,
L8,characteristic,17,FP,Forest Plantations,18,2FB,1,2,LC_FloristicAspectsCharacteristic,name,,,Floristic Aspect,,,,,
L8,characteristic,17,FP,Forest Plantations,18,2FB,1,2,LC_FloristicAspectsCharacteristic,description,,,Describe the floristic aspect,,,,,
L8,characteristic,17,FP,Forest Plantations,18,2FB,1,2,LC_FloristicAspectsCharacteristic,elements/LC_Characteristic[LC_FloristicAspectSpecies]/name,,,Floristic Aspect Species,,,,,
L8,characteristic,17,FP,Forest Plantations,18,2FB,1,2,LC_FloristicAspectsCharacteristic,elements/LC_Characteristic[LC_FloristicAspectSpecies]/description,,,Describe the floristic aspect species,,,,,
L8,characteristic,17,FP,Forest Plantations,18,2FB,1,2,LC_FloristicAspectsCharacteristic,elements/LC_Characteristic[LC_FloristicAspectSpecies]/species_name,,,Vegetables,,,,,
L8,class,1AE,FPr,Rubber Plantation,,,,,,class_name,,,Rubber Plantation,,,,,
L8,class,1AE,FPr,Rubber Plantation,,,,,,class_description,,,Describe the land cover class,,,,,
L8,class,1AE,FPr,Rubber Plantation,,,,,,class_map_code,,,FPr,,,,,
L8,class,1AE,FPr,Rubber Plantation,,,,,,uuid,,,005306a6-ec78-11e5-b6f5-780cb82883be,,,,,
L8,hp,1AE,FPr,Rubber Plantation,1AF,,,,,name,,,Horizontal Pattern 1,,,,,
L8,hp,1AE,FPr,Rubber Plantation,1AF,,,,,description,,,Describe the horizontal pattern,,,,,
L8,stratum,1AE,FPr,Rubber Plantation,1AF,1B0,,,,name,,,Stratum 1,,,,,
L8,stratum,1AE,FPr,Rubber Plantation,1AF,1B0,,,,description,,,Vegetation 1,,,,,
L8,stratum,1AE,FPr,Rubber Plantation,1AF,1B0,,,,presence_type,,,Mandatory,,,,,
L8,stratum,1AE,FPr,Rubber Plantation,1AF,1B0,,,,@ontop,,,0,,,,,
L8,element,1AE,FPr,Rubber Plantation,1AF,1B0,1,,LC_Tree,lccs3_type,,,LC_Trees,,,,,
L8,element,1AE,FPr,Rubber Plantation,1AF,1B0,1,,LC_Tree,name,,,Trees,,,,,
L8,element,1AE,FPr,Rubber Plantation,1AF,1B0,1,,LC_Tree,description,,,Describe a vegetation element of trees type,,,,,
L8,element,1AE,FPr,Rubber Plantation,1AF,1B0,1,,LC_Tree,presence_type,,,Mandatory,,,,,
L8,element,1AE,FPr,Rubber Plantation,1AF,1B0,1,,LC_Tree,cover,10.0,100.0,,,,,,
L8,element,1AE,FPr,Rubber Plantation,1AF,1B0,1,,LC_Tree,LC_WoodyGrowthLeafPhenology[LC_WoodyGrowthLeafPhenology]/name,,,Woody Growth Leaf Phenology,,,,,
L8,element,1AE,FPr,Rubber Plantation,1AF,1B0,1,,LC_Tree,LC_WoodyGrowthLeafPhenology[LC_WoodyGrowthLeafPhenology]/description,,,Contains the elements of Woody Growth Leaf Phenology,,,,,
L8,element,1AE,FPr,Rubber Plantation,1AF,1B0,1,,LC_Tree,LC_WoodyGrowthLeafPhenology[LC_WoodyGrowthLeafPhenology]/elements/LC_WoodyLeafPhenology[LC_Deciduous]/name,,,Deciduous,,,,,
L8,element,1AE,FPr,Rubber Plantation,1AF,1B0,1,,LC_Tree,LC_WoodyGrowthLeafPhenology[LC_WoodyGrowthLeafPhenology]/elements/LC_WoodyLeafPhenology[LC_Deciduous]/description,,,Describe a Deciduous leaf phenology element,,,,,
L8,element,1AE,FPr,Rubber Plantation,1AF,1B0,1,,LC_Tree,LC_WoodyGrowthLeafType[LC_WoodyGrowthLeafType]/name,,,Woody Growth Leaf Type,,,,,
L8,element,1AE,FPr,Rubber Plantation,1AF,1B0,1,,LC_Tree,LC_WoodyGrowthLeafType[LC_WoodyGrowthLeafType]/description,,,Contains the elements of Woody Growth Leaf Type,,,,,
L8,element,1AE,FPr,Rubber Plantation,1AF,1B0,1,,LC_Tree,LC_WoodyGrowthLeafType[LC_WoodyGrowthLeafType]/elements/LC_WoodyLeafType[LC_Broadleaved]/name,,,Broadleaved,,,,,
L8,element,1AE,FPr,Rubber Plantation,1AF,1B0,1,,LC_Tree,LC_WoodyGrowthLeafType[LC_WoodyGrowthLeafType]/elements/LC_WoodyLeafType[LC_Broadleaved]/description,,,Describe a Broadleaved type element,,,,,
L8,element,1AE,FPr,Rubber Plantation,1AF,1B0,1,,LC_Tree,height,5.0,45.0,,,,,,
L8,characteristic,1AE,FPr,Rubber Plantation,1AF,1B0,1,1,LC_FloristicAspectsCharacteristic,lccs3_type,,,LC_FloristicAspect,,,,,
L8,characteristic,1AE,FPr,Rubber Plantation,1AF,1B0,1,1,LC_FloristicAspectsCharacteristic,name,,,Floristic Aspect,,,,,
L8,characteristic,1AE,FPr,Rubber Plantation,1AF,1B0,1,1,LC_FloristicAspectsCharacteristic,description,,,Describe the floristic aspect,,,,,
L8,characteristic,1AE,FPr,Rubber Plantation,1AF,1B0,1,1,LC_FloristicAspectsCharacteristic,elements/LC_Characteristic[LC_FloristicAspectSpecies]/name,,,Floristic Aspect Species,,,,,
L8,characteristic,1AE,FPr,Rubber Plantation,1AF,1B0,1,1,LC_FloristicAspectsCharacteristic,elements/LC_Characteristic[LC_FloristicAspectSpecies]/description,,,Describe the floristic aspect species,,,,,
L8,characteristic,1AE,FPr,Rubber Plantation,1AF,1B0,1,1,LC_FloristicAspectsCharacteristic,elements/LC_Characteristic[LC_FloristicAspectSpecies]/species_name,,,Rubber,,,,,
L8,characteristic,1AE,FPr,Rubber Plantation,1AF,1B0,1,2,LC_CultivatedAndManagedVegetationCharacteristics,lccs3_type,,,LC_CultivatedAndManagedVegetation,,,,,
L8,characteristic,1AE,FPr,Rubber Plantation,1AF,1B0,1,2,LC_CultivatedAndManagedVegetationCharacteristics,name,,,Cultivated And Managed Vegetation,,,,,
L8,characteristic,1AE,FPr,Rubber Plantation,1AF,1B0,1,2,LC_CultivatedAndManagedVegetationCharacteristics,description,,,Describe the cultivated and managed vegetation,,,,,
L8,characteristic,1AE,FPr,Rubber Plantation,1AF,1B0,1,2,LC_CultivatedAndManagedVegetationCharacteristics,elements/LC_Characteristic[LC_Plantation]/name,,,Plantation,,,,,
L8,characteristic,1AE,FPr,Rubber Plantation,1AF,1B0,1,2,LC_CultivatedAndManagedVegetationCharacteristics,elements/LC_Characteristic[LC_Plantation]/description,,,Describe the plantation,,,,,
L8,characteristic,1AE,FPr,Rubber Plantation,1AF,1B0,1,2,LC_CultivatedAndManagedVegetationCharacteristics,elements/LC_Characteristic[LC_PlantSpreadingGeometry]/name,,,Plant Spreading Geometry,,,,,
L8,characteristic,1AE,FPr,Rubber Plantation,1AF,1B0,1,2,LC_CultivatedAndManagedVegetationCharacteristics,elements/LC_Characteristic[LC_PlantSpreadingGeometry]/description,,,Describe the plant spreading geometry,,,,,
L8,characteristic,1AE,FPr,Rubber Plantation,1AF,1B0,1,2,LC_CultivatedAndManagedVegetationCharacteristics,elements/LC_Characteristic[LC_PlantSpreadingGeometry]/type,,,Regular,,,,,
L8,class,21,OT,Orchards and Other Plantations (Trees),,,,,,class_name,,,Orchards and Other Plantations (Trees),,,,,
L8,class,21,OT,Orchards and Other Plantations (Trees),,,,,,class_description,,,Describe the land cover class,,,,,
L8,class,21,OT,Orchards and Other Plantations (Trees),,,,,,class_map_code,,,OT,,,,,
L8,class,21,OT,Orchards and Other Plantations (Trees),,,,,,uuid,,,8a64caa3-ea51-11e5-a049-780cb82883be,,,,,
L8,hp,21,OT,Orchards and Other Plantations (Trees),22,,,,,name,,,Horizontal Pattern 1,,,,,
L8,hp,21,OT,Orchards and Other Plantations (Trees),22,,,,,description,,,Describe the horizontal pattern,,,,,
L8,stratum,21,OT,Orchards and Other Plantations (Trees),22,23,,,,name,,,Stratum 1,,,,,
L8,stratum,21,OT,Orchards and Other Plantations (Trees),22,23,,,,description,,,Vegetation 1,,,,,
L8,stratum,21,OT,Orchards and Other Plantations (Trees),22,23,,,,presence_type,,,Mandatory,,,,,
L8,stratum,21,OT,Orchards and Other Plantations (Trees),22,23,,,,@ontop,,,0,,,,,
L8,element,21,OT,Orchards and Other Plantations (Trees),22,23,1,,LC_Tree,lccs3_type,,,LC_Trees,,,,,
L8,element,21,OT,Orchards and Other Plantations (Trees),22,23,1,,LC_Tree,name,,,Trees,,,,,
L8,element,21,OT,Orchards and Other Plantations (Trees),22,23,1,,LC_Tree,description,,,Describe a vegetation element of trees type,,,,,
L8,element,21,OT,Orchards and Other Plantations (Trees),22,23,1,,LC_Tree,presence_type,,,Mandatory,,,,,
L8,element,21,OT,Orchards and Other Plantations (Trees),22,23,1,,LC_Tree,cover,30.0,100.0,,,,,,
L8,element,21,OT,Orchards and Other Plantations (Trees),22,23,1,,LC_Tree,LC_WoodyGrowthLeafPhenology[LC_WoodyGrowthLeafPhenology]/name,,,Woody Growth Leaf Phenology,,,,,
L8,element,21,OT,Orchards and Other Plantations (Trees),22,23,1,,LC_Tree,LC_WoodyGrowthLeafPhenology[LC_WoodyGrowthLeafPhenology]/description,,,Contains the elements of Woody Growth Leaf Phenology,,,,,
L8,element,21,OT,Orchards and Other Plantations (Trees),22,23,1,,LC_Tree,LC_WoodyGrowthLeafPhenology[LC_WoodyGrowthLeafPhenology]/elements/LC_WoodyLeafPhenology[LC_Deciduous]/name,,,Deciduous,,,,,
L8,element,21,OT,Orchards and Other Plantations (Trees),22,23,1,,LC_Tree,LC_WoodyGrowthLeafPhenology[LC_WoodyGrowthLeafPhenology]/elements/LC_WoodyLeafPhenology[LC_Deciduous]/description,,,Describe a Deciduous leaf phenology element,,,,,
L8,element,21,OT,Orchards and Other Plantations (Trees),22,23,1,,LC_Tree,LC_WoodyGrowthLeafType[LC_WoodyGrowthLeafType]/name,,,Woody Growth Leaf Type,,,,,
L8,element,21,OT,Orchards and Other Plantations (Trees),22,23,1,,LC_Tree,LC_WoodyGrowthLeafType[LC_WoodyGrowthLeafType]/description,,,Contains the elements of Woody Growth Leaf Type,,,,,
L8,element,21,OT,Orchards and Other Plantations (Trees),22,23,1,,LC_Tree,LC_WoodyGrowthLeafType[LC_WoodyGrowthLeafType]/elements/LC_WoodyLeafType[LC_Broadleaved]/name,,,Broadleaved,,,,,
L8,element,21,OT,Orchards and Other Plantations (Trees),22,23,1,,LC_Tree,LC_WoodyGrowthLeafType[LC_WoodyGrowthLeafType]/elements/LC_WoodyLeafType[LC_Broadleaved]/description,,,Describe a Broadleaved type element,,,,,
L8,element,21,OT,Orchards and Other Plantations (Trees),22,23,1,,LC_Tree,height,5.0,30.0,,,,,,
L8,characteristic,21,OT,Orchards and Other Plantations (Trees),22,23,1,1,LC_FloristicAspectsCharacteristic,lccs3_type,,,LC_FloristicAspect,,,,,
L8,characteristic,21,OT,Orchards and Other Plantations (Trees),22,23,1,1,LC_FloristicAspectsCharacteristic,name,,,Floristic Aspect,,,,,
L8,characteristic,21,OT,Orchards and Other Plantations (Trees),22,23,1,1,LC_FloristicAspectsCharacteristic,description,,,Describe the floristic aspect,,,,,
L8,characteristic,21,OT,Orchards and Other Plantations (Trees),22,23,1,1,LC_FloristicAspectsCharacteristic,elements/LC_Characteristic[LC_FloristicAspectSpecies]/name,,,Floristic Aspect Species,,,,,
L8,characteristic,21,OT,Orchards and Other Plantations (Trees),22,23,1,1,LC_FloristicAspectsCharacteristic,elements/LC_Characteristic[LC_FloristicAspectSpecies]/description,,,Describe the floristic aspect species,,,,,
L8,characteristic,21,OT,Orchards and Other Plantations (Trees),22,23,1,1,LC_FloristicAspectsCharacteristic,elements/LC_Characteristic[LC_FloristicAspectSpecies]/species_name,,,Fruit Trees and Trees in Marginal Land,,,,,
L8,characteristic,21,OT,Orchards and Other Plantations (Trees),22,23,1,2,LC_CultivatedAndManagedVegetationCharacteristics,lccs3_type,,,LC_CultivatedAndManagedVegetation,,,,,
L8,characteristic,21,OT,Orchards and Other Plantations (Trees),22,23,1,2,LC_CultivatedAndManagedVegetationCharacteristics,name,,,Cultivated And Managed Vegetation,,,,,
L8,characteristic,21,OT,Orchards and Other Plantations (Trees),22,23,1,2,LC_CultivatedAndManagedVegetationCharacteristics,description,,,Describe the cultivated and managed vegetation,,,,,
L8,characteristic,21,OT,Orchards and Other Plantations (Trees),22,23,1,2,LC_CultivatedAndManagedVegetationCharacteristics,elements/LC_Characteristic[LC_OrchardAndOtherPlantation]/name,,,Orchard And Other Plantation,,,,,
L8,characteristic,21,OT,Orchards and Other Plantations (Trees),22,23,1,2,LC_CultivatedAndManagedVegetationCharacteristics,elements/LC_Characteristic[LC_OrchardAndOtherPlantation]/description,,,Describe the orchard and other plantation,,,,,
L8,characteristic,21,OT,Orchards and Other Plantations (Trees),22,23,1,2,LC_CultivatedAndManagedVegetationCharacteristics,elements/LC_Characteristic[LC_PlantSpreadingGeometry]/name,,,Plant Spreading Geometry,,,,,
L8,characteristic,21,OT,Orchards and Other Plantations (Trees),22,23,1,2,LC_CultivatedAndManagedVegetationCharacteristics,elements/LC_Characteristic[LC_PlantSpreadingGeometry]/description,,,Describe the plant spreading geometry,,,,,
L8,characteristic,21,OT,Orchards and Other Plantations (Trees),22,23,1,2,LC_CultivatedAndManagedVegetationCharacteristics,elements/LC_Characteristic[LC_PlantSpreadingGeometry]/type,,,Regular,,,,,
L8,class,26,OS,Orchard and Other Plantation (Shrubs),,,,,,class_name,,,Orchard and Other Plantation (Shrubs),,,,,
L8,class,26,OS,Orchard and Other Plantation (Shrubs),,,,,,class_description,,,Describe the land cover class,,,,,
L8,class,26,OS,Orchard and Other Plantation (Shrubs),,,,,,class_map_code,,,OS,,,,,
L8,class,26,OS,Orchard and Other Plantation (Shrubs),,,,,,uuid,,,38bba3e3-ea51-11e5-a049-780cb82883be,,,,,
L8,hp,26,OS,Orchard and Other Plantation (Shrubs),27,,,,,name,,,Horizontal Pattern 1,,,,,
L8,hp,26,OS,Orchard and Other Plantation (Shrubs),27,,,,,description,,,Describe the horizontal pattern,,,,,
L8,stratum,26,OS,Orchard and Other Plantation (Shrubs),27,28,,,,name,,,Stratum 1,,,,,
L8,stratum,26,OS,Orchard and Other Plantation (Shrubs),27,28,,,,description,,,Vegetation 1,,,,,
L8,stratum,26,OS,Orchard and Other Plantation (Shrubs),27,28,,,,presence_type,,,Mandatory,,,,,
L8,stratum,26,OS,Orchard and Other Plantation (Shrubs),27,28,,,,@ontop,,,0,,,,,
L8,element,26,OS,Orchard and Other Plantation (Shrubs),27,28,1,,LC_Shrub,lccs3_type,,,LC_Shrubs,,,,,
L8,element,26,OS,Orchard and Other Plantation (Shrubs),27,28,1,,LC_Shrub,name,,,Shrubs,,,,,
L8,element,26,OS,Orchard and Other Plantation (Shrubs),27,28,1,,LC_Shrub,description,,,Describe a vegetation element of shrubs type,,,,,
L8,element,26,OS,Orchard and Other Plantation (Shrubs),27,28,1,,LC_Shrub,presence_type,,,Mandatory,,,,,
L8,element,26,OS,Orchard and Other Plantation (Shrubs),27,28,1,,LC_Shrub,cover,30.0,100.0,,,,,,
L8,element,26,OS,Orchard and Other Plantation (Shrubs),27,28,1,,LC_Shrub,LC_WoodyGrowthLeafPhenology[LC_WoodyGrowthLeafPhenology]/name,,,Woody Growth Leaf Phenology,,,,,
L8,element,26,OS,Orchard and Other Plantation (Shrubs),27,28,1,,LC_Shrub,LC_WoodyGrowthLeafPhenology[LC_WoodyGrowthLeafPhenology]/description,,,Contains the elements of Woody Growth Leaf Phenology,,,,,
L8,element,26,OS,Orchard and Other Plantation (Shrubs),27,28,1,,LC_Shrub,LC_WoodyGrowthLeafPhenology[LC_WoodyGrowthLeafPhenology]/elements/LC_WoodyLeafPhenology[LC_Evergreen]/name,,,Evergreen,,,,,
L8,element,26,OS,Orchard and Other Plantation (Shrubs),27,28,1,,LC_Shrub,LC_WoodyGrowthLeafPhenology[LC_WoodyGrowthLeafPhenology]/elements/LC_WoodyLeafPhenology[LC_Evergreen]/description,,,Describe an Evergreen leaf phenology element,,,,,
L8,element,26,OS,Orchard and Other Plantation (Shrubs),27,28,1,,LC_Shrub,LC_WoodyGrowthLeafType[LC_WoodyGrowthLeafType]/name,,,Woody Growth Leaf Type,,,,,
L8,element,26,OS,Orchard and Other Plantation (Shrubs),27,28,1,,LC_Shrub,LC_WoodyGrowthLeafType[LC_WoodyGrowthLeafType]/description,,,Contains the elements of Woody Growth Leaf Type,,,,,
L8,element,26,OS,Orchard and Other Plantation (Shrubs),27,28,1,,LC_Shrub,LC_WoodyGrowthLeafType[LC_WoodyGrowthLeafType]/elements/LC_WoodyLeafType[LC_Broadleaved]/name,,,Broadleaved,,,,,
L8,element,26,OS,Orchard and Other Plantation (Shrubs),27,28,1,,LC_Shrub,LC_WoodyGrowthLeafType[LC_WoodyGrowthLeafType]/elements/LC_WoodyLeafType[LC_Broadleaved]/description,,,Describe a Broadleaved type element,,,,,
L8,element,26,OS,Orchard and Other Plantation (Shrubs),27,28,1,,LC_Shrub,height,1.5,5.0,,,,,,
L8,characteristic,26,OS,Orchard and Other Plantation (Shrubs),27,28,1,1,LC_FloristicAspectsCharacteristic,lccs3_type,,,LC_FloristicAspect,,,,,
L8,characteristic,26,OS,Orchard and Other Plantation (Shrubs),27,28,1,1,LC_FloristicAspectsCharacteristic,name,,,Floristic Aspect,,,,,
L8,characteristic,26,OS,Orchard and Other Plantation (Shrubs),27,28,1,1,LC_FloristicAspectsCharacteristic,description,,,Describe the floristic aspect,,,,,
L8,characteristic,26,OS,Orchard and Other Plantation (Shrubs),27,28,1,1,LC_FloristicAspectsCharacteristic,elements/LC_Characteristic[LC_FloristicAspectSpecies]/name,,,Floristic Aspect Species,,,,,
L8,characteristic,26,OS,Orchard and Other Plantation (Shrubs),27,28,1,1,LC_FloristicAspectsCharacteristic,elements/LC_Characteristic[LC_FloristicAspectSpecies]/description,,,Describe the floristic aspect species,,,,,
L8,characteristic,26,OS,Orchard and Other Plantation (Shrubs),27,28,1,1,LC_FloristicAspectsCharacteristic,elements/LC_Characteristic[LC_FloristicAspectSpecies]/species_name,,,Tea,,,,,
L8,characteristic,26,OS,Orchard and Other Plantation (Shrubs),27,28,1,2,LC_CultivatedAndManagedVegetationCharacteristics,lccs3_type,,,LC_CultivatedAndManagedVegetation,,,,,
L8,characteristic,26,OS,Orchard and Other Plantation (Shrubs),27,28,1,2,LC_CultivatedAndManagedVegetationCharacteristics,name,,,Cultivated And Managed Vegetation,,,,,
L8,characteristic,26,OS,Orchard and Other Plantation (Shrubs),27,28,1,2,LC_CultivatedAndManagedVegetationCharacteristics,description,,,Describe the cultivated and managed vegetation,,,,,
L8,characteristic,26,OS,Orchard and Other Plantation (Shrubs),27,28,1,2,LC_CultivatedAndManagedVegetationCharacteristics,elements/LC_Characteristic[LC_OrchardAndOtherPlantation]/name,,,Orchard And Other Plantation,,,,,
L8,characteristic,26,OS,Orchard and Other Plantation (Shrubs),27,28,1,2,LC_CultivatedAndManagedVegetationCharacteristics,elements/LC_Characteristic[LC_OrchardAndOtherPlantation]/description,,,Describe the orchard and other plantation,,,,,
L8,characteristic,26,OS,Orchard and Other Plantation (Shrubs),27,28,1,2,LC_CultivatedAndManagedVegetationCharacteristics,elements/LC_Characteristic[LC_PlantSpreadingGeometry]/name,,,Plant Spreading Geometry,,,,,
L8,characteristic,26,OS,Orchard and Other Plantation (Shrubs),27,28,1,2,LC_CultivatedAndManagedVegetationCharacteristics,elements/LC_Characteristic[LC_PlantSpreadingGeometry]/description,,,Describe the plant spreading geometry,,,,,
L8,characteristic,26,OS,Orchard and Other Plantation (Shrubs),27,28,1,2,LC_CultivatedAndManagedVegetationCharacteristics,elements/LC_Characteristic[LC_PlantSpreadingGeometry]/type,,,Regular,,,,,
L8,stratum,26,OS,Orchard and Other Plantation (Shrubs),27,32C,,,,name,,,Stratum 2,,,,,
L8,stratum,26,OS,Orchard and Other Plantation (Shrubs),27,32C,,,,description,,,Vegetation 2,,,,,
L8,stratum,26,OS,Orchard and Other Plantation (Shrubs),27,32C,,,,presence_type,,,Mandatory,,,,,
L8,stratum,26,OS,Orchard and Other Plantation (Shrubs),27,32C,,,,@ontop,,,0,,,,,
L8,element,26,OS,Orchard and Other Plantation (Shrubs),27,32C,1,,LC_Tree,lccs3_type,,,LC_Trees,,,,,
L8,element,26,OS,Orchard and Other Plantation (Shrubs),27,32C,1,,LC_Tree,name,,,Trees,,,,,
L8,element,26,OS,Orchard and Other Plantation (Shrubs),27,32C,1,,LC_Tree,description,,,Describe a vegetation element of trees type,,,,,
L8,element,26,OS,Orchard and Other Plantation (Shrubs),27,32C,1,,LC_Tree,presence_type,,,Mandatory,,,,,
L8,element,26,OS,Orchard and Other Plantation (Shrubs),27,32C,1,,LC_Tree,cover,10.0,20.0,,,,,,
L8,element,26,OS,Orchard and Other Plantation (Shrubs),27,32C,1,,LC_Tree,LC_WoodyGrowthLeafPhenology[LC_WoodyGrowthLeafPhenology]/name,,,Woody Growth Leaf Phenology,,,,,
L8,element,26,OS,Orchard and Other Plantation (Shrubs),27,32C,1,,LC_Tree,LC_WoodyGrowthLeafPhenology[LC_WoodyGrowthLeafPhenology]/description,,,Contains the elements of Woody Growth Leaf Phenology,,,,,
L8,element,26,OS,Orchard and Other Plantation (Shrubs),27,32C,1,,LC_Tree,LC_WoodyGrowthLeafPhenology[LC_WoodyGrowthLeafPhenology]/elements/LC_WoodyLeafPhenology[LC_Deciduous]/name,,,Deciduous,,,,,
L8,element,26,OS,Orchard and Other Plantation (Shrubs),27,32C,1,,LC_Tree,LC_WoodyGrowthLeafPhenology[LC_WoodyGrowthLeafPhenology]/elements/LC_WoodyLeafPhenology[LC_Deciduous]/description,,,Describe a Deciduous leaf phenology element,,,,,
L8,element,26,OS,Orchard and Other Plantation (Shrubs),27,32C,1,,LC_Tree,LC_WoodyGrowthLeafType[LC_WoodyGrowthLeafType]/name,,,Woody Growth Leaf Type,,,,,
L8,element,26,OS,Orchard and Other Plantation (Shrubs),27,32C,1,,LC_Tree,LC_WoodyGrowthLeafType[LC_WoodyGrowthLeafType]/description,,,Contains the elements of Woody Growth Leaf Type,,,,,
L8,element,26,OS,Orchard and Other Plantation (Shrubs),27,32C,1,,LC_Tree,LC_WoodyGrowthLeafType[LC_WoodyGrowthLeafType]/elements/LC_WoodyLeafType[LC_Broadleaved]/name,,,Broadleaved,,,,,
L8,element,26,OS,Orchard and Other Plantation (Shrubs),27,32C,1,,LC_Tree,LC_WoodyGrowthLeafType[LC_WoodyGrowthLeafType]/elements/LC_WoodyLeafType[LC_Broadleaved]/description,,,Describe a Broadleaved type element,,,,,
L8,element,26,OS,Orchard and Other Plantation (Shrubs),27,32C,1,,LC_Tree,height,5.0,35.0,,,,,,
L8,class,17B,PCs,Single Crop,,,,,,class_name,,,Single Crop,,,,,
L8,class,17B,PCs,Single Crop,,,,,,class_description,,,Single Permanent Crop,,,,,
L8,class,17B,PCs,Single Crop,,,,,,class_map_code,,,PCs,,,,,
L8,class,17B,PCs,Single Crop,,,,,,uuid,,,332d21c3-ec76-11e5-b6f5-780cb82883be,,,,,
L8,hp,17B,PCs,Single Crop,17C,,,,,name,,,Horizontal Pattern 1,,,,,
L8,hp,17B,PCs,Single Crop,17C,,,,,description,,,Describe the horizontal pattern,,,,,
L8,stratum,17B,PCs,Single Crop,17C,17D,,,,name,,,Stratum 1,,,,,
L8,stratum,17B,PCs,Single Crop,17C,17D,,,,description,,,Vegetation 1,,,,,
L8,stratum,17B,PCs,Single Crop,17C,17D,,,,presence_type,,,Mandatory,,,,,
L8,stratum,17B,PCs,Single Crop,17C,17D,,,,@ontop,,,0,,,,,
L8,element,17B,PCs,Single Crop,17C,17D,1,,LC_HerbaceousGrowthForm,lccs3_type,,,LC_HerbaceousGrowthForms,,,,,
L8,element,17B,PCs,Single Crop,17C,17D,1,,LC_HerbaceousGrowthForm,name,,,Herbaceous growth forms,,,,,
L8,element,17B,PCs,Single Crop,17C,17D,1,,LC_HerbaceousGrowthForm,description,,,Describe a vegetation element of herbaceous growth form type,,,,,
L8,element,17B,PCs,Single Crop,17C,17D,1,,LC_HerbaceousGrowthForm,presence_type,,,Mandatory,,,,,
L8,element,17B,PCs,Single Crop,17C,17D,1,,LC_HerbaceousGrowthForm,LC_HerbaceousGrowthLeafPhenology[LC_HerbaceousGrowthLeafPhenology]/name,,,Herbaceous Growth Leaf Phenology,,,,,
L8,element,17B,PCs,Single Crop,17C,17D,1,,LC_HerbaceousGrowthForm,LC_HerbaceousGrowthLeafPhenology[LC_HerbaceousGrowthLeafPhenology]/description,,,Contains the elements of Herbaceous Growth Leaf Phenology,,,,,
L8,element,17B,PCs,Single Crop,17C,17D,1,,LC_HerbaceousGrowthForm,LC_HerbaceousGrowthLeafPhenology[LC_HerbaceousGrowthLeafPhenology]/elements/LC_HerbaceousLeafPhenology[LC_Annual]/name,,,Annual,,,,,
L8,element,17B,PCs,Single Crop,17C,17D,1,,LC_HerbaceousGrowthForm,LC_HerbaceousGrowthLeafPhenology[LC_HerbaceousGrowthLeafPhenology]/elements/LC_HerbaceousLeafPhenology[LC_Annual]/description,,,Describe an Annual herbaceous growth form leaf phenology,,,,,
L8,characteristic,17B,PCs,Single Crop,17C,17D,1,1,LC_FloristicAspectsCharacteristic,lccs3_type,,,LC_FloristicAspect,,,,,
L8,characteristic,17B,PCs,Single Crop,17C,17D,1,1,LC_FloristicAspectsCharacteristic,name,,,Floristic Aspect,,,,,
L8,characteristic,17B,PCs,Single Crop,17C,17D,1,1,LC_FloristicAspectsCharacteristic,description,,,Describe the floristic aspect,,,,,
L8,characteristic,17B,PCs,Single Crop,17C,17D,1,1,LC_FloristicAspectsCharacteristic,elements/LC_Characteristic[LC_FloristicAspectSpecies]/name,,,Floristic Aspect Species,,,,,
L8,characteristic,17B,PCs,Single Crop,17C,17D,1,1,LC_FloristicAspectsCharacteristic,elements/LC_Characteristic[LC_FloristicAspectSpecies]/description,,,Describe the floristic aspect species,,,,,
L8,characteristic,17B,PCs,Single Crop,17C,17D,1,1,LC_FloristicAspectsCharacteristic,elements/LC_Characteristic[LC_FloristicAspectSpecies]/species_name,,,Cereals and Fruits,,,,,
L8,characteristic,17B,PCs,Single Crop,17C,17D,1,2,LC_CultivatedAndManagedVegetationCharacteristics,lccs3_type,,,LC_CultivatedAndManagedVegetation,,,,,
L8,characteristic,17B,PCs,Single Crop,17C,17D,1,2,LC_CultivatedAndManagedVegetationCharacteristics,name,,,Cultivated And Managed Vegetation,,,,,
L8,characteristic,17B,PCs,Single Crop,17C,17D,1,2,LC_CultivatedAndManagedVegetationCharacteristics,description,,,Describe the cultivated and managed vegetation,,,,,
L8,characteristic,17B,PCs,Single Crop,17C,17D,1,2,LC_CultivatedAndManagedVegetationCharacteristics,elements/LC_Characteristic[LC_PlantSpreadingGeometry]/name,,,Plant Spreading Geometry,,,,,
L8,characteristic,17B,PCs,Single Crop,17C,17D,1,2,LC_CultivatedAndManagedVegetationCharacteristics,elements/LC_Characteristic[LC_PlantSpreadingGeometry]/description,,,Describe the plant spreading geometry,,,,,
L8,characteristic,17B,PCs,Single Crop,17C,17D,1,2,LC_CultivatedAndManagedVegetationCharacteristics,elements/LC_Characteristic[LC_PlantSpreadingGeometry]/type,,,Regular,,,,,
L8,characteristic,17B,PCs,Single Crop,17C,17D,1,2,LC_CultivatedAndManagedVegetationCharacteristics,elements/LC_Characteristic[LC_Irrigation]/name,,,Irrigation,,,,,
L8,characteristic,17B,PCs,Single Crop,17C,17D,1,2,LC_CultivatedAndManagedVegetationCharacteristics,elements/LC_Characteristic[LC_Irrigation]/description,,,Describe the irrigation,,,,,
L8,characteristic,17B,PCs,Single Crop,17C,17D,1,2,LC_CultivatedAndManagedVegetationCharacteristics,elements/LC_Characteristic[LC_Irrigation]/irrigation_type,,,Surface Water/Ground Water,,,,,
L8,class,18D,SC,Shifting Cultivation,,,,,,class_name,,,Shifting Cultivation,,,,,
L8,class,18D,SC,Shifting Cultivation,,,,,,class_description,,,Describe the land cover class,,,,,
L8,class,18D,SC,Shifting Cultivation,,,,,,class_map_code,,,SC,,,,,
L8,class,18D,SC,Shifting Cultivation,,,,,,uuid,,,332f933a-ec76-11e5-b6f5-780cb82883be,,,,,
L8,hp,18D,SC,Shifting Cultivation,18E,,,,,name,,,Horizontal Pattern 1,,,,,
L8,hp,18D,SC,Shifting Cultivation,18E,,,,,description,,,Describe the horizontal pattern,,,,,
L8,stratum,18D,SC,Shifting Cultivation,18E,2D5,,,,name,,,Stratum 1,,,,,
L8,stratum,18D,SC,Shifting Cultivation,18E,2D5,,,,description,,,Vegetation 1,,,,,
L8,stratum,18D,SC,Shifting Cultivation,18E,2D5,,,,presence_type,,,Mandatory,,,,,
L8,stratum,18D,SC,Shifting Cultivation,18E,2D5,,,,@ontop,,,0,,,,,
L8,element,18D,SC,Shifting Cultivation,18E,2D5,1,,LC_HerbaceousGrowthForm,lccs3_type,,,LC_HerbaceousGrowthForms,,,,,
L8,element,18D,SC,Shifting Cultivation,18E,2D5,1,,LC_HerbaceousGrowthForm,name,,,Herbaceous growth forms,,,,,
L8,element,18D,SC,Shifting Cultivation,18E,2D5,1,,LC_HerbaceousGrowthForm,description,,,Describe a vegetation element of herbaceous growth form type,,,,,
L8,element,18D,SC,Shifting Cultivation,18E,2D5,1,,LC_HerbaceousGrowthForm,sequential_temporal_relationship/type,,,Sequential Other Year,,,,,
L8,element,18D,SC,Shifting Cultivation,18E,2D5,1,,LC_HerbaceousGrowthForm,sequential_temporal_relationship/length,1.0,2.0,,,,,,
L8,element,18D,SC,Shifting Cultivation,18E,2D5,1,,LC_HerbaceousGrowthForm,presence_type,,,Temporal Sequence Depending,,,,,
L8,characteristic,18D,SC,Shifting Cultivation,18E,2D5,1,1,LC_CultivatedAndManagedVegetationCharacteristics,lccs3_type,,,LC_CultivatedAndManagedVegetation,,,,,
L8,characteristic,18D,SC,Shifting Cultivation,18E,2D5,1,1,LC_CultivatedAndManagedVegetationCharacteristics,name,,,Cultivated And Managed Vegetation,,,,,
L8,characteristic,18D,SC,Shifting Cultivation,18E,2D5,1,1,LC_CultivatedAndManagedVegetationCharacteristics,description,,,Describe the cultivated and managed vegetation,,,,,
L8,element,18D,SC,Shifting Cultivation,18E,2D5,2,,LC_HerbaceousGrowthForm,lccs3_type,,,LC_HerbaceousGrowthForms,,,,,
L8,element,18D,SC,Shifting Cultivation,18E,2D5,2,,LC_HerbaceousGrowthForm,name,,,Herbaceous growth forms,,,,,
L8,element,18D,SC,Shifting Cultivation,18E,2D5,2,,LC_HerbaceousGrowthForm,description,,,Describe a vegetation element of herbaceous growth form type,,,,,
L8,element,18D,SC,Shifting Cultivation,18E,2D5,2,,LC_HerbaceousGrowthForm,sequential_temporal_relationship/type,,,Sequential Other Year,,,,,
L8,element,18D,SC,Shifting Cultivation,18E,2D5,2,,LC_HerbaceousGrowthForm,sequential_temporal_relationship/length,3.0,4.0,,,,,,
L8,element,18D,SC,Shifting Cultivation,18E,2D5,2,,LC_HerbaceousGrowthForm,presence_type,,,Temporal Sequence Depending,,,,,
L8,characteristic,18D,SC,Shifting Cultivation,18E,2D5,2,1,LC_VegetationArtificialityCharacteristic,lccs3_type,,,LC_NaturalOrSeminaturalVegetation,,,,,value: Natural or Seminatural
L8,characteristic,18D,SC,Shifting Cultivation,18E,2D5,2,1,LC_VegetationArtificialityCharacteristic,name,,,Natural Or Seminatural Vegetation,,,,,
L8,characteristic,18D,SC,Shifting Cultivation,18E,2D5,2,1,LC_VegetationArtificialityCharacteristic,description,,,Describe the natural or seminatural vegetation,,,,,
L8,element,18D,SC,Shifting Cultivation,18E,2D5,3,,LC_Shrub,lccs3_type,,,LC_Shrubs,,,,,
L8,element,18D,SC,Shifting Cultivation,18E,2D5,3,,LC_Shrub,name,,,Shrubs,,,,,
L8,element,18D,SC,Shifting Cultivation,18E,2D5,3,,LC_Shrub,description,,,Describe a vegetation element of shrubs type,,,,,
L8,element,18D,SC,Shifting Cultivation,18E,2D5,3,,LC_Shrub,sequential_temporal_relationship/type,,,Sequential Other Year,,,,,
L8,element,18D,SC,Shifting Cultivation,18E,2D5,3,,LC_Shrub,sequential_temporal_relationship/length,4.0,7.0,,,,,,
L8,element,18D,SC,Shifting Cultivation,18E,2D5,3,,LC_Shrub,presence_type,,,Temporal Sequence Depending,,,,,
L8,characteristic,18D,SC,Shifting Cultivation,18E,2D5,3,1,LC_VegetationArtificialityCharacteristic,lccs3_type,,,LC_NaturalOrSeminaturalVegetation,,,,,value: Natural or Seminatural
L8,characteristic,18D,SC,Shifting Cultivation,18E,2D5,3,1,LC_VegetationArtificialityCharacteristic,name,,,Natural Or Seminatural Vegetation,,,,,
L8,characteristic,18D,SC,Shifting Cultivation,18E,2D5,3,1,LC_VegetationArtificialityCharacteristic,description,,,Describe the natural or seminatural vegetation,,,,,
L8,class,73,SF,Swamp Forest,,,,,,class_name,,,Swamp Forest,,,,,
L8,class,73,SF,Swamp Forest,,,,,,class_description,,,Describe the land cover class,,,,,
L8,class,73,SF,Swamp Forest,,,,,,class_map_code,,,SF,,,,,
L8,class,73,SF,Swamp Forest,,,,,,uuid,,,da4ce0a0-ea76-11e5-a049-780cb82883be,,,,,
L8,hp,73,SF,Swamp Forest,74,,,,,name,,,Horizontal Pattern 1,,,,,
L8,hp,73,SF,Swamp Forest,74,,,,,description,,,Describe the horizontal pattern,,,,,
L8,stratum,73,SF,Swamp Forest,74,75,,,,name,,,Stratum 1,,,,,
L8,stratum,73,SF,Swamp Forest,74,75,,,,description,,,Vegetation 1,,,,,
L8,stratum,73,SF,Swamp Forest,74,75,,,,presence_type,,,Mandatory,,,,,
L8,stratum,73,SF,Swamp Forest,74,75,,,,@ontop,,,0,,,,,
L8,element,73,SF,Swamp Forest,74,75,1,,LC_Tree,lccs3_type,,,LC_Trees,,,,,
L8,element,73,SF,Swamp Forest,74,75,1,,LC_Tree,name,,,Trees,,,,,
L8,element,73,SF,Swamp Forest,74,75,1,,LC_Tree,description,,,Describe a vegetation element of trees type,,,,,
L8,element,73,SF,Swamp Forest,74,75,1,,LC_Tree,presence_type,,,Mandatory,,,,,
L8,element,73,SF,Swamp Forest,74,75,1,,LC_Tree,cover,10.0,100.0,,,,,,
L8,element,73,SF,Swamp Forest,74,75,1,,LC_Tree,LC_WoodyGrowthLeafPhenology[LC_WoodyGrowthLeafPhenology]/name,,,Woody Growth Leaf Phenology,,,,,
L8,element,73,SF,Swamp Forest,74,75,1,,LC_Tree,LC_WoodyGrowthLeafPhenology[LC_WoodyGrowthLeafPhenology]/description,,,Contains the elements of Woody Growth Leaf Phenology,,,,,
L8,element,73,SF,Swamp Forest,74,75,1,,LC_Tree,LC_WoodyGrowthLeafPhenology[LC_WoodyGrowthLeafPhenology]/elements/LC_WoodyLeafPhenology[LC_Evergreen]/name,,,Evergreen,,,,,
L8,element,73,SF,Swamp Forest,74,75,1,,LC_Tree,LC_WoodyGrowthLeafPhenology[LC_WoodyGrowthLeafPhenology]/elements/LC_WoodyLeafPhenology[LC_Evergreen]/description,,,Describe an Evergreen leaf phenology element,,,,,
L8,element,73,SF,Swamp Forest,74,75,1,,LC_Tree,LC_WoodyGrowthLeafType[LC_WoodyGrowthLeafType]/name,,,Woody Growth Leaf Type,,,,,
L8,element,73,SF,Swamp Forest,74,75,1,,LC_Tree,LC_WoodyGrowthLeafType[LC_WoodyGrowthLeafType]/description,,,Contains the elements of Woody Growth Leaf Type,,,,,
L8,element,73,SF,Swamp Forest,74,75,1,,LC_Tree,LC_WoodyGrowthLeafType[LC_WoodyGrowthLeafType]/elements/LC_WoodyLeafType[LC_Broadleaved]/name,,,Broadleaved,,,,,
L8,element,73,SF,Swamp Forest,74,75,1,,LC_Tree,LC_WoodyGrowthLeafType[LC_WoodyGrowthLeafType]/elements/LC_WoodyLeafType[LC_Broadleaved]/description,,,Describe a Broadleaved type element,,,,,
L8,element,73,SF,Swamp Forest,74,75,1,,LC_Tree,height,5.0,35.0,,,,,,
L8,characteristic,73,SF,Swamp Forest,74,75,1,1,LC_FloristicAspectsCharacteristic,lccs3_type,,,LC_FloristicAspect,,,,,
L8,characteristic,73,SF,Swamp Forest,74,75,1,1,LC_FloristicAspectsCharacteristic,name,,,Floristic Aspect,,,,,
L8,characteristic,73,SF,Swamp Forest,74,75,1,1,LC_FloristicAspectsCharacteristic,description,,,Describe the floristic aspect,,,,,
L8,characteristic,73,SF,Swamp Forest,74,75,1,1,LC_FloristicAspectsCharacteristic,elements/LC_Characteristic[LC_FloristicAspectSpecies]/name,,,Floristic Aspect Species,,,,,
L8,characteristic,73,SF,Swamp Forest,74,75,1,1,LC_FloristicAspectsCharacteristic,elements/LC_Characteristic[LC_FloristicAspectSpecies]/description,,,Describe the floristic aspect species,,,,,
L8,characteristic,73,SF,Swamp Forest,74,75,1,1,LC_FloristicAspectsCharacteristic,elements/LC_Characteristic[LC_FloristicAspectSpecies]/species_name,,,"Koroch, Hijal",,,,,
L8,characteristic,73,SF,Swamp Forest,74,75,1,2,LC_VegetationArtificialityCharacteristic,lccs3_type,,,LC_NaturalOrSeminaturalVegetation,,,,,value: Natural or Seminatural
L8,characteristic,73,SF,Swamp Forest,74,75,1,2,LC_VegetationArtificialityCharacteristic,name,,,Natural Or Seminatural Vegetation,,,,,
L8,characteristic,73,SF,Swamp Forest,74,75,1,2,LC_VegetationArtificialityCharacteristic,description,,,Describe the natural or seminatural vegetation,,,,,
L8,stratum,73,SF,Swamp Forest,74,77,,,,name,,,Stratum 2,,,,,
L8,stratum,73,SF,Swamp Forest,74,77,,,,description,,,Abiotic surface 2,,,,,
L8,stratum,73,SF,Swamp Forest,74,77,,,,presence_type,,,Mandatory,,,,,
L8,stratum,73,SF,Swamp Forest,74,77,,,,@ontop,,,0,,,,,
L8,element,73,SF,Swamp Forest,74,77,1,,LC_WaterBody,lccs3_type,,,LC_WaterBody,,,,,
L8,element,73,SF,Swamp Forest,74,77,1,,LC_WaterBody,name,,,Water Body,,,,,
L8,element,73,SF,Swamp Forest,74,77,1,,LC_WaterBody,description,,,Describe a water body surface element,,,,,
L8,element,73,SF,Swamp Forest,74,77,1,,LC_WaterBody,presence_type,,,Mandatory,,,,,
L8,element,73,SF,Swamp Forest,74,77,1,,LC_WaterBody,periodic_variation[LC_PeriodicVariations]/name,,,Periodic Variations,,,,,
L8,element,73,SF,Swamp Forest,74,77,1,,LC_WaterBody,periodic_variation[LC_PeriodicVariations]/description,,,Contains the elements of Periodic Variation,,,,,
L8,element,73,SF,Swamp Forest,74,77,1,,LC_WaterBody,periodic_variation[LC_PeriodicVariations]/elements/LC_PeriodicVariation[LC_PeriodicVariation]/name,,,Periodic Variation,,,,,
L8,element,73,SF,Swamp Forest,74,77,1,,LC_WaterBody,periodic_variation[LC_PeriodicVariations]/elements/LC_PeriodicVariation[LC_PeriodicVariation]/description,,,Describe a periodic variation element,,,,,
L8,element,73,SF,Swamp Forest,74,77,1,,LC_WaterBody,periodic_variation[LC_PeriodicVariations]/elements/LC_PeriodicVariation[LC_PeriodicVariation]/persistence_units,,,Months,,,,,
L8,element,73,SF,Swamp Forest,74,77,1,,LC_WaterBody,periodic_variation[LC_PeriodicVariations]/elements/LC_PeriodicVariation[LC_PeriodicVariation]/period_type,,,Seasonal,,,,,
L8,element,73,SF,Swamp Forest,74,77,1,,LC_WaterBody,dynamics,,,Standing,,,,,
L8,element,73,SF,Swamp Forest,74,77,1,,LC_WaterBody,position,,,Above Surface,,,,,
L8,characteristic,73,SF,Swamp Forest,74,77,1,1,LC_ArtificialityCharacteristic,lccs3_type,,,LC_Artificiality,,,,,
L8,characteristic,73,SF,Swamp Forest,74,77,1,1,LC_ArtificialityCharacteristic,name,,,Artificiality,,,,,
L8,characteristic,73,SF,Swamp Forest,74,77,1,1,LC_ArtificialityCharacteristic,description,,,Describe the artificiality characteristic,,,,,
L8,characteristic,73,SF,Swamp Forest,74,77,1,1,LC_ArtificialityCharacteristic,type,,,Natural,,,,,
L8,characteristic,73,SF,Swamp Forest,74,77,1,2,LC_WaterSalinityCharacteristic,lccs3_type,,,LC_WaterSalinity,,,,,
L8,characteristic,73,SF,Swamp Forest,74,77,1,2,LC_WaterSalinityCharacteristic,name,,,Water Salinity,,,,,
L8,characteristic,73,SF,Swamp Forest,74,77,1,2,LC_WaterSalinityCharacteristic,description,,,Describe the water salinity characteristic,,,,,
L8,characteristic,73,SF,Swamp Forest,74,77,1,2,LC_WaterSalinityCharacteristic,type,,,Fresh,,,,,
L8,class,7B,NMF,Mangrove Forest,,,,,,class_name,,,Mangrove Forest,,,,,
L8,class,7B,NMF,Mangrove Forest,,,,,,class_description,,,Describe the land cover class,,,,,
L8,class,7B,NMF,Mangrove Forest,,,,,,class_map_code,,,NMF,,,,,
L8,class,7B,NMF,Mangrove Forest,,,,,,uuid,,,f9cbed43-ea76-11e5-a049-780cb82883be,,,,,
L8,class_char,7B,NMF,Mangrove Forest,,,,1,LC_GeographicalAspects,name,,,Geographical Aspects,,,,,
L8,class_char,7B,NMF,Mangrove Forest,,,,1,LC_GeographicalAspects,description,,,Describe the geographical aspects,,,,,
L8,class_char,7B,NMF,Mangrove Forest,,,,1,LC_GeographicalAspects,type,,,Coastal Area,,,,,
L8,class_char,7B,NMF,Mangrove Forest,,,,2,LC_TopographicalAspects,name,,,Topographical Aspects,,,,,
L8,class_char,7B,NMF,Mangrove Forest,,,,2,LC_TopographicalAspects,description,,,Describe the topographical aspects,,,,,
L8,class_char,7B,NMF,Mangrove Forest,,,,2,LC_TopographicalAspects,altitude,0.9,2.11,,,,,,
L8,hp,7B,NMF,Mangrove Forest,7C,,,,,name,,,Horizontal Pattern 1,,,,,
L8,hp,7B,NMF,Mangrove Forest,7C,,,,,description,,,Describe the horizontal pattern,,,,,
L8,stratum,7B,NMF,Mangrove Forest,7C,2BC,,,,name,,,Stratum 1,,,,,
L8,stratum,7B,NMF,Mangrove Forest,7C,2BC,,,,description,,,Vegetation 1,,,,,
L8,stratum,7B,NMF,Mangrove Forest,7C,2BC,,,,presence_type,,,Mandatory,,,,,
L8,stratum,7B,NMF,Mangrove Forest,7C,2BC,,,,@ontop,,,0,,,,,
L8,element,7B,NMF,Mangrove Forest,7C,2BC,1,,LC_Tree,lccs3_type,,,LC_Trees,,,,,
L8,element,7B,NMF,Mangrove Forest,7C,2BC,1,,LC_Tree,name,,,Trees,,,,,
L8,element,7B,NMF,Mangrove Forest,7C,2BC,1,,LC_Tree,description,,,Describe a vegetation element of trees type,,,,,
L8,element,7B,NMF,Mangrove Forest,7C,2BC,1,,LC_Tree,presence_type,,,Mandatory,,,,,
L8,element,7B,NMF,Mangrove Forest,7C,2BC,1,,LC_Tree,cover,10.0,100.0,,,,,,
L8,element,7B,NMF,Mangrove Forest,7C,2BC,1,,LC_Tree,LC_WoodyGrowthLeafPhenology[LC_WoodyGrowthLeafPhenology]/name,,,Woody Growth Leaf Phenology,,,,,
L8,element,7B,NMF,Mangrove Forest,7C,2BC,1,,LC_Tree,LC_WoodyGrowthLeafPhenology[LC_WoodyGrowthLeafPhenology]/description,,,Contains the elements of Woody Growth Leaf Phenology,,,,,
L8,element,7B,NMF,Mangrove Forest,7C,2BC,1,,LC_Tree,LC_WoodyGrowthLeafPhenology[LC_WoodyGrowthLeafPhenology]/elements/LC_WoodyLeafPhenology[LC_Evergreen]/name,,,Evergreen,,,,,
L8,element,7B,NMF,Mangrove Forest,7C,2BC,1,,LC_Tree,LC_WoodyGrowthLeafPhenology[LC_WoodyGrowthLeafPhenology]/elements/LC_WoodyLeafPhenology[LC_Evergreen]/description,,,Describe an Evergreen leaf phenology element,,,,,
L8,element,7B,NMF,Mangrove Forest,7C,2BC,1,,LC_Tree,LC_WoodyGrowthLeafType[LC_WoodyGrowthLeafType]/name,,,Woody Growth Leaf Type,,,,,
L8,element,7B,NMF,Mangrove Forest,7C,2BC,1,,LC_Tree,LC_WoodyGrowthLeafType[LC_WoodyGrowthLeafType]/description,,,Contains the elements of Woody Growth Leaf Type,,,,,
L8,element,7B,NMF,Mangrove Forest,7C,2BC,1,,LC_Tree,LC_WoodyGrowthLeafType[LC_WoodyGrowthLeafType]/elements/LC_WoodyLeafType[LC_Broadleaved]/name,,,Broadleaved,,,,,
L8,element,7B,NMF,Mangrove Forest,7C,2BC,1,,LC_Tree,LC_WoodyGrowthLeafType[LC_WoodyGrowthLeafType]/elements/LC_WoodyLeafType[LC_Broadleaved]/description,,,Describe a Broadleaved type element,,,,,
L8,element,7B,NMF,Mangrove Forest,7C,2BC,1,,LC_Tree,height,5.0,33.0,,,,,,
L8,characteristic,7B,NMF,Mangrove Forest,7C,2BC,1,1,LC_FloristicAspectsCharacteristic,lccs3_type,,,LC_FloristicAspect,,,,,
L8,characteristic,7B,NMF,Mangrove Forest,7C,2BC,1,1,LC_FloristicAspectsCharacteristic,name,,,Floristic Aspect,,,,,
L8,characteristic,7B,NMF,Mangrove Forest,7C,2BC,1,1,LC_FloristicAspectsCharacteristic,description,,,Describe the floristic aspect,,,,,
L8,characteristic,7B,NMF,Mangrove Forest,7C,2BC,1,1,LC_FloristicAspectsCharacteristic,elements/LC_Characteristic[LC_FloristicAspectSpecies]/name,,,Floristic Aspect Species,,,,,
L8,characteristic,7B,NMF,Mangrove Forest,7C,2BC,1,1,LC_FloristicAspectsCharacteristic,elements/LC_Characteristic[LC_FloristicAspectSpecies]/description,,,Describe the floristic aspect species,,,,,
L8,characteristic,7B,NMF,Mangrove Forest,7C,2BC,1,1,LC_FloristicAspectsCharacteristic,elements/LC_Characteristic[LC_FloristicAspectSpecies]/species_name,,,"Sundari, Gewa, Goran etc.",,,,,
L8,characteristic,7B,NMF,Mangrove Forest,7C,2BC,1,2,LC_VegetationArtificialityCharacteristic,lccs3_type,,,LC_NaturalOrSeminaturalVegetation,,,,,value: Natural or Seminatural
L8,characteristic,7B,NMF,Mangrove Forest,7C,2BC,1,2,LC_VegetationArtificialityCharacteristic,name,,,Natural Or Seminatural Vegetation,,,,,
L8,characteristic,7B,NMF,Mangrove Forest,7C,2BC,1,2,LC_VegetationArtificialityCharacteristic,description,,,Describe the natural or seminatural vegetation,,,,,
L8,stratum,7B,NMF,Mangrove Forest,7C,2C1,,,,name,,,Stratum 2,,,,,
L8,stratum,7B,NMF,Mangrove Forest,7C,2C1,,,,description,,,Abiotic surface 1,,,,,
L8,stratum,7B,NMF,Mangrove Forest,7C,2C1,,,,presence_type,,,Mandatory,,,,,
L8,stratum,7B,NMF,Mangrove Forest,7C,2C1,,,,@ontop,,,0,,,,,
L8,element,7B,NMF,Mangrove Forest,7C,2C1,1,,LC_WaterBody,lccs3_type,,,LC_WaterBody,,,,,
L8,element,7B,NMF,Mangrove Forest,7C,2C1,1,,LC_WaterBody,name,,,Water Body,,,,,
L8,element,7B,NMF,Mangrove Forest,7C,2C1,1,,LC_WaterBody,description,,,Describe a water body surface element,,,,,
L8,element,7B,NMF,Mangrove Forest,7C,2C1,1,,LC_WaterBody,presence_type,,,Mandatory,,,,,
L8,element,7B,NMF,Mangrove Forest,7C,2C1,1,,LC_WaterBody,periodic_variation[LC_PeriodicVariations]/name,,,Periodic Variations,,,,,
L8,element,7B,NMF,Mangrove Forest,7C,2C1,1,,LC_WaterBody,periodic_variation[LC_PeriodicVariations]/description,,,Contains the elements of Periodic Variation,,,,,
L8,element,7B,NMF,Mangrove Forest,7C,2C1,1,,LC_WaterBody,periodic_variation[LC_PeriodicVariations]/elements/LC_PeriodicVariation[LC_PeriodicVariation]/name,,,Periodic Variation,,,,,
L8,element,7B,NMF,Mangrove Forest,7C,2C1,1,,LC_WaterBody,periodic_variation[LC_PeriodicVariations]/elements/LC_PeriodicVariation[LC_PeriodicVariation]/description,,,Describe a periodic variation element,,,,,
L8,element,7B,NMF,Mangrove Forest,7C,2C1,1,,LC_WaterBody,periodic_variation[LC_PeriodicVariations]/elements/LC_PeriodicVariation[LC_PeriodicVariation]/persistence_units,,,Hours,,,,,
L8,element,7B,NMF,Mangrove Forest,7C,2C1,1,,LC_WaterBody,periodic_variation[LC_PeriodicVariations]/elements/LC_PeriodicVariation[LC_PeriodicVariation]/period_type,,,Tidal,,,,,
L8,element,7B,NMF,Mangrove Forest,7C,2C1,1,,LC_WaterBody,periodic_variation[LC_PeriodicVariations]/elements/LC_PeriodicVariation[LC_PeriodicVariation]/persistence_period,1.0,6.0,,,,,,
L8,element,7B,NMF,Mangrove Forest,7C,2C1,1,,LC_WaterBody,periodic_variation[LC_PeriodicVariations]/elements/LC_PeriodicVariation[LC_PeriodicVariation]/period_description,,,,,,,,
L8,element,7B,NMF,Mangrove Forest,7C,2C1,1,,LC_WaterBody,dynamics,,,Flowing,,,,,
L8,element,7B,NMF,Mangrove Forest,7C,2C1,1,,LC_WaterBody,position,,,Above Surface,,,,,
L8,characteristic,7B,NMF,Mangrove Forest,7C,2C1,1,1,LC_ArtificialityCharacteristic,lccs3_type,,,LC_Artificiality,,,,,
L8,characteristic,7B,NMF,Mangrove Forest,7C,2C1,1,1,LC_ArtificialityCharacteristic,name,,,Artificiality,,,,,
L8,characteristic,7B,NMF,Mangrove Forest,7C,2C1,1,1,LC_ArtificialityCharacteristic,description,,,Describe the artificiality characteristic,,,,,
L8,characteristic,7B,NMF,Mangrove Forest,7C,2C1,1,1,LC_ArtificialityCharacteristic,type,,,Natural,,,,,
L8,characteristic,7B,NMF,Mangrove Forest,7C,2C1,1,2,LC_WaterSalinityCharacteristic,lccs3_type,,,LC_WaterSalinity,,,,,
L8,characteristic,7B,NMF,Mangrove Forest,7C,2C1,1,2,LC_WaterSalinityCharacteristic,name,,,Water Salinity,,,,,
L8,characteristic,7B,NMF,Mangrove Forest,7C,2C1,1,2,LC_WaterSalinityCharacteristic,description,,,Describe the water salinity characteristic,,,,,
L8,characteristic,7B,NMF,Mangrove Forest,7C,2C1,1,2,LC_WaterSalinityCharacteristic,type,,,Brackish,,,,,
L8,class,B1,FMp,Mangrove Plantation,,,,,,class_name,,,Mangrove Plantation,,,,,
L8,class,B1,FMp,Mangrove Plantation,,,,,,class_description,,,Describe the land cover class,,,,,
L8,class,B1,FMp,Mangrove Plantation,,,,,,class_map_code,,,FMp,,,,,
L8,class,B1,FMp,Mangrove Plantation,,,,,,uuid,,,8aa5e095-ea78-11e5-a049-780cb82883be,,,,,
L8,class_char,B1,FMp,Mangrove Plantation,,,,1,LC_GeographicalAspects,name,,,Geographical Aspects,,,,,
L8,class_char,B1,FMp,Mangrove Plantation,,,,1,LC_GeographicalAspects,description,,,Describe the geographical aspects,,,,,
L8,class_char,B1,FMp,Mangrove Plantation,,,,1,LC_GeographicalAspects,type,,,Coastal Area,,,,,
L8,hp,B1,FMp,Mangrove Plantation,B2,,,,,name,,,Horizontal Pattern 1,,,,,
L8,hp,B1,FMp,Mangrove Plantation,B2,,,,,description,,,Describe the horizontal pattern,,,,,
L8,stratum,B1,FMp,Mangrove Plantation,B2,2C7,,,,name,,,Stratum 1,,,,,
L8,stratum,B1,FMp,Mangrove Plantation,B2,2C7,,,,description,,,Vegetation 1,,,,,
L8,stratum,B1,FMp,Mangrove Plantation,B2,2C7,,,,presence_type,,,Mandatory,,,,,
L8,stratum,B1,FMp,Mangrove Plantation,B2,2C7,,,,@ontop,,,0,,,,,
L8,element,B1,FMp,Mangrove Plantation,B2,2C7,1,,LC_Tree,lccs3_type,,,LC_Trees,,,,,
L8,element,B1,FMp,Mangrove Plantation,B2,2C7,1,,LC_Tree,name,,,Trees,,,,,
L8,element,B1,FMp,Mangrove Plantation,B2,2C7,1,,LC_Tree,description,,,Describe a vegetation element of trees type,,,,,
L8,element,B1,FMp,Mangrove Plantation,B2,2C7,1,,LC_Tree,presence_type,,,Mandatory,,,,,
L8,element,B1,FMp,Mangrove Plantation,B2,2C7,1,,LC_Tree,cover,30.0,100.0,,,,,,
L8,element,B1,FMp,Mangrove Plantation,B2,2C7,1,,LC_Tree,LC_WoodyGrowthLeafPhenology[LC_WoodyGrowthLeafPhenology]/name,,,Woody Growth Leaf Phenology,,,,,
L8,element,B1,FMp,Mangrove Plantation,B2,2C7,1,,LC_Tree,LC_WoodyGrowthLeafPhenology[LC_WoodyGrowthLeafPhenology]/description,,,Contains the elements of Woody Growth Leaf Phenology,,,,,
L8,element,B1,FMp,Mangrove Plantation,B2,2C7,1,,LC_Tree,LC_WoodyGrowthLeafPhenology[LC_WoodyGrowthLeafPhenology]/elements/LC_WoodyLeafPhenology[LC_Evergreen]/name,,,Evergreen,,,,,
L8,element,B1,FMp,Mangrove Plantation,B2,2C7,1,,LC_Tree,LC_WoodyGrowthLeafPhenology[LC_WoodyGrowthLeafPhenology]/elements/LC_WoodyLeafPhenology[LC_Evergreen]/description,,,Describe an Evergreen leaf phenology element,,,,,
L8,element,B1,FMp,Mangrove Plantation,B2,2C7,1,,LC_Tree,LC_WoodyGrowthLeafType[LC_WoodyGrowthLeafType]/name,,,Woody Growth Leaf Type,,,,,
L8,element,B1,FMp,Mangrove Plantation,B2,2C7,1,,LC_Tree,LC_WoodyGrowthLeafType[LC_WoodyGrowthLeafType]/description,,,Contains the elements of Woody Growth Leaf Type,,,,,
L8,element,B1,FMp,Mangrove Plantation,B2,2C7,1,,LC_Tree,LC_WoodyGrowthLeafType[LC_WoodyGrowthLeafType]/elements/LC_WoodyLeafType[LC_Broadleaved]/name,,,Broadleaved,,,,,
L8,element,B1,FMp,Mangrove Plantation,B2,2C7,1,,LC_Tree,LC_WoodyGrowthLeafType[LC_WoodyGrowthLeafType]/elements/LC_WoodyLeafType[LC_Broadleaved]/description,,,Describe a Broadleaved type element,,,,,
L8,element,B1,FMp,Mangrove Plantation,B2,2C7,1,,LC_Tree,height,5.0,45.0,,,,,,
L8,characteristic,B1,FMp,Mangrove Plantation,B2,2C7,1,1,LC_FloristicAspectsCharacteristic,lccs3_type,,,LC_FloristicAspect,,,,,
L8,characteristic,B1,FMp,Mangrove Plantation,B2,2C7,1,1,LC_FloristicAspectsCharacteristic,name,,,Floristic Aspect,,,,,
L8,characteristic,B1,FMp,Mangrove Plantation,B2,2C7,1,1,LC_FloristicAspectsCharacteristic,description,,,Describe the floristic aspect,,,,,
L8,characteristic,B1,FMp,Mangrove Plantation,B2,2C7,1,1,LC_FloristicAspectsCharacteristic,elements/LC_Characteristic[LC_FloristicAspectSpecies]/name,,,Floristic Aspect Species,,,,,
L8,characteristic,B1,FMp,Mangrove Plantation,B2,2C7,1,1,LC_FloristicAspectsCharacteristic,elements/LC_Characteristic[LC_FloristicAspectSpecies]/description,,,Describe the floristic aspect species,,,,,
L8,characteristic,B1,FMp,Mangrove Plantation,B2,2C7,1,1,LC_FloristicAspectsCharacteristic,elements/LC_Characteristic[LC_FloristicAspectSpecies]/species_name,,,"Keora, Baen, Gewa",,,,,
L8,characteristic,B1,FMp,Mangrove Plantation,B2,2C7,1,2,LC_CultivatedAndManagedVegetationCharacteristics,lccs3_type,,,LC_CultivatedAndManagedVegetation,,,,,
L8,characteristic,B1,FMp,Mangrove Plantation,B2,2C7,1,2,LC_CultivatedAndManagedVegetationCharacteristics,name,,,Cultivated And Managed Vegetation,,,,,
L8,characteristic,B1,FMp,Mangrove Plantation,B2,2C7,1,2,LC_CultivatedAndManagedVegetationCharacteristics,description,,,Describe the cultivated and managed vegetation,,,,,
L8,characteristic,B1,FMp,Mangrove Plantation,B2,2C7,1,2,LC_CultivatedAndManagedVegetationCharacteristics,elements/LC_Characteristic[LC_ForestPlantation]/name,,,Forest Plantation,,,,,
L8,characteristic,B1,FMp,Mangrove Plantation,B2,2C7,1,2,LC_CultivatedAndManagedVegetationCharacteristics,elements/LC_Characteristic[LC_ForestPlantation]/description,,,Describe the forest plantation,,,,,
L8,stratum,B1,FMp,Mangrove Plantation,B2,2CD,,,,name,,,Stratum 2,,,,,
L8,stratum,B1,FMp,Mangrove Plantation,B2,2CD,,,,description,,,Abiotic surface 2,,,,,
L8,stratum,B1,FMp,Mangrove Plantation,B2,2CD,,,,presence_type,,,Mandatory,,,,,
L8,stratum,B1,FMp,Mangrove Plantation,B2,2CD,,,,@ontop,,,0,,,,,
L8,element,B1,FMp,Mangrove Plantation,B2,2CD,1,,LC_WaterBody,lccs3_type,,,LC_WaterBody,,,,,
L8,element,B1,FMp,Mangrove Plantation,B2,2CD,1,,LC_WaterBody,name,,,Water Body,,,,,
L8,element,B1,FMp,Mangrove Plantation,B2,2CD,1,,LC_WaterBody,description,,,Describe a water body surface element,,,,,
L8,element,B1,FMp,Mangrove Plantation,B2,2CD,1,,LC_WaterBody,presence_type,,,Mandatory,,,,,
L8,element,B1,FMp,Mangrove Plantation,B2,2CD,1,,LC_WaterBody,periodic_variation[LC_PeriodicVariations]/name,,,Periodic Variations,,,,,
L8,element,B1,FMp,Mangrove Plantation,B2,2CD,1,,LC_WaterBody,periodic_variation[LC_PeriodicVariations]/description,,,Contains the elements of Periodic Variation,,,,,
L8,element,B1,FMp,Mangrove Plantation,B2,2CD,1,,LC_WaterBody,periodic_variation[LC_PeriodicVariations]/elements/LC_PeriodicVariation[LC_PeriodicVariation]/name,,,Periodic Variation,,,,,
L8,element,B1,FMp,Mangrove Plantation,B2,2CD,1,,LC_WaterBody,periodic_variation[LC_PeriodicVariations]/elements/LC_PeriodicVariation[LC_PeriodicVariation]/description,,,Describe a periodic variation element,,,,,
L8,element,B1,FMp,Mangrove Plantation,B2,2CD,1,,LC_WaterBody,periodic_variation[LC_PeriodicVariations]/elements/LC_PeriodicVariation[LC_PeriodicVariation]/persistence_units,,,Hours,,,,,
L8,element,B1,FMp,Mangrove Plantation,B2,2CD,1,,LC_WaterBody,periodic_variation[LC_PeriodicVariations]/elements/LC_PeriodicVariation[LC_PeriodicVariation]/period_type,,,Tidal,,,,,
L8,element,B1,FMp,Mangrove Plantation,B2,2CD,1,,LC_WaterBody,periodic_variation[LC_PeriodicVariations]/elements/LC_PeriodicVariation[LC_PeriodicVariation]/persistence_period,1.0,6.0,,,,,,
L8,element,B1,FMp,Mangrove Plantation,B2,2CD,1,,LC_WaterBody,periodic_variation[LC_PeriodicVariations]/elements/LC_PeriodicVariation[LC_PeriodicVariation]/period_description,,,,,,,,
L8,element,B1,FMp,Mangrove Plantation,B2,2CD,1,,LC_WaterBody,dynamics,,,Flowing,,,,,
L8,element,B1,FMp,Mangrove Plantation,B2,2CD,1,,LC_WaterBody,position,,,Above Surface,,,,,
L8,characteristic,B1,FMp,Mangrove Plantation,B2,2CD,1,1,LC_WaterSalinityCharacteristic,lccs3_type,,,LC_WaterSalinity,,,,,
L8,characteristic,B1,FMp,Mangrove Plantation,B2,2CD,1,1,LC_WaterSalinityCharacteristic,name,,,Water Salinity,,,,,
L8,characteristic,B1,FMp,Mangrove Plantation,B2,2CD,1,1,LC_WaterSalinityCharacteristic,description,,,Describe the water salinity characteristic,,,,,
L8,characteristic,B1,FMp,Mangrove Plantation,B2,2CD,1,1,LC_WaterSalinityCharacteristic,type,,,Brackish,,,,,
L8,characteristic,B1,FMp,Mangrove Plantation,B2,2CD,1,2,LC_ArtificialityCharacteristic,lccs3_type,,,LC_Artificiality,,,,,
L8,characteristic,B1,FMp,Mangrove Plantation,B2,2CD,1,2,LC_ArtificialityCharacteristic,name,,,Artificiality,,,,,
L8,characteristic,B1,FMp,Mangrove Plantation,B2,2CD,1,2,LC_ArtificialityCharacteristic,description,,,Describe the artificiality characteristic,,,,,
L8,characteristic,B1,FMp,Mangrove Plantation,B2,2CD,1,2,LC_ArtificialityCharacteristic,type,,,Natural,,,,,
L8,class,CF,MF,Mud Flats or Intertidal Area,,,,,,class_name,,,Mud Flats or Intertidal Area,,,,,
L8,class,CF,MF,Mud Flats or Intertidal Area,,,,,,class_description,,,Describe the land cover class,,,,,
L8,class,CF,MF,Mud Flats or Intertidal Area,,,,,,class_map_code,,,MF,,,,,
L8,class,CF,MF,Mud Flats or Intertidal Area,,,,,,uuid,,,4c7cb8a0-ea7a-11e5-a049-780cb82883be,,,,,
L8,class_char,CF,MF,Mud Flats or Intertidal Area,,,,1,LC_GeographicalAspects,name,,,Geographical Aspects,,,,,
L8,class_char,CF,MF,Mud Flats or Intertidal Area,,,,1,LC_GeographicalAspects,description,,,Describe the geographical aspects,,,,,
L8,class_char,CF,MF,Mud Flats or Intertidal Area,,,,1,LC_GeographicalAspects,type,,,Estuary,,,,,
L8,hp,CF,MF,Mud Flats or Intertidal Area,28F,,,,,name,,,Horizontal Pattern 1,,,,,
L8,hp,CF,MF,Mud Flats or Intertidal Area,28F,,,,,description,,,Describe the horizontal pattern,,,,,
L8,stratum,CF,MF,Mud Flats or Intertidal Area,28F,290,,,,name,,,Stratum 1,,,,,
L8,stratum,CF,MF,Mud Flats or Intertidal Area,28F,290,,,,description,,,Abiotic surface 1,,,,,
L8,stratum,CF,MF,Mud Flats or Intertidal Area,28F,290,,,,presence_type,,,Mandatory,,,,,
L8,stratum,CF,MF,Mud Flats or Intertidal Area,28F,290,,,,@ontop,,,0,,,,,
L8,element,CF,MF,Mud Flats or Intertidal Area,28F,290,1,,LC_InorganicDeposits,lccs3_type,,,LC_InorganicDeposits,,,,,
L8,element,CF,MF,Mud Flats or Intertidal Area,28F,290,1,,LC_InorganicDeposits,name,,,Inorganic Deposits,,,,,
L8,element,CF,MF,Mud Flats or Intertidal Area,28F,290,1,,LC_InorganicDeposits,description,,,Describe deposits of inorganic elements,,,,,
L8,element,CF,MF,Mud Flats or Intertidal Area,28F,290,1,,LC_InorganicDeposits,presence_type,,,Mandatory,,,,,
L8,element,CF,MF,Mud Flats or Intertidal Area,28F,290,1,,LC_InorganicDeposits,type,,,Silts and Clay,,,,,
L8,stratum,CF,MF,Mud Flats or Intertidal Area,28F,292,,,,name,,,Stratum 2,,,,,
L8,stratum,CF,MF,Mud Flats or Intertidal Area,28F,292,,,,description,,,Abiotic surface 2,,,,,
L8,stratum,CF,MF,Mud Flats or Intertidal Area,28F,292,,,,presence_type,,,Mandatory,,,,,
L8,stratum,CF,MF,Mud Flats or Intertidal Area,28F,292,,,,@ontop,,,0,,,,,
L8,element,CF,MF,Mud Flats or Intertidal Area,28F,292,1,,LC_WaterBody,lccs3_type,,,LC_WaterBody,,,,,
L8,element,CF,MF,Mud Flats or Intertidal Area,28F,292,1,,LC_WaterBody,name,,,Water Body,,,,,
L8,element,CF,MF,Mud Flats or Intertidal Area,28F,292,1,,LC_WaterBody,description,,,Describe a water body surface element,,,,,
L8,element,CF,MF,Mud Flats or Intertidal Area,28F,292,1,,LC_WaterBody,presence_type,,,Mandatory,,,,,
L8,element,CF,MF,Mud Flats or Intertidal Area,28F,292,1,,LC_WaterBody,periodic_variation[LC_PeriodicVariations]/name,,,Periodic Variations,,,,,
L8,element,CF,MF,Mud Flats or Intertidal Area,28F,292,1,,LC_WaterBody,periodic_variation[LC_PeriodicVariations]/description,,,Contains the elements of Periodic Variation,,,,,
L8,element,CF,MF,Mud Flats or Intertidal Area,28F,292,1,,LC_WaterBody,periodic_variation[LC_PeriodicVariations]/elements/LC_PeriodicVariation[LC_PeriodicVariation]/name,,,Periodic Variation,,,,,
L8,element,CF,MF,Mud Flats or Intertidal Area,28F,292,1,,LC_WaterBody,periodic_variation[LC_PeriodicVariations]/elements/LC_PeriodicVariation[LC_PeriodicVariation]/description,,,Describe a periodic variation element,,,,,
L8,element,CF,MF,Mud Flats or Intertidal Area,28F,292,1,,LC_WaterBody,periodic_variation[LC_PeriodicVariations]/elements/LC_PeriodicVariation[LC_PeriodicVariation]/persistence_units,,,Hours,,,,,
L8,element,CF,MF,Mud Flats or Intertidal Area,28F,292,1,,LC_WaterBody,periodic_variation[LC_PeriodicVariations]/elements/LC_PeriodicVariation[LC_PeriodicVariation]/period_type,,,Tidal,,,,,
L8,element,CF,MF,Mud Flats or Intertidal Area,28F,292,1,,LC_WaterBody,periodic_variation[LC_PeriodicVariations]/elements/LC_PeriodicVariation[LC_PeriodicVariation]/persistence_period,1.0,6.0,,,,,,
L8,element,CF,MF,Mud Flats or Intertidal Area,28F,292,1,,LC_WaterBody,dynamics,,,Flowing,,,,,
L8,element,CF,MF,Mud Flats or Intertidal Area,28F,292,1,,LC_WaterBody,position,,,Above Surface,,,,,
L8,characteristic,CF,MF,Mud Flats or Intertidal Area,28F,292,1,1,LC_WaterSalinityCharacteristic,lccs3_type,,,LC_WaterSalinity,,,,,
L8,characteristic,CF,MF,Mud Flats or Intertidal Area,28F,292,1,1,LC_WaterSalinityCharacteristic,name,,,Water Salinity,,,,,
L8,characteristic,CF,MF,Mud Flats or Intertidal Area,28F,292,1,1,LC_WaterSalinityCharacteristic,description,,,Describe the water salinity characteristic,,,,,
L8,characteristic,CF,MF,Mud Flats or Intertidal Area,28F,292,1,1,LC_WaterSalinityCharacteristic,type,,,Saline,,,,,
L8,characteristic,CF,MF,Mud Flats or Intertidal Area,28F,292,1,2,LC_ArtificialityCharacteristic,lccs3_type,,,LC_Artificiality,,,,,
L8,characteristic,CF,MF,Mud Flats or Intertidal Area,28F,292,1,2,LC_ArtificialityCharacteristic,name,,,Artificiality,,,,,
L8,characteristic,CF,MF,Mud Flats or Intertidal Area,28F,292,1,2,LC_ArtificialityCharacteristic,description,,,Describe the artificiality characteristic,,,,,
L8,characteristic,CF,MF,Mud Flats or Intertidal Area,28F,292,1,2,LC_ArtificialityCharacteristic,type,,,Natural,,,,,
L8,class,D3,BS,Sand,,,,,,class_name,,,Sand,,,,,
L8,class,D3,BS,Sand,,,,,,class_description,,,Describe the land cover class,,,,,
L8,class,D3,BS,Sand,,,,,,class_map_code,,,BS,,,,,
L8,class,D3,BS,Sand,,,,,,uuid,,,b9953020-ea7a-11e5-a049-780cb82883be,,,,,
L8,hp,D3,BS,Sand,D5,,,,,name,,,Horizontal Pattern 1,,,,,
L8,hp,D3,BS,Sand,D5,,,,,description,,,Describe the horizontal pattern,,,,,
L8,stratum,D3,BS,Sand,D5,D6,,,,name,,,Stratum 1,,,,,
L8,stratum,D3,BS,Sand,D5,D6,,,,description,,,Abiotic surface 1,,,,,
L8,stratum,D3,BS,Sand,D5,D6,,,,presence_type,,,Mandatory,,,,,
L8,stratum,D3,BS,Sand,D5,D6,,,,@ontop,,,0,,,,,
L8,element,D3,BS,Sand,D5,D6,1,,LC_LooseAndShiftingSand,lccs3_type,,,LC_LooseAndShiftingSand,,,,,
L8,element,D3,BS,Sand,D5,D6,1,,LC_LooseAndShiftingSand,name,,,Loose and Shifting Sand,,,,,
L8,element,D3,BS,Sand,D5,D6,1,,LC_LooseAndShiftingSand,description,,,Describe a loose and shifting sand surface element,,,,,
L8,element,D3,BS,Sand,D5,D6,1,,LC_LooseAndShiftingSand,presence_type,,,Mandatory,,,,,
L8,characteristic,D3,BS,Sand,D5,D6,1,1,LC_NaturalSurfaceCharacteristic,lccs3_type,,,LC_NaturalSurfaceCharacteristic,,,,,no LChS equivalent; kept as-is
L8,characteristic,D3,BS,Sand,D5,D6,1,1,LC_NaturalSurfaceCharacteristic,name,,,Natural Surface Characteristic,,,,,
L8,characteristic,D3,BS,Sand,D5,D6,1,1,LC_NaturalSurfaceCharacteristic,description,,,Describe the characteristics of Natural Surfaces,,,,,
L8,class,D8,RB,River Banks,,,,,,class_name,,,River Banks,,,,,
L8,class,D8,RB,River Banks,,,,,,class_description,,,Describe the land cover class,,,,,
L8,class,D8,RB,River Banks,,,,,,class_map_code,,,RB,,,,,
L8,class,D8,RB,River Banks,,,,,,uuid,,,01899920-ea7b-11e5-a049-780cb82883be,,,,,
L8,hp,D8,RB,River Banks,D9,,,,,name,,,Horizontal Pattern 1,,,,,
L8,hp,D8,RB,River Banks,D9,,,,,description,,,Describe the horizontal pattern,,,,,
L8,stratum,D8,RB,River Banks,D9,DA,,,,name,,,Stratum 1,,,,,
L8,stratum,D8,RB,River Banks,D9,DA,,,,description,,,Abiotic surface 1,,,,,
L8,stratum,D8,RB,River Banks,D9,DA,,,,presence_type,,,Mandatory,,,,,
L8,stratum,D8,RB,River Banks,D9,DA,,,,@ontop,,,0,,,,,
L8,element,D8,RB,River Banks,D9,DA,1,,LC_LooseAndShiftingSand,lccs3_type,,,LC_LooseAndShiftingSand,,,,,
L8,element,D8,RB,River Banks,D9,DA,1,,LC_LooseAndShiftingSand,name,,,Loose and Shifting Sand,,,,,
L8,element,D8,RB,River Banks,D9,DA,1,,LC_LooseAndShiftingSand,description,,,Describe a loose and shifting sand surface element,,,,,
L8,element,D8,RB,River Banks,D9,DA,1,,LC_LooseAndShiftingSand,presence_type,,,Mandatory,,,,,
L8,characteristic,D8,RB,River Banks,D9,DA,1,1,LC_NaturalSurfaceCharacteristic,lccs3_type,,,LC_NaturalSurfaceCharacteristic,,,,,no LChS equivalent; kept as-is
L8,characteristic,D8,RB,River Banks,D9,DA,1,1,LC_NaturalSurfaceCharacteristic,name,,,Natural Surface Characteristic,,,,,
L8,characteristic,D8,RB,River Banks,D9,DA,1,1,LC_NaturalSurfaceCharacteristic,description,,,Describe the characteristics of Natural Surfaces,,,,,
L8,stratum,D8,RB,River Banks,D9,297,,,,name,,,Stratum 2,,,,,
L8,stratum,D8,RB,River Banks,D9,297,,,,description,,,Abiotic surface 2,,,,,
L8,stratum,D8,RB,River Banks,D9,297,,,,presence_type,,,Mandatory,,,,,
L8,stratum,D8,RB,River Banks,D9,297,,,,@ontop,,,0,,,,,
L8,element,D8,RB,River Banks,D9,297,1,,LC_WaterBody,lccs3_type,,,LC_WaterBody,,,,,
L8,element,D8,RB,River Banks,D9,297,1,,LC_WaterBody,name,,,Water Body,,,,,
L8,element,D8,RB,River Banks,D9,297,1,,LC_WaterBody,description,,,Describe a water body surface element,,,,,
L8,element,D8,RB,River Banks,D9,297,1,,LC_WaterBody,presence_type,,,Mandatory,,,,,
L8,element,D8,RB,River Banks,D9,297,1,,LC_WaterBody,periodic_variation[LC_PeriodicVariations]/name,,,Periodic Variations,,,,,
L8,element,D8,RB,River Banks,D9,297,1,,LC_WaterBody,periodic_variation[LC_PeriodicVariations]/description,,,Contains the elements of Periodic Variation,,,,,
L8,element,D8,RB,River Banks,D9,297,1,,LC_WaterBody,periodic_variation[LC_PeriodicVariations]/elements/LC_PeriodicVariation[LC_PeriodicVariation]/name,,,Periodic Variation,,,,,
L8,element,D8,RB,River Banks,D9,297,1,,LC_WaterBody,periodic_variation[LC_PeriodicVariations]/elements/LC_PeriodicVariation[LC_PeriodicVariation]/description,,,Describe a periodic variation element,,,,,
L8,element,D8,RB,River Banks,D9,297,1,,LC_WaterBody,periodic_variation[LC_PeriodicVariations]/elements/LC_PeriodicVariation[LC_PeriodicVariation]/persistence_units,,,Months,,,,,
L8,element,D8,RB,River Banks,D9,297,1,,LC_WaterBody,periodic_variation[LC_PeriodicVariations]/elements/LC_PeriodicVariation[LC_PeriodicVariation]/period_type,,,Seasonal,,,,,
L8,element,D8,RB,River Banks,D9,297,1,,LC_WaterBody,dynamics,,,Flowing,,,,,
L8,element,D8,RB,River Banks,D9,297,1,,LC_WaterBody,position,,,Above Surface,,,,,
L8,class,DF,BNL,Built-up Non-Linear,,,,,,class_name,,,Built-up Non-Linear,,,,,
L8,class,DF,BNL,Built-up Non-Linear,,,,,,class_description,,,Describe the land cover class,,,,,
L8,class,DF,BNL,Built-up Non-Linear,,,,,,class_map_code,,,BNL,,,,,
L8,class,DF,BNL,Built-up Non-Linear,,,,,,uuid,,,6a591c53-ea7b-11e5-a049-780cb82883be,,,,,
L8,hp,DF,BNL,Built-up Non-Linear,E0,,,,,name,,,Horizontal Pattern 1,,,,,
L8,hp,DF,BNL,Built-up Non-Linear,E0,,,,,description,,,Describe the horizontal pattern,,,,,
L8,stratum,DF,BNL,Built-up Non-Linear,E0,E1,,,,name,,,Stratum 1,,,,,
L8,stratum,DF,BNL,Built-up Non-Linear,E0,E1,,,,description,,,Abiotic surface 1,,,,,
L8,stratum,DF,BNL,Built-up Non-Linear,E0,E1,,,,presence_type,,,Mandatory,,,,,
L8,stratum,DF,BNL,Built-up Non-Linear,E0,E1,,,,@ontop,,,0,,,,,
L8,element,DF,BNL,Built-up Non-Linear,E0,E1,1,,LC_NonLinearSurface,lccs3_type,,,LC_NonLinearSurface,,,,,
L8,element,DF,BNL,Built-up Non-Linear,E0,E1,1,,LC_NonLinearSurface,name,,,Non Linear Surface,,,,,
L8,element,DF,BNL,Built-up Non-Linear,E0,E1,1,,LC_NonLinearSurface,description,,,Describe a non-linear built-up surface element,,,,,
L8,element,DF,BNL,Built-up Non-Linear,E0,E1,1,,LC_NonLinearSurface,presence_type,,,Mandatory,,,,,
L8,element,DF,BNL,Built-up Non-Linear,E0,E1,1,,LC_NonLinearSurface,construction_material,,,Hard Material,,,,,
L8,characteristic,DF,BNL,Built-up Non-Linear,E0,E1,1,1,LC_ConstructionUse,lccs3_type,,,LC_ConstructionUse,,,,,
L8,characteristic,DF,BNL,Built-up Non-Linear,E0,E1,1,1,LC_ConstructionUse,name,,,Construction Use,,,,,
L8,characteristic,DF,BNL,Built-up Non-Linear,E0,E1,1,1,LC_ConstructionUse,description,,,Describe the construction use characteristic,,,,,
L8,characteristic,DF,BNL,Built-up Non-Linear,E0,E1,1,1,LC_ConstructionUse,type,,,"Urban Residential Area, Industrial Area, Commercial Area,",,,,,
L8,class,E7,DS,Dump and Extraction Site,,,,,,class_name,,,Dump and Extraction Site,,,,,
L8,class,E7,DS,Dump and Extraction Site,,,,,,class_description,,,Describe the land cover class,,,,,
L8,class,E7,DS,Dump and Extraction Site,,,,,,class_map_code,,,DS,,,,,
L8,class,E7,DS,Dump and Extraction Site,,,,,,uuid,,,6a5dfe9d-ea7b-11e5-a049-780cb82883be,,,,,
L8,hp,E7,DS,Dump and Extraction Site,E8,,,,,name,,,Horizontal Pattern 1,,,,,
L8,hp,E7,DS,Dump and Extraction Site,E8,,,,,description,,,Describe the horizontal pattern,,,,,
L8,stratum,E7,DS,Dump and Extraction Site,E8,E9,,,,name,,,Stratum 1,,,,,
L8,stratum,E7,DS,Dump and Extraction Site,E8,E9,,,,description,,,Abiotic surface 1,,,,,
L8,stratum,E7,DS,Dump and Extraction Site,E8,E9,,,,presence_type,,,Mandatory,,,,,
L8,stratum,E7,DS,Dump and Extraction Site,E8,E9,,,,@ontop,,,0,,,,,
L8,element,E7,DS,Dump and Extraction Site,E8,E9,1,,LC_DumpSite,lccs3_type,,,LC_DumpSite,,,,,
L8,element,E7,DS,Dump and Extraction Site,E8,E9,1,,LC_DumpSite,name,,,Dump Site,,,,,
L8,element,E7,DS,Dump and Extraction Site,E8,E9,1,,LC_DumpSite,description,,,Describe a dump site surface element,,,,,
L8,element,E7,DS,Dump and Extraction Site,E8,E9,1,,LC_DumpSite,presence_type,,,Exclusive,,,,,
L8,element,E7,DS,Dump and Extraction Site,E8,E9,1,,LC_DumpSite,type,,,Waste Dumps,,,,,
L8,element,E7,DS,Dump and Extraction Site,E8,E9,2,,LC_Extraction,lccs3_type,,,LC_Extraction,,,,,
L8,element,E7,DS,Dump and Extraction Site,E8,E9,2,,LC_Extraction,name,,,Extraction,,,,,
L8,element,E7,DS,Dump and Extraction Site,E8,E9,2,,LC_Extraction,description,,,Describe an extraction surface element,,,,,
L8,element,E7,DS,Dump and Extraction Site,E8,E9,2,,LC_Extraction,presence_type,,,Exclusive,,,,,
L8,element,E7,DS,Dump and Extraction Site,E8,E9,2,,LC_Extraction,type,,,Stone or Coal Mining,,,,,
L8,class,EC,SP,Salt Pan,,,,,,class_name,,,Salt Pan,,,,,
L8,class,EC,SP,Salt Pan,,,,,,class_description,,,Describe the land cover class,,,,,
L8,class,EC,SP,Salt Pan,,,,,,class_map_code,,,SP,,,,,
L8,class,EC,SP,Salt Pan,,,,,,uuid,,,6a5dfedf-ea7b-11e5-a049-780cb82883be,,,,,
L8,hp,EC,SP,Salt Pan,ED,,,,,name,,,Horizontal Pattern 1,,,,,
L8,hp,EC,SP,Salt Pan,ED,,,,,description,,,Describe the horizontal pattern,,,,,
L8,stratum,EC,SP,Salt Pan,ED,EE,,,,name,,,Stratum 1,,,,,
L8,stratum,EC,SP,Salt Pan,ED,EE,,,,description,,,Abiotic surface 1,,,,,
L8,stratum,EC,SP,Salt Pan,ED,EE,,,,presence_type,,,Mandatory,,,,,
L8,stratum,EC,SP,Salt Pan,ED,EE,,,,@ontop,,,0,,,,,
L8,element,EC,SP,Salt Pan,ED,EE,1,,LC_InorganicDeposits,lccs3_type,,,LC_InorganicDeposits,,,,,
L8,element,EC,SP,Salt Pan,ED,EE,1,,LC_InorganicDeposits,name,,,Inorganic Deposits,,,,,
L8,element,EC,SP,Salt Pan,ED,EE,1,,LC_InorganicDeposits,description,,,Describe deposits of inorganic elements,,,,,
L8,element,EC,SP,Salt Pan,ED,EE,1,,LC_InorganicDeposits,presence_type,,,Mandatory,,,,,
L8,element,EC,SP,Salt Pan,ED,EE,1,,LC_InorganicDeposits,type,,,Salt Flat,,,,,
L8,class,35D,Ap,Airport,,,,,,class_name,,,Airport,,,,,
L8,class,35D,Ap,Airport,,,,,,class_description,,,Describe the land cover class,,,,,
L8,class,35D,Ap,Airport,,,,,,class_map_code,,,Ap,,,,,
L8,class,35D,Ap,Airport,,,,,,uuid,,,40c132b0-7414-11e6-b525-28e3478d86fa,,,,,
L8,hp,35D,Ap,Airport,35E,,,,,name,,,Horizontal Pattern 1,,,,,
L8,hp,35D,Ap,Airport,35E,,,,,description,,,Describe the horizontal pattern,,,,,
L8,stratum,35D,Ap,Airport,35E,35F,,,,name,,,Stratum 1,,,,,
L8,stratum,35D,Ap,Airport,35E,35F,,,,description,,,Abiotic surface 1,,,,,
L8,stratum,35D,Ap,Airport,35E,35F,,,,presence_type,,,Mandatory,,,,,
L8,stratum,35D,Ap,Airport,35E,35F,,,,@ontop,,,0,,,,,
L8,element,35D,Ap,Airport,35E,35F,1,,LC_BuiltUpSurface,lccs3_type,,,LC_BuiltUpSurface,,,,,
L8,element,35D,Ap,Airport,35E,35F,1,,LC_BuiltUpSurface,name,,,Built-up Surface,,,,,
L8,element,35D,Ap,Airport,35E,35F,1,,LC_BuiltUpSurface,description,,,Describe a built-up surface element,,,,,
L8,element,35D,Ap,Airport,35E,35F,1,,LC_BuiltUpSurface,presence_type,,,Mandatory,,,,,
L8,characteristic,35D,Ap,Airport,35E,35F,1,1,LC_ConstructionUse,lccs3_type,,,LC_ConstructionUse,,,,,
L8,characteristic,35D,Ap,Airport,35E,35F,1,1,LC_ConstructionUse,name,,,Construction Use,,,,,
L8,characteristic,35D,Ap,Airport,35E,35F,1,1,LC_ConstructionUse,description,,,Describe the construction use characteristic,,,,,
L8,characteristic,35D,Ap,Airport,35E,35F,1,1,LC_ConstructionUse,type,,,Airport,,,,,
L8,class,362,B,Brickfields,,,,,,class_name,,,Brickfields,,,,,
L8,class,362,B,Brickfields,,,,,,class_description,,,Describe the land cover class,,,,,
L8,class,362,B,Brickfields,,,,,,class_map_code,,,B,,,,,
L8,class,362,B,Brickfields,,,,,,uuid,,,2e9bb370-7415-11e6-b525-28e3478d86fa,,,,,
L8,hp,362,B,Brickfields,363,,,,,name,,,Horizontal Pattern 1,,,,,
L8,hp,362,B,Brickfields,363,,,,,description,,,Describe the horizontal pattern,,,,,
L8,stratum,362,B,Brickfields,363,364,,,,name,,,Stratum 1,,,,,
L8,stratum,362,B,Brickfields,363,364,,,,description,,,Abiotic surface 1,,,,,
L8,stratum,362,B,Brickfields,363,364,,,,presence_type,,,Mandatory,,,,,
L8,stratum,362,B,Brickfields,363,364,,,,@ontop,,,0,,,,,
L8,element,362,B,Brickfields,363,364,1,,LC_BuiltUpSurface,lccs3_type,,,LC_BuiltUpSurface,,,,,
L8,element,362,B,Brickfields,363,364,1,,LC_BuiltUpSurface,name,,,Built-up Surface,,,,,
L8,element,362,B,Brickfields,363,364,1,,LC_BuiltUpSurface,description,,,Describe a built-up surface element,,,,,
L8,element,362,B,Brickfields,363,364,1,,LC_BuiltUpSurface,presence_type,,,Mandatory,,,,,
L8,characteristic,362,B,Brickfields,363,364,1,1,LC_ConstructionUse,lccs3_type,,,LC_ConstructionUse,,,,,
L8,characteristic,362,B,Brickfields,363,364,1,1,LC_ConstructionUse,name,,,Construction Use,,,,,
L8,characteristic,362,B,Brickfields,363,364,1,1,LC_ConstructionUse,description,,,Describe the construction use characteristic,,,,,
L8,characteristic,362,B,Brickfields,363,364,1,1,LC_ConstructionUse,type,,,Brickfields,,,,,
L8,class,F0,R,Rivers and Khals,,,,,,class_name,,,Rivers and Khals,,,,,
L8,class,F0,R,Rivers and Khals,,,,,,class_description,,,Describe the land cover class,,,,,
L8,class,F0,R,Rivers and Khals,,,,,,class_map_code,,,R,,,,,
L8,class,F0,R,Rivers and Khals,,,,,,uuid,,,6a604880-ea7b-11e5-a049-780cb82883be,,,,,
L8,hp,F0,R,Rivers and Khals,F1,,,,,name,,,Horizontal Pattern 1,,,,,
L8,hp,F0,R,Rivers and Khals,F1,,,,,description,,,Describe the horizontal pattern,,,,,
L8,stratum,F0,R,Rivers and Khals,F1,F2,,,,name,,,Stratum 1,,,,,
L8,stratum,F0,R,Rivers and Khals,F1,F2,,,,description,,,Abiotic surface 1,,,,,
L8,stratum,F0,R,Rivers and Khals,F1,F2,,,,presence_type,,,Mandatory,,,,,
L8,stratum,F0,R,Rivers and Khals,F1,F2,,,,@ontop,,,0,,,,,
L8,element,F0,R,Rivers and Khals,F1,F2,1,,LC_WaterBody,lccs3_type,,,LC_WaterBody,,,,,
L8,element,F0,R,Rivers and Khals,F1,F2,1,,LC_WaterBody,name,,,Water Body,,,,,
L8,element,F0,R,Rivers and Khals,F1,F2,1,,LC_WaterBody,description,,,Describe a water body surface element,,,,,
L8,element,F0,R,Rivers and Khals,F1,F2,1,,LC_WaterBody,presence_type,,,Mandatory,,,,,
L8,element,F0,R,Rivers and Khals,F1,F2,1,,LC_WaterBody,dynamics,,,Flowing,,,,,
L8,element,F0,R,Rivers and Khals,F1,F2,1,,LC_WaterBody,position,,,Above Surface,,,,,
L8,characteristic,F0,R,Rivers and Khals,F1,F2,1,1,LC_ArtificialityCharacteristic,lccs3_type,,,LC_Artificiality,,,,,
L8,characteristic,F0,R,Rivers and Khals,F1,F2,1,1,LC_ArtificialityCharacteristic,name,,,Artificiality,,,,,
L8,characteristic,F0,R,Rivers and Khals,F1,F2,1,1,LC_ArtificialityCharacteristic,description,,,Describe the artificiality characteristic,,,,,
L8,characteristic,F0,R,Rivers and Khals,F1,F2,1,1,LC_ArtificialityCharacteristic,type,,,Natural,,,,,
L8,class,F5,Ba,Baor,,,,,,class_name,,,Baor,,,,,
L8,class,F5,Ba,Baor,,,,,,class_description,,,Describe the land cover class,,,,,
L8,class,F5,Ba,Baor,,,,,,class_map_code,,,Ba,,,,,
L8,class,F5,Ba,Baor,,,,,,uuid,,,6a6048e0-ea7b-11e5-a049-780cb82883be,,,,,
L8,class_char,F5,Ba,Baor,,,,1,LC_GeographicalAspects,name,,,Geographical Aspects,,,,,
L8,class_char,F5,Ba,Baor,,,,1,LC_GeographicalAspects,description,,,Describe the geographical aspects,,,,,
L8,class_char,F5,Ba,Baor,,,,1,LC_GeographicalAspects,type,,,Part of Old River Channel,,,,,
L8,hp,F5,Ba,Baor,F6,,,,,name,,,Horizontal Pattern 1,,,,,
L8,hp,F5,Ba,Baor,F6,,,,,description,,,Describe the horizontal pattern,,,,,
L8,stratum,F5,Ba,Baor,F6,2A6,,,,name,,,Stratum 1,,,,,
L8,stratum,F5,Ba,Baor,F6,2A6,,,,description,,,Abiotic surface 1,,,,,
L8,stratum,F5,Ba,Baor,F6,2A6,,,,presence_type,,,Mandatory,,,,,
L8,stratum,F5,Ba,Baor,F6,2A6,,,,@ontop,,,0,,,,,
L8,element,F5,Ba,Baor,F6,2A6,1,,LC_WaterBody,lccs3_type,,,LC_WaterBody,,,,,
L8,element,F5,Ba,Baor,F6,2A6,1,,LC_WaterBody,name,,,Water Body,,,,,
L8,element,F5,Ba,Baor,F6,2A6,1,,LC_WaterBody,description,,,Describe a water body surface element,,,,,
L8,element,F5,Ba,Baor,F6,2A6,1,,LC_WaterBody,presence_type,,,Mandatory,,,,,
L8,element,F5,Ba,Baor,F6,2A6,1,,LC_WaterBody,dynamics,,,Standing,,,,,
L8,element,F5,Ba,Baor,F6,2A6,1,,LC_WaterBody,position,,,Above Surface,,,,,
L8,characteristic,F5,Ba,Baor,F6,2A6,1,1,LC_WaterSalinityCharacteristic,lccs3_type,,,LC_WaterSalinity,,,,,
L8,characteristic,F5,Ba,Baor,F6,2A6,1,1,LC_WaterSalinityCharacteristic,name,,,Water Salinity,,,,,
L8,characteristic,F5,Ba,Baor,F6,2A6,1,1,LC_WaterSalinityCharacteristic,description,,,Describe the water salinity characteristic,,,,,
L8,characteristic,F5,Ba,Baor,F6,2A6,1,1,LC_WaterSalinityCharacteristic,type,,,Fresh,,,,,
L8,characteristic,F5,Ba,Baor,F6,2A6,1,2,LC_ArtificialityCharacteristic,lccs3_type,,,LC_Artificiality,,,,,
L8,characteristic,F5,Ba,Baor,F6,2A6,1,2,LC_ArtificialityCharacteristic,name,,,Artificiality,,,,,
L8,characteristic,F5,Ba,Baor,F6,2A6,1,2,LC_ArtificialityCharacteristic,description,,,Describe the artificiality characteristic,,,,,
L8,characteristic,F5,Ba,Baor,F6,2A6,1,2,LC_ArtificialityCharacteristic,type,,,Natural,,,,,
L8,class,FA,BH,Perennial Beel/Haor,,,,,,class_name,,,Perennial Beel/Haor,,,,,
L8,class,FA,BH,Perennial Beel/Haor,,,,,,class_description,,,Describe the land cover class,,,,,
L8,class,FA,BH,Perennial Beel/Haor,,,,,,class_map_code,,,BH,,,,,
L8,class,FA,BH,Perennial Beel/Haor,,,,,,uuid,,,6a62b943-ea7b-11e5-a049-780cb82883be,,,,,
L8,class_char,FA,BH,Perennial Beel/Haor,,,,1,LC_LandForm,name,,,Land Form,,,,,
L8,class_char,FA,BH,Perennial Beel/Haor,,,,1,LC_LandForm,description,,,Describe the land form,,,,,
L8,class_char,FA,BH,Perennial Beel/Haor,,,,1,LC_LandForm,type,,,Low Lying Depression,,,,,
L8,hp,FA,BH,Perennial Beel/Haor,FB,,,,,name,,,Horizontal Pattern 1,,,,,
L8,hp,FA,BH,Perennial Beel/Haor,FB,,,,,description,,,Describe the horizontal pattern,,,,,
L8,stratum,FA,BH,Perennial Beel/Haor,FB,FC,,,,name,,,Stratum 1,,,,,
L8,stratum,FA,BH,Perennial Beel/Haor,FB,FC,,,,description,,,Abiotic surface 1,,,,,
L8,stratum,FA,BH,Perennial Beel/Haor,FB,FC,,,,presence_type,,,Mandatory,,,,,
L8,stratum,FA,BH,Perennial Beel/Haor,FB,FC,,,,@ontop,,,0,,,,,
L8,element,FA,BH,Perennial Beel/Haor,FB,FC,1,,LC_WaterBody,lccs3_type,,,LC_WaterBody,,,,,
L8,element,FA,BH,Perennial Beel/Haor,FB,FC,1,,LC_WaterBody,name,,,Water Body,,,,,
L8,element,FA,BH,Perennial Beel/Haor,FB,FC,1,,LC_WaterBody,description,,,Describe a water body surface element,,,,,
L8,element,FA,BH,Perennial Beel/Haor,FB,FC,1,,LC_WaterBody,presence_type,,,Mandatory,,,,,
L8,element,FA,BH,Perennial Beel/Haor,FB,FC,1,,LC_WaterBody,dynamics,,,Standing,,,,,
L8,element,FA,BH,Perennial Beel/Haor,FB,FC,1,,LC_WaterBody,position,,,Above Surface,,,,,
L8,characteristic,FA,BH,Perennial Beel/Haor,FB,FC,1,1,LC_ArtificialityCharacteristic,lccs3_type,,,LC_Artificiality,,,,,
L8,characteristic,FA,BH,Perennial Beel/Haor,FB,FC,1,1,LC_ArtificialityCharacteristic,name,,,Artificiality,,,,,
L8,characteristic,FA,BH,Perennial Beel/Haor,FB,FC,1,1,LC_ArtificialityCharacteristic,description,,,Describe the artificiality characteristic,,,,,
L8,characteristic,FA,BH,Perennial Beel/Haor,FB,FC,1,1,LC_ArtificialityCharacteristic,type,,,Natural,,,,,
L8,characteristic,FA,BH,Perennial Beel/Haor,FB,FC,1,2,LC_WaterSalinityCharacteristic,lccs3_type,,,LC_WaterSalinity,,,,,
L8,characteristic,FA,BH,Perennial Beel/Haor,FB,FC,1,2,LC_WaterSalinityCharacteristic,name,,,Water Salinity,,,,,
L8,characteristic,FA,BH,Perennial Beel/Haor,FB,FC,1,2,LC_WaterSalinityCharacteristic,description,,,Describe the water salinity characteristic,,,,,
L8,characteristic,FA,BH,Perennial Beel/Haor,FB,FC,1,2,LC_WaterSalinityCharacteristic,type,,,Fresh,,,,,
L8,class,FF,L,Lake,,,,,,class_name,,,Lake,,,,,
L8,class,FF,L,Lake,,,,,,class_description,,,Describe the land cover class,,,,,
L8,class,FF,L,Lake,,,,,,class_map_code,,,L,,,,,
L8,class,FF,L,Lake,,,,,,uuid,,,6a62b9a4-ea7b-11e5-a049-780cb82883be,,,,,
L8,hp,FF,L,Lake,100,,,,,name,,,Horizontal Pattern 1,,,,,
L8,hp,FF,L,Lake,100,,,,,description,,,Describe the horizontal pattern,,,,,
L8,stratum,FF,L,Lake,100,101,,,,name,,,Stratum 1,,,,,
L8,stratum,FF,L,Lake,100,101,,,,description,,,Abiotic surface 1,,,,,
L8,stratum,FF,L,Lake,100,101,,,,presence_type,,,Mandatory,,,,,
L8,stratum,FF,L,Lake,100,101,,,,@ontop,,,0,,,,,
L8,element,FF,L,Lake,100,101,1,,LC_WaterBody,lccs3_type,,,LC_WaterBody,,,,,
L8,element,FF,L,Lake,100,101,1,,LC_WaterBody,name,,,Water Body,,,,,
L8,element,FF,L,Lake,100,101,1,,LC_WaterBody,description,,,Describe a water body surface element,,,,,
L8,element,FF,L,Lake,100,101,1,,LC_WaterBody,presence_type,,,Mandatory,,,,,
L8,element,FF,L,Lake,100,101,1,,LC_WaterBody,dynamics,,,Standing,,,,,
L8,element,FF,L,Lake,100,101,1,,LC_WaterBody,position,,,Above Surface,,,,,
L8,characteristic,FF,L,Lake,100,101,1,1,LC_ArtificialityCharacteristic,lccs3_type,,,LC_Artificiality,,,,,
L8,characteristic,FF,L,Lake,100,101,1,1,LC_ArtificialityCharacteristic,name,,,Artificiality,,,,,
L8,characteristic,FF,L,Lake,100,101,1,1,LC_ArtificialityCharacteristic,description,,,Describe the artificiality characteristic,,,,,
L8,characteristic,FF,L,Lake,100,101,1,1,LC_ArtificialityCharacteristic,type,,,Artificial,,,,,
L8,characteristic,FF,L,Lake,100,101,1,2,LC_UserDefinedElementCharacteristic,lccs3_type,,,LC_UserDefinedElementCharacteristic,,,,,no LChS equivalent; kept as-is
L8,characteristic,FF,L,Lake,100,101,1,2,LC_UserDefinedElementCharacteristic,name,,,Area Size (Waterbody),,,,,
L8,characteristic,FF,L,Lake,100,101,1,2,LC_UserDefinedElementCharacteristic,description,,,Describe the user characteristic structure,,,,,
L8,characteristic,FF,L,Lake,100,101,1,2,LC_UserDefinedElementCharacteristic,userid,,,uds_0ad57fa0-ebff-11e5-8e21-780cb82883be,,,,,
L8,characteristic,FF,L,Lake,100,101,1,2,LC_UserDefinedElementCharacteristic,LC_Property[LC_PropertyString@size_ha]/value,,,> 50,,,,,
L8,characteristic,FF,L,Lake,100,101,1,3,LC_WaterSalinityCharacteristic,lccs3_type,,,LC_WaterSalinity,,,,,
L8,characteristic,FF,L,Lake,100,101,1,3,LC_WaterSalinityCharacteristic,name,,,Water Salinity,,,,,
L8,characteristic,FF,L,Lake,100,101,1,3,LC_WaterSalinityCharacteristic,description,,,Describe the water salinity characteristic,,,,,
L8,characteristic,FF,L,Lake,100,101,1,3,LC_WaterSalinityCharacteristic,type,,,Fresh,,,,,
L8,class,104,Po,Ponds,,,,,,class_name,,,Ponds,,,,,
L8,class,104,Po,Ponds,,,,,,class_description,,,Describe the land cover class,,,,,
L8,class,104,Po,Ponds,,,,,,class_map_code,,,Po,,,,,
L8,class,104,Po,Ponds,,,,,,uuid,,,6a62ba12-ea7b-11e5-a049-780cb82883be,,,,,
L8,hp,104,Po,Ponds,105,,,,,name,,,Horizontal Pattern 1,,,,,
L8,hp,104,Po,Ponds,105,,,,,description,,,Describe the horizontal pattern,,,,,
L8,stratum,104,Po,Ponds,105,106,,,,name,,,Stratum 1,,,,,
L8,stratum,104,Po,Ponds,105,106,,,,description,,,Abiotic surface 1,,,,,
L8,stratum,104,Po,Ponds,105,106,,,,presence_type,,,Mandatory,,,,,
L8,stratum,104,Po,Ponds,105,106,,,,@ontop,,,0,,,,,
L8,element,104,Po,Ponds,105,106,1,,LC_WaterBody,lccs3_type,,,LC_WaterBody,,,,,
L8,element,104,Po,Ponds,105,106,1,,LC_WaterBody,name,,,Water Body,,,,,
L8,element,104,Po,Ponds,105,106,1,,LC_WaterBody,description,,,Describe a water body surface element,,,,,
L8,element,104,Po,Ponds,105,106,1,,LC_WaterBody,presence_type,,,Mandatory,,,,,
L8,element,104,Po,Ponds,105,106,1,,LC_WaterBody,dynamics,,,Standing,,,,,
L8,element,104,Po,Ponds,105,106,1,,LC_WaterBody,position,,,Above Surface,,,,,
L8,characteristic,104,Po,Ponds,105,106,1,1,LC_ArtificialityCharacteristic,lccs3_type,,,LC_Artificiality,,,,,
L8,characteristic,104,Po,Ponds,105,106,1,1,LC_ArtificialityCharacteristic,name,,,Artificiality,,,,,
L8,characteristic,104,Po,Ponds,105,106,1,1,LC_ArtificialityCharacteristic,description,,,Describe the artificiality characteristic,,,,,
L8,characteristic,104,Po,Ponds,105,106,1,1,LC_ArtificialityCharacteristic,type,,,Artificial,,,,,
L8,characteristic,104,Po,Ponds,105,106,1,2,LC_UserDefinedElementCharacteristic,lccs3_type,,,LC_UserDefinedElementCharacteristic,,,,,no LChS equivalent; kept as-is
L8,characteristic,104,Po,Ponds,105,106,1,2,LC_UserDefinedElementCharacteristic,name,,,Area Size (Waterbody),,,,,
L8,characteristic,104,Po,Ponds,105,106,1,2,LC_UserDefinedElementCharacteristic,description,,,Describe the user characteristic structure,,,,,
L8,characteristic,104,Po,Ponds,105,106,1,2,LC_UserDefinedElementCharacteristic,userid,,,uds_0ad57fa0-ebff-11e5-8e21-780cb82883be,,,,,
L8,characteristic,104,Po,Ponds,105,106,1,2,LC_UserDefinedElementCharacteristic,LC_Property[LC_PropertyString@size_ha]/value,,,> 0.3,,,,,
L8,class,367,BWa,Brackish Water Acquaculture,,,,,,class_name,,,Brackish Water Acquaculture,,,,,
L8,class,367,BWa,Brackish Water Acquaculture,,,,,,class_description,,,Describe the land cover class,,,,,
L8,class,367,BWa,Brackish Water Acquaculture,,,,,,class_map_code,,,BWa,,,,,
L8,class,367,BWa,Brackish Water Acquaculture,,,,,,uuid,,,ea489070-743d-11e6-99e5-28e3478d86fa,,,,,
L8,hp,367,BWa,Brackish Water Acquaculture,368,,,,,name,,,Horizontal Pattern 1,,,,,
L8,hp,367,BWa,Brackish Water Acquaculture,368,,,,,description,,,Describe the horizontal pattern,,,,,
L8,stratum,367,BWa,Brackish Water Acquaculture,368,369,,,,name,,,Stratum 1,,,,,
L8,stratum,367,BWa,Brackish Water Acquaculture,368,369,,,,description,,,Abiotic surface 1,,,,,
L8,stratum,367,BWa,Brackish Water Acquaculture,368,369,,,,presence_type,,,Mandatory,,,,,
L8,stratum,367,BWa,Brackish Water Acquaculture,368,369,,,,@ontop,,,0,,,,,
L8,element,367,BWa,Brackish Water Acquaculture,368,369,1,,LC_HerbaceousGrowthForm,lccs3_type,,,LC_HerbaceousGrowthForms,,,,,
L8,element,367,BWa,Brackish Water Acquaculture,368,369,1,,LC_HerbaceousGrowthForm,name,,,Herbaceous growth forms,,,,,
L8,element,367,BWa,Brackish Water Acquaculture,368,369,1,,LC_HerbaceousGrowthForm,description,,,Describe a vegetation element of herbaceous growth form type,,,,,
L8,element,367,BWa,Brackish Water Acquaculture,368,369,1,,LC_HerbaceousGrowthForm,presence_type,,,Optional,,,,,
L8,characteristic,367,BWa,Brackish Water Acquaculture,368,369,1,1,LC_FloristicAspectsCharacteristic,lccs3_type,,,LC_FloristicAspect,,,,,
L8,characteristic,367,BWa,Brackish Water Acquaculture,368,369,1,1,LC_FloristicAspectsCharacteristic,name,,,Floristic Aspect,,,,,
L8,characteristic,367,BWa,Brackish Water Acquaculture,368,369,1,1,LC_FloristicAspectsCharacteristic,description,,,Describe the floristic aspect,,,,,
L8,characteristic,367,BWa,Brackish Water Acquaculture,368,369,1,1,LC_FloristicAspectsCharacteristic,elements/LC_Characteristic[LC_FloristicAspectSpecies]/name,,,Floristic Aspect Species,,,,,
L8,characteristic,367,BWa,Brackish Water Acquaculture,368,369,1,1,LC_FloristicAspectsCharacteristic,elements/LC_Characteristic[LC_FloristicAspectSpecies]/description,,,Describe the floristic aspect species,,,,,
L8,characteristic,367,BWa,Brackish Water Acquaculture,368,369,1,1,LC_FloristicAspectsCharacteristic,elements/LC_Characteristic[LC_FloristicAspectSpecies]/species_name,,,Rice,,,,,
L8,element,367,BWa,Brackish Water Acquaculture,368,369,2,,LC_WaterBody,lccs3_type,,,LC_WaterBody,,,,,
L8,element,367,BWa,Brackish Water Acquaculture,368,369,2,,LC_WaterBody,name,,,Water Body,,,,,
L8,element,367,BWa,Brackish Water Acquaculture,368,369,2,,LC_WaterBody,description,,,Describe a water body surface element,,,,,
L8,element,367,BWa,Brackish Water Acquaculture,368,369,2,,LC_WaterBody,presence_type,,,Mandatory,,,,,
L8,element,367,BWa,Brackish Water Acquaculture,368,369,2,,LC_WaterBody,dynamics,,,Standing,,,,,
L8,element,367,BWa,Brackish Water Acquaculture,368,369,2,,LC_WaterBody,position,,,Above Surface,,,,,
L8,characteristic,367,BWa,Brackish Water Acquaculture,368,369,2,1,LC_ArtificialityCharacteristic,lccs3_type,,,LC_Artificiality,,,,,
L8,characteristic,367,BWa,Brackish Water Acquaculture,368,369,2,1,LC_ArtificialityCharacteristic,name,,,Artificiality,,,,,
L8,characteristic,367,BWa,Brackish Water Acquaculture,368,369,2,1,LC_ArtificialityCharacteristic,description,,,Describe the artificiality characteristic,,,,,
L8,characteristic,367,BWa,Brackish Water Acquaculture,368,369,2,1,LC_ArtificialityCharacteristic,type,,,Artificial,,,,,
L8,characteristic,367,BWa,Brackish Water Acquaculture,368,369,2,2,LC_AquacultureCharacteristic,lccs3_type,,,LC_Aquaculture,,,,,
L8,characteristic,367,BWa,Brackish Water Acquaculture,368,369,2,2,LC_AquacultureCharacteristic,name,,,Aquaculture,,,,,
L8,characteristic,367,BWa,Brackish Water Acquaculture,368,369,2,2,LC_AquacultureCharacteristic,description,,,Describe the aquaculture characteristic,,,,,
L8,characteristic,367,BWa,Brackish Water Acquaculture,368,369,2,2,LC_AquacultureCharacteristic,type,,,Shrimp,,,,,
L8,characteristic,367,BWa,Brackish Water Acquaculture,368,369,2,3,LC_WaterSalinityCharacteristic,lccs3_type,,,LC_WaterSalinity,,,,,
L8,characteristic,367,BWa,Brackish Water Acquaculture,368,369,2,3,LC_WaterSalinityCharacteristic,name,,,Water Salinity,,,,,
L8,characteristic,367,BWa,Brackish Water Acquaculture,368,369,2,3,LC_WaterSalinityCharacteristic,description,,,Describe the water salinity characteristic,,,,,
L8,characteristic,367,BWa,Brackish Water Acquaculture,368,369,2,3,LC_WaterSalinityCharacteristic,type,,,Brackish,,,,,
L8,class,36E,FWa,Fresh Water Acquaculture,,,,,,class_name,,,Fresh Water Acquaculture,,,,,
L8,class,36E,FWa,Fresh Water Acquaculture,,,,,,class_description,,,Describe the land cover class,,,,,
L8,class,36E,FWa,Fresh Water Acquaculture,,,,,,class_map_code,,,FWa,,,,,
L8,class,36E,FWa,Fresh Water Acquaculture,,,,,,uuid,,,3ffdad10-743f-11e6-99e5-28e3478d86fa,,,,,
L8,hp,36E,FWa,Fresh Water Acquaculture,36F,,,,,name,,,Horizontal Pattern 1,,,,,
L8,hp,36E,FWa,Fresh Water Acquaculture,36F,,,,,description,,,Describe the horizontal pattern,,,,,
L8,stratum,36E,FWa,Fresh Water Acquaculture,36F,370,,,,name,,,Stratum 1,,,,,
L8,stratum,36E,FWa,Fresh Water Acquaculture,36F,370,,,,description,,,Abiotic surface 1,,,,,
L8,stratum,36E,FWa,Fresh Water Acquaculture,36F,370,,,,presence_type,,,Mandatory,,,,,
L8,stratum,36E,FWa,Fresh Water Acquaculture,36F,370,,,,@ontop,,,0,,,,,
L8,element,36E,FWa,Fresh Water Acquaculture,36F,370,1,,LC_HerbaceousGrowthForm,lccs3_type,,,LC_HerbaceousGrowthForms,,,,,
L8,element,36E,FWa,Fresh Water Acquaculture,36F,370,1,,LC_HerbaceousGrowthForm,name,,,Herbaceous growth forms,,,,,
L8,element,36E,FWa,Fresh Water Acquaculture,36F,370,1,,LC_HerbaceousGrowthForm,description,,,Describe a vegetation element of herbaceous growth form type,,,,,
L8,element,36E,FWa,Fresh Water Acquaculture,36F,370,1,,LC_HerbaceousGrowthForm,presence_type,,,Optional,,,,,
L8,characteristic,36E,FWa,Fresh Water Acquaculture,36F,370,1,1,LC_FloristicAspectsCharacteristic,lccs3_type,,,LC_FloristicAspect,,,,,
L8,characteristic,36E,FWa,Fresh Water Acquaculture,36F,370,1,1,LC_FloristicAspectsCharacteristic,name,,,Floristic Aspect,,,,,
L8,characteristic,36E,FWa,Fresh Water Acquaculture,36F,370,1,1,LC_FloristicAspectsCharacteristic,description,,,Describe the floristic aspect,,,,,
L8,characteristic,36E,FWa,Fresh Water Acquaculture,36F,370,1,1,LC_FloristicAspectsCharacteristic,elements/LC_Characteristic[LC_FloristicAspectSpecies]/name,,,Floristic Aspect Species,,,,,
L8,characteristic,36E,FWa,Fresh Water Acquaculture,36F,370,1,1,LC_FloristicAspectsCharacteristic,elements/LC_Characteristic[LC_FloristicAspectSpecies]/description,,,Describe the floristic aspect species,,,,,
L8,characteristic,36E,FWa,Fresh Water Acquaculture,36F,370,1,1,LC_FloristicAspectsCharacteristic,elements/LC_Characteristic[LC_FloristicAspectSpecies]/species_name,,,Rice,,,,,
L8,element,36E,FWa,Fresh Water Acquaculture,36F,370,2,,LC_WaterBody,lccs3_type,,,LC_WaterBody,,,,,
L8,element,36E,FWa,Fresh Water Acquaculture,36F,370,2,,LC_WaterBody,name,,,Water Body,,,,,
L8,element,36E,FWa,Fresh Water Acquaculture,36F,370,2,,LC_WaterBody,description,,,Describe a water body surface element,,,,,
L8,element,36E,FWa,Fresh Water Acquaculture,36F,370,2,,LC_WaterBody,presence_type,,,Mandatory,,,,,
L8,element,36E,FWa,Fresh Water Acquaculture,36F,370,2,,LC_WaterBody,dynamics,,,Standing,,,,,
L8,element,36E,FWa,Fresh Water Acquaculture,36F,370,2,,LC_WaterBody,position,,,Above Surface,,,,,
L8,characteristic,36E,FWa,Fresh Water Acquaculture,36F,370,2,1,LC_ArtificialityCharacteristic,lccs3_type,,,LC_Artificiality,,,,,
L8,characteristic,36E,FWa,Fresh Water Acquaculture,36F,370,2,1,LC_ArtificialityCharacteristic,name,,,Artificiality,,,,,
L8,characteristic,36E,FWa,Fresh Water Acquaculture,36F,370,2,1,LC_ArtificialityCharacteristic,description,,,Describe the artificiality characteristic,,,,,
L8,characteristic,36E,FWa,Fresh Water Acquaculture,36F,370,2,1,LC_ArtificialityCharacteristic,type,,,Artificial,,,,,
L8,characteristic,36E,FWa,Fresh Water Acquaculture,36F,370,2,2,LC_AquacultureCharacteristic,lccs3_type,,,LC_Aquaculture,,,,,
L8,characteristic,36E,FWa,Fresh Water Acquaculture,36F,370,2,2,LC_AquacultureCharacteristic,name,,,Aquaculture,,,,,
L8,characteristic,36E,FWa,Fresh Water Acquaculture,36F,370,2,2,LC_AquacultureCharacteristic,description,,,Describe the aquaculture characteristic,,,,,
L8,characteristic,36E,FWa,Fresh Water Acquaculture,36F,370,2,2,LC_AquacultureCharacteristic,type,,,Fresh Water Fish,,,,,
L8,characteristic,36E,FWa,Fresh Water Acquaculture,36F,370,2,3,LC_WaterSalinityCharacteristic,lccs3_type,,,LC_WaterSalinity,,,,,
L8,characteristic,36E,FWa,Fresh Water Acquaculture,36F,370,2,3,LC_WaterSalinityCharacteristic,name,,,Water Salinity,,,,,
L8,characteristic,36E,FWa,Fresh Water Acquaculture,36F,370,2,3,LC_WaterSalinityCharacteristic,description,,,Describe the water salinity characteristic,,,,,
L8,characteristic,36E,FWa,Fresh Water Acquaculture,36F,370,2,3,LC_WaterSalinityCharacteristic,type,,,Fresh,,,,,
L8,class,13A,RS,Rural Settlement,,,,,,class_name,,,Rural Settlement,,,,,
L8,class,13A,RS,Rural Settlement,,,,,,class_description,,,Describe the land cover class,,,,,
L8,class,13A,RS,Rural Settlement,,,,,,class_map_code,,,RS,,,,,
L8,class,13A,RS,Rural Settlement,,,,,,uuid,,,812f4844-ec70-11e5-b6f5-780cb82883be,,,,,
L8,hp,13A,RS,Rural Settlement,13B,,,,,name,,,Horizontal Pattern 1,,,,,
L8,hp,13A,RS,Rural Settlement,13B,,,,,description,,,Describe the horizontal pattern,,,,,
L8,stratum,13A,RS,Rural Settlement,13B,13C,,,,name,,,Stratum 1,,,,,
L8,stratum,13A,RS,Rural Settlement,13B,13C,,,,description,,,Vegetation 1,,,,,
L8,stratum,13A,RS,Rural Settlement,13B,13C,,,,presence_type,,,Mandatory,,,,,
L8,stratum,13A,RS,Rural Settlement,13B,13C,,,,@ontop,,,0,,,,,
L8,element,13A,RS,Rural Settlement,13B,13C,1,,LC_Tree,lccs3_type,,,LC_Trees,,,,,
L8,element,13A,RS,Rural Settlement,13B,13C,1,,LC_Tree,name,,,Trees,,,,,
L8,element,13A,RS,Rural Settlement,13B,13C,1,,LC_Tree,description,,,Describe a vegetation element of trees type,,,,,
L8,element,13A,RS,Rural Settlement,13B,13C,1,,LC_Tree,presence_type,,,Mandatory,,,,,
L8,element,13A,RS,Rural Settlement,13B,13C,1,,LC_Tree,cover,40.0,60.0,,,,,,
L8,element,13A,RS,Rural Settlement,13B,13C,1,,LC_Tree,height,5.0,30.0,,,,,,
L8,characteristic,13A,RS,Rural Settlement,13B,13C,1,1,LC_CultivatedAndManagedVegetationCharacteristics,lccs3_type,,,LC_CultivatedAndManagedVegetation,,,,,
L8,characteristic,13A,RS,Rural Settlement,13B,13C,1,1,LC_CultivatedAndManagedVegetationCharacteristics,name,,,Cultivated And Managed Vegetation,,,,,
L8,characteristic,13A,RS,Rural Settlement,13B,13C,1,1,LC_CultivatedAndManagedVegetationCharacteristics,description,,,Describe the cultivated and managed vegetation,,,,,
L8,characteristic,13A,RS,Rural Settlement,13B,13C,1,1,LC_CultivatedAndManagedVegetationCharacteristics,elements/LC_Characteristic[LC_OrchardAndOtherPlantation]/name,,,Orchard And Other Plantation,,,,,
L8,characteristic,13A,RS,Rural Settlement,13B,13C,1,1,LC_CultivatedAndManagedVegetationCharacteristics,elements/LC_Characteristic[LC_OrchardAndOtherPlantation]/description,,,Describe the orchard and other plantation,,,,,
L8,characteristic,13A,RS,Rural Settlement,13B,13C,1,2,LC_FloristicAspectsCharacteristic,lccs3_type,,,LC_FloristicAspect,,,,,
L8,characteristic,13A,RS,Rural Settlement,13B,13C,1,2,LC_FloristicAspectsCharacteristic,name,,,Floristic Aspect,,,,,
L8,characteristic,13A,RS,Rural Settlement,13B,13C,1,2,LC_FloristicAspectsCharacteristic,description,,,Describe the floristic aspect,,,,,
L8,characteristic,13A,RS,Rural Settlement,13B,13C,1,2,LC_FloristicAspectsCharacteristic,elements/LC_Characteristic[LC_FloristicAspectSpecies]/name,,,Floristic Aspect Species,,,,,
L8,characteristic,13A,RS,Rural Settlement,13B,13C,1,2,LC_FloristicAspectsCharacteristic,elements/LC_Characteristic[LC_FloristicAspectSpecies]/description,,,Describe the floristic aspect species,,,,,
L8,characteristic,13A,RS,Rural Settlement,13B,13C,1,2,LC_FloristicAspectsCharacteristic,elements/LC_Characteristic[LC_FloristicAspectSpecies]/species_name,,,Fruit Trees and Wood Timber,,,,,
L8,element,13A,RS,Rural Settlement,13B,13C,2,,LC_HerbaceousGrowthForm,lccs3_type,,,LC_HerbaceousGrowthForms,,,,,
L8,element,13A,RS,Rural Settlement,13B,13C,2,,LC_HerbaceousGrowthForm,name,,,Herbaceous growth forms,,,,,
L8,element,13A,RS,Rural Settlement,13B,13C,2,,LC_HerbaceousGrowthForm,description,,,Describe a vegetation element of herbaceous growth form type,,,,,
L8,element,13A,RS,Rural Settlement,13B,13C,2,,LC_HerbaceousGrowthForm,presence_type,,,Optional,,,,,
L8,characteristic,13A,RS,Rural Settlement,13B,13C,2,1,LC_FloristicAspectsCharacteristic,lccs3_type,,,LC_FloristicAspect,,,,,
L8,characteristic,13A,RS,Rural Settlement,13B,13C,2,1,LC_FloristicAspectsCharacteristic,name,,,Floristic Aspect,,,,,
L8,characteristic,13A,RS,Rural Settlement,13B,13C,2,1,LC_FloristicAspectsCharacteristic,description,,,Describe the floristic aspect,,,,,
L8,characteristic,13A,RS,Rural Settlement,13B,13C,2,1,LC_FloristicAspectsCharacteristic,elements/LC_Characteristic[LC_FloristicAspectSpecies]/name,,,Floristic Aspect Species,,,,,
L8,characteristic,13A,RS,Rural Settlement,13B,13C,2,1,LC_FloristicAspectsCharacteristic,elements/LC_Characteristic[LC_FloristicAspectSpecies]/description,,,Describe the floristic aspect species,,,,,
L8,characteristic,13A,RS,Rural Settlement,13B,13C,2,1,LC_FloristicAspectsCharacteristic,elements/LC_Characteristic[LC_FloristicAspectSpecies]/species_name,,,Vegetables and Fruits,,,,,
L8,characteristic,13A,RS,Rural Settlement,13B,13C,2,2,LC_CultivatedAndManagedVegetationCharacteristics,lccs3_type,,,LC_CultivatedAndManagedVegetation,,,,,
L8,characteristic,13A,RS,Rural Settlement,13B,13C,2,2,LC_CultivatedAndManagedVegetationCharacteristics,name,,,Cultivated And Managed Vegetation,,,,,
L8,characteristic,13A,RS,Rural Settlement,13B,13C,2,2,LC_CultivatedAndManagedVegetationCharacteristics,description,,,Describe the cultivated and managed vegetation,,,,,
L8,element,13A,RS,Rural Settlement,13B,13C,3,,LC_Building,lccs3_type,,,LC_Building,,,,,
L8,element,13A,RS,Rural Settlement,13B,13C,3,,LC_Building,name,,,Building,,,,,
L8,element,13A,RS,Rural Settlement,13B,13C,3,,LC_Building,description,,,Describe a building element,,,,,
L8,element,13A,RS,Rural Settlement,13B,13C,3,,LC_Building,presence_type,,,Mandatory,,,,,
L8,element,13A,RS,Rural Settlement,13B,13C,3,,LC_Building,cover,20.0,30.0,,,,,,
L8,element,13A,RS,Rural Settlement,13B,13C,3,,LC_Building,construction_material,,,Mainly light material,,,,,
L8,element,13A,RS,Rural Settlement,13B,13C,4,,LC_WaterBody,lccs3_type,,,LC_WaterBody,,,,,
L8,element,13A,RS,Rural Settlement,13B,13C,4,,LC_WaterBody,name,,,Water Body,,,,,
L8,element,13A,RS,Rural Settlement,13B,13C,4,,LC_WaterBody,description,,,Describe a water body surface element,,,,,
L8,element,13A,RS,Rural Settlement,13B,13C,4,,LC_WaterBody,presence_type,,,Mandatory,,,,,
L8,element,13A,RS,Rural Settlement,13B,13C,4,,LC_WaterBody,cover,10.0,20.0,,,,,,
L8,element,13A,RS,Rural Settlement,13B,13C,4,,LC_WaterBody,dynamics,,,Standing,,,,,
L8,element,13A,RS,Rural Settlement,13B,13C,4,,LC_WaterBody,position,,,Above Surface,,,,,
L8,characteristic,13A,RS,Rural Settlement,13B,13C,4,1,LC_ArtificialityCharacteristic,lccs3_type,,,LC_Artificiality,,,,,
L8,characteristic,13A,RS,Rural Settlement,13B,13C,4,1,LC_ArtificialityCharacteristic,name,,,Artificiality,,,,,
L8,characteristic,13A,RS,Rural Settlement,13B,13C,4,1,LC_ArtificialityCharacteristic,description,,,Describe the artificiality characteristic,,,,,
L8,characteristic,13A,RS,Rural Settlement,13B,13C,4,1,LC_ArtificialityCharacteristic,type,,,Artificial,,,,,
L8,characteristic,13A,RS,Rural Settlement,13B,13C,4,2,LC_WaterSalinityCharacteristic,lccs3_type,,,LC_WaterSalinity,,,,,
L8,characteristic,13A,RS,Rural Settlement,13B,13C,4,2,LC_WaterSalinityCharacteristic,name,,,Water Salinity,,,,,
L8,characteristic,13A,RS,Rural Settlement,13B,13C,4,2,LC_WaterSalinityCharacteristic,description,,,Describe the water salinity characteristic,,,,,
L8,characteristic,13A,RS,Rural Settlement,13B,13C,4,2,LC_WaterSalinityCharacteristic,type,,,Fresh,,,,,
L8,class,395,H,Herb Dominated Area,,,,,,class_name,,,Herb Dominated Area,,,,,
L8,class,395,H,Herb Dominated Area,,,,,,class_description,,,Describe the land cover class,,,,,
L8,class,395,H,Herb Dominated Area,,,,,,class_map_code,,,H,,,,,
L8,class,395,H,Herb Dominated Area,,,,,,uuid,,,c9154dc0-b08e-11e6-9be9-5cf9dd742a27,,,,,
L8,hp,395,H,Herb Dominated Area,396,,,,,name,,,Horizontal Pattern 1,,,,,
L8,hp,395,H,Herb Dominated Area,396,,,,,description,,,Describe the horizontal pattern,,,,,
L8,stratum,395,H,Herb Dominated Area,396,397,,,,name,,,Stratum 1,,,,,
L8,stratum,395,H,Herb Dominated Area,396,397,,,,description,,,Vegetation 1,,,,,
L8,stratum,395,H,Herb Dominated Area,396,397,,,,presence_type,,,Mandatory,,,,,
L8,stratum,395,H,Herb Dominated Area,396,397,,,,@ontop,,,0,,,,,
L8,element,395,H,Herb Dominated Area,396,397,1,,LC_HerbaceousGrowthForm,lccs3_type,,,LC_HerbaceousGrowthForms,,,,,
L8,element,395,H,Herb Dominated Area,396,397,1,,LC_HerbaceousGrowthForm,name,,,Herbaceous growth forms,,,,,
L8,element,395,H,Herb Dominated Area,396,397,1,,LC_HerbaceousGrowthForm,description,,,Describe a vegetation element of herbaceous growth form type,,,,,
L8,element,395,H,Herb Dominated Area,396,397,1,,LC_HerbaceousGrowthForm,presence_type,,,Mandatory,,,,,
L8,element,395,H,Herb Dominated Area,396,397,1,,LC_HerbaceousGrowthForm,cover,20.0,100.0,,,,,,
L8,characteristic,395,H,Herb Dominated Area,396,397,1,1,LC_VegetationArtificialityCharacteristic,lccs3_type,,,LC_NaturalOrSeminaturalVegetation,,,,,value: Natural or Seminatural
L8,characteristic,395,H,Herb Dominated Area,396,397,1,1,LC_VegetationArtificialityCharacteristic,name,,,Natural Or Seminatural Vegetation,,,,,
L8,characteristic,395,H,Herb Dominated Area,396,397,1,1,LC_VegetationArtificialityCharacteristic,description,,,Describe the natural or seminatural vegetation,,,,,
L8,class,3B0,PCm,Multiple Crop,,,,,,class_name,,,Multiple Crop,,,,,
L8,class,3B0,PCm,Multiple Crop,,,,,,class_description,,,Describe the land cover class,,,,,
L8,class,3B0,PCm,Multiple Crop,,,,,,class_map_code,,,PCm,,,,,
L8,class,3B0,PCm,Multiple Crop,,,,,,uuid,,,ebdee013-d180-11e6-87a2-5cf9dd742a27,,,,,
L8,hp,3B0,PCm,Multiple Crop,3B1,,,,,name,,,Horizontal Pattern 1,,,,,
L8,hp,3B0,PCm,Multiple Crop,3B1,,,,,description,,,Describe the horizontal pattern,,,,,
L8,stratum,3B0,PCm,Multiple Crop,3B1,3B2,,,,name,,,Stratum 1,,,,,
L8,stratum,3B0,PCm,Multiple Crop,3B1,3B2,,,,description,,,Vegetation 1,,,,,
L8,stratum,3B0,PCm,Multiple Crop,3B1,3B2,,,,presence_type,,,Mandatory,,,,,
L8,stratum,3B0,PCm,Multiple Crop,3B1,3B2,,,,@ontop,,,0,,,,,
L8,element,3B0,PCm,Multiple Crop,3B1,3B2,1,,LC_HerbaceousGrowthForm,lccs3_type,,,LC_HerbaceousGrowthForms,,,,,
L8,element,3B0,PCm,Multiple Crop,3B1,3B2,1,,LC_HerbaceousGrowthForm,name,,,Herbaceous growth forms,,,,,
L8,element,3B0,PCm,Multiple Crop,3B1,3B2,1,,LC_HerbaceousGrowthForm,description,,,Describe a vegetation element of herbaceous growth form type,,,,,
L8,element,3B0,PCm,Multiple Crop,3B1,3B2,1,,LC_HerbaceousGrowthForm,presence_type,,,Mandatory,,,,,
L8,characteristic,3B0,PCm,Multiple Crop,3B1,3B2,1,1,LC_CultivatedAndManagedVegetationCharacteristics,lccs3_type,,,LC_CultivatedAndManagedVegetation,,,,,
L8,characteristic,3B0,PCm,Multiple Crop,3B1,3B2,1,1,LC_CultivatedAndManagedVegetationCharacteristics,name,,,Cultivated And Managed Vegetation,,,,,
L8,characteristic,3B0,PCm,Multiple Crop,3B1,3B2,1,1,LC_CultivatedAndManagedVegetationCharacteristics,description,,,Describe the cultivated and managed vegetation,,,,,
L8,characteristic,3B0,PCm,Multiple Crop,3B1,3B2,1,1,LC_CultivatedAndManagedVegetationCharacteristics,elements/LC_Characteristic[LC_Rainfed]/name,,,Rainfed,,,,,
L8,characteristic,3B0,PCm,Multiple Crop,3B1,3B2,1,1,LC_CultivatedAndManagedVegetationCharacteristics,elements/LC_Characteristic[LC_Rainfed]/description,,,Describe the rainfed,,,,,
L8,characteristic,3B0,PCm,Multiple Crop,3B1,3B2,1,2,LC_FloristicAspectsCharacteristic,lccs3_type,,,LC_FloristicAspect,,,,,
L8,characteristic,3B0,PCm,Multiple Crop,3B1,3B2,1,2,LC_FloristicAspectsCharacteristic,name,,,Floristic Aspect,,,,,
L8,characteristic,3B0,PCm,Multiple Crop,3B1,3B2,1,2,LC_FloristicAspectsCharacteristic,description,,,Describe the floristic aspect,,,,,
L8,characteristic,3B0,PCm,Multiple Crop,3B1,3B2,1,2,LC_FloristicAspectsCharacteristic,elements/LC_Characteristic[LC_FloristicAspectSpecies]/name,,,Floristic Aspect Species,,,,,
L8,characteristic,3B0,PCm,Multiple Crop,3B1,3B2,1,2,LC_FloristicAspectsCharacteristic,elements/LC_Characteristic[LC_FloristicAspectSpecies]/description,,,Describe the floristic aspect species,,,,,
L8,characteristic,3B0,PCm,Multiple Crop,3B1,3B2,1,2,LC_FloristicAspectsCharacteristic,elements/LC_Characteristic[LC_FloristicAspectSpecies]/species_name,,,Rice,,,,,
L8,element,3B0,PCm,Multiple Crop,3B1,3B2,2,,LC_HerbaceousGrowthForm,lccs3_type,,,LC_HerbaceousGrowthForms,,,,,
L8,element,3B0,PCm,Multiple Crop,3B1,3B2,2,,LC_HerbaceousGrowthForm,name,,,Herbaceous growth forms,,,,,
L8,element,3B0,PCm,Multiple Crop,3B1,3B2,2,,LC_HerbaceousGrowthForm,description,,,Describe a vegetation element of herbaceous growth form type,,,,,
L8,element,3B0,PCm,Multiple Crop,3B1,3B2,2,,LC_HerbaceousGrowthForm,presence_type,,,Optional,,,,,
L8,characteristic,3B0,PCm,Multiple Crop,3B1,3B2,2,1,LC_VegetationArtificialityCharacteristic,lccs3_type,,,LC_NaturalOrSeminaturalVegetation,,,,,value: Natural or Seminatural
L8,characteristic,3B0,PCm,Multiple Crop,3B1,3B2,2,1,LC_VegetationArtificialityCharacteristic,name,,,Natural Or Seminatural Vegetation,,,,,
L8,characteristic,3B0,PCm,Multiple Crop,3B1,3B2,2,1,LC_VegetationArtificialityCharacteristic,description,,,Describe the natural or seminatural vegetation,,,,,
L8,element,3B0,PCm,Multiple Crop,3B1,3B2,3,,LC_HerbaceousGrowthForm,lccs3_type,,,LC_HerbaceousGrowthForms,,,,,
L8,element,3B0,PCm,Multiple Crop,3B1,3B2,3,,LC_HerbaceousGrowthForm,name,,,Herbaceous growth forms,,,,,
L8,element,3B0,PCm,Multiple Crop,3B1,3B2,3,,LC_HerbaceousGrowthForm,description,,,Describe a vegetation element of herbaceous growth form type,,,,,
L8,element,3B0,PCm,Multiple Crop,3B1,3B2,3,,LC_HerbaceousGrowthForm,presence_type,,,Optional,,,,,
L8,characteristic,3B0,PCm,Multiple Crop,3B1,3B2,3,1,LC_CultivatedAndManagedVegetationCharacteristics,lccs3_type,,,LC_CultivatedAndManagedVegetation,,,,,
L8,characteristic,3B0,PCm,Multiple Crop,3B1,3B2,3,1,LC_CultivatedAndManagedVegetationCharacteristics,name,,,Cultivated And Managed Vegetation,,,,,
L8,characteristic,3B0,PCm,Multiple Crop,3B1,3B2,3,1,LC_CultivatedAndManagedVegetationCharacteristics,description,,,Describe the cultivated and managed vegetation,,,,,
L8,characteristic,3B0,PCm,Multiple Crop,3B1,3B2,3,2,LC_FloristicAspectsCharacteristic,lccs3_type,,,LC_FloristicAspect,,,,,
L8,characteristic,3B0,PCm,Multiple Crop,3B1,3B2,3,2,LC_FloristicAspectsCharacteristic,name,,,Floristic Aspect,,,,,
L8,characteristic,3B0,PCm,Multiple Crop,3B1,3B2,3,2,LC_FloristicAspectsCharacteristic,description,,,Describe the floristic aspect,,,,,
L8,characteristic,3B0,PCm,Multiple Crop,3B1,3B2,3,2,LC_FloristicAspectsCharacteristic,elements/LC_Characteristic[LC_FloristicAspectSpecies]/name,,,Floristic Aspect Species,,,,,
L8,characteristic,3B0,PCm,Multiple Crop,3B1,3B2,3,2,LC_FloristicAspectsCharacteristic,elements/LC_Characteristic[LC_FloristicAspectSpecies]/description,,,Describe the floristic aspect species,,,,,
L8,characteristic,3B0,PCm,Multiple Crop,3B1,3B2,3,2,LC_FloristicAspectsCharacteristic,elements/LC_Characteristic[LC_FloristicAspectSpecies]/species_name,,,Pulses and Vegetables,,,,,
L8,element,3B0,PCm,Multiple Crop,3B1,3B2,4,,LC_HerbaceousGrowthForm,lccs3_type,,,LC_HerbaceousGrowthForms,,,,,
L8,element,3B0,PCm,Multiple Crop,3B1,3B2,4,,LC_HerbaceousGrowthForm,name,,,Herbaceous growth forms,,,,,
L8,element,3B0,PCm,Multiple Crop,3B1,3B2,4,,LC_HerbaceousGrowthForm,description,,,Describe a vegetation element of herbaceous growth form type,,,,,
L8,element,3B0,PCm,Multiple Crop,3B1,3B2,4,,LC_HerbaceousGrowthForm,presence_type,,,Optional,,,,,
L8,characteristic,3B0,PCm,Multiple Crop,3B1,3B2,4,1,LC_CultivatedAndManagedVegetationCharacteristics,lccs3_type,,,LC_CultivatedAndManagedVegetation,,,,,
L8,characteristic,3B0,PCm,Multiple Crop,3B1,3B2,4,1,LC_CultivatedAndManagedVegetationCharacteristics,name,,,Cultivated And Managed Vegetation,,,,,
L8,characteristic,3B0,PCm,Multiple Crop,3B1,3B2,4,1,LC_CultivatedAndManagedVegetationCharacteristics,description,,,Describe the cultivated and managed vegetation,,,,,
L8,characteristic,3B0,PCm,Multiple Crop,3B1,3B2,4,1,LC_CultivatedAndManagedVegetationCharacteristics,elements/LC_Characteristic[LC_Irrigation]/name,,,Irrigation,,,,,
L8,characteristic,3B0,PCm,Multiple Crop,3B1,3B2,4,1,LC_CultivatedAndManagedVegetationCharacteristics,elements/LC_Characteristic[LC_Irrigation]/description,,,Describe the irrigation,,,,,
L8,characteristic,3B0,PCm,Multiple Crop,3B1,3B2,4,1,LC_CultivatedAndManagedVegetationCharacteristics,elements/LC_Characteristic[LC_Irrigation]/irrigation_type,,,Surface/ground water,,,,,
L8,characteristic,3B0,PCm,Multiple Crop,3B1,3B2,4,2,LC_FloristicAspectsCharacteristic,lccs3_type,,,LC_FloristicAspect,,,,,
L8,characteristic,3B0,PCm,Multiple Crop,3B1,3B2,4,2,LC_FloristicAspectsCharacteristic,name,,,Floristic Aspect,,,,,
L8,characteristic,3B0,PCm,Multiple Crop,3B1,3B2,4,2,LC_FloristicAspectsCharacteristic,description,,,Describe the floristic aspect,,,,,
L8,characteristic,3B0,PCm,Multiple Crop,3B1,3B2,4,2,LC_FloristicAspectsCharacteristic,elements/LC_Characteristic[LC_FloristicAspectSpecies]/name,,,Floristic Aspect Species,,,,,
L8,characteristic,3B0,PCm,Multiple Crop,3B1,3B2,4,2,LC_FloristicAspectsCharacteristic,elements/LC_Characteristic[LC_FloristicAspectSpecies]/description,,,Describe the floristic aspect species,,,,,
L8,characteristic,3B0,PCm,Multiple Crop,3B1,3B2,4,2,LC_FloristicAspectsCharacteristic,elements/LC_Characteristic[LC_FloristicAspectSpecies]/species_name,,,Rice,,,,,
L8,class,3C6,SWr,Swamp Reed Land,,,,,,class_name,,,Swamp Reed Land,,,,,
L8,class,3C6,SWr,Swamp Reed Land,,,,,,class_description,,,Describe the land cover class,,,,,
L8,class,3C6,SWr,Swamp Reed Land,,,,,,class_map_code,,,SWr,,,,,
L8,class,3C6,SWr,Swamp Reed Land,,,,,,uuid,,,99d7d880-1384-11e7-b616-5cf9dd742a27,,,,,
L8,hp,3C6,SWr,Swamp Reed Land,3C7,,,,,name,,,Horizontal Pattern 1,,,,,
L8,hp,3C6,SWr,Swamp Reed Land,3C7,,,,,description,,,Describe the horizontal pattern,,,,,
L8,stratum,3C6,SWr,Swamp Reed Land,3C7,3C8,,,,name,,,Stratum 1,,,,,
L8,stratum,3C6,SWr,Swamp Reed Land,3C7,3C8,,,,description,,,Vegetation 1,,,,,
L8,stratum,3C6,SWr,Swamp Reed Land,3C7,3C8,,,,presence_type,,,Mandatory,,,,,
L8,stratum,3C6,SWr,Swamp Reed Land,3C7,3C8,,,,@ontop,,,0,,,,,
L8,element,3C6,SWr,Swamp Reed Land,3C7,3C8,1,,LC_Shrub,lccs3_type,,,LC_Shrubs,,,,,
L8,element,3C6,SWr,Swamp Reed Land,3C7,3C8,1,,LC_Shrub,name,,,Shrubs,,,,,
L8,element,3C6,SWr,Swamp Reed Land,3C7,3C8,1,,LC_Shrub,description,,,Describe a vegetation element of shrubs type,,,,,
L8,element,3C6,SWr,Swamp Reed Land,3C7,3C8,1,,LC_Shrub,presence_type,,,Mandatory,,,,,
L8,element,3C6,SWr,Swamp Reed Land,3C7,3C8,1,,LC_Shrub,cover,30.0,100.0,,,,,,
L8,element,3C6,SWr,Swamp Reed Land,3C7,3C8,1,,LC_Shrub,height,1.5,5.0,,,,,,
L8,characteristic,3C6,SWr,Swamp Reed Land,3C7,3C8,1,1,LC_FloristicAspectsCharacteristic,lccs3_type,,,LC_FloristicAspect,,,,,
L8,characteristic,3C6,SWr,Swamp Reed Land,3C7,3C8,1,1,LC_FloristicAspectsCharacteristic,name,,,Floristic Aspect,,,,,
L8,characteristic,3C6,SWr,Swamp Reed Land,3C7,3C8,1,1,LC_FloristicAspectsCharacteristic,description,,,Describe the floristic aspect,,,,,
L8,characteristic,3C6,SWr,Swamp Reed Land,3C7,3C8,1,1,LC_FloristicAspectsCharacteristic,elements/LC_Characteristic[LC_FloristicAspectSpecies]/name,,,Floristic Aspect Species,,,,,
L8,characteristic,3C6,SWr,Swamp Reed Land,3C7,3C8,1,1,LC_FloristicAspectsCharacteristic,elements/LC_Characteristic[LC_FloristicAspectSpecies]/description,,,Describe the floristic aspect species,,,,,
L8,characteristic,3C6,SWr,Swamp Reed Land,3C7,3C8,1,1,LC_FloristicAspectsCharacteristic,elements/LC_Characteristic[LC_FloristicAspectSpecies]/species_name,,,"Nal, Khagra, Ikad",,,,,
L8,characteristic,3C6,SWr,Swamp Reed Land,3C7,3C8,1,2,LC_VegetationArtificialityCharacteristic,lccs3_type,,,LC_NaturalOrSeminaturalVegetation,,,,,value: Natural or Seminatural
L8,characteristic,3C6,SWr,Swamp Reed Land,3C7,3C8,1,2,LC_VegetationArtificialityCharacteristic,name,,,Natural Or Seminatural Vegetation,,,,,
L8,characteristic,3C6,SWr,Swamp Reed Land,3C7,3C8,1,2,LC_VegetationArtificialityCharacteristic,description,,,Describe the natural or seminatural vegetation,,,,,
L8,stratum,3C6,SWr,Swamp Reed Land,3C7,3CD,,,,name,,,Stratum 2,,,,,
L8,stratum,3C6,SWr,Swamp Reed Land,3C7,3CD,,,,description,,,Abiotic surface 2,,,,,
L8,stratum,3C6,SWr,Swamp Reed Land,3C7,3CD,,,,presence_type,,,Mandatory,,,,,
L8,stratum,3C6,SWr,Swamp Reed Land,3C7,3CD,,,,@ontop,,,0,,,,,
L8,element,3C6,SWr,Swamp Reed Land,3C7,3CD,1,,LC_WaterBody,lccs3_type,,,LC_WaterBody,,,,,
L8,element,3C6,SWr,Swamp Reed Land,3C7,3CD,1,,LC_WaterBody,name,,,Water Body,,,,,
L8,element,3C6,SWr,Swamp Reed Land,3C7,3CD,1,,LC_WaterBody,description,,,Describe a water body surface element,,,,,
L8,element,3C6,SWr,Swamp Reed Land,3C7,3CD,1,,LC_WaterBody,presence_type,,,Mandatory,,,,,
L8,element,3C6,SWr,Swamp Reed Land,3C7,3CD,1,,LC_WaterBody,periodic_variation[LC_PeriodicVariations]/name,,,Periodic Variations,,,,,
L8,element,3C6,SWr,Swamp Reed Land,3C7,3CD,1,,LC_WaterBody,periodic_variation[LC_PeriodicVariations]/description,,,Contains the elements of Periodic Variation,,,,,
L8,element,3C6,SWr,Swamp Reed Land,3C7,3CD,1,,LC_WaterBody,periodic_variation[LC_PeriodicVariations]/elements/LC_PeriodicVariation[LC_PeriodicVariation]/name,,,Periodic Variation,,,,,
L8,element,3C6,SWr,Swamp Reed Land,3C7,3CD,1,,LC_WaterBody,periodic_variation[LC_PeriodicVariations]/elements/LC_PeriodicVariation[LC_PeriodicVariation]/description,,,Describe a periodic variation element,,,,,
L8,element,3C6,SWr,Swamp Reed Land,3C7,3CD,1,,LC_WaterBody,periodic_variation[LC_PeriodicVariations]/elements/LC_PeriodicVariation[LC_PeriodicVariation]/persistence_units,,,Months,,,,,
L8,element,3C6,SWr,Swamp Reed Land,3C7,3CD,1,,LC_WaterBody,periodic_variation[LC_PeriodicVariations]/elements/LC_PeriodicVariation[LC_PeriodicVariation]/period_type,,,Seasonal,,,,,
L8,element,3C6,SWr,Swamp Reed Land,3C7,3CD,1,,LC_WaterBody,dynamics,,,Standing,,,,,
L8,element,3C6,SWr,Swamp Reed Land,3C7,3CD,1,,LC_WaterBody,position,,,Above Surface,,,,,
L8,characteristic,3C6,SWr,Swamp Reed Land,3C7,3CD,1,1,LC_ArtificialityCharacteristic,lccs3_type,,,LC_Artificiality,,,,,
L8,characteristic,3C6,SWr,Swamp Reed Land,3C7,3CD,1,1,LC_ArtificialityCharacteristic,name,,,Artificiality,,,,,
L8,characteristic,3C6,SWr,Swamp Reed Land,3C7,3CD,1,1,LC_ArtificialityCharacteristic,description,,,Describe the artificiality characteristic,,,,,
L8,characteristic,3C6,SWr,Swamp Reed Land,3C7,3CD,1,1,LC_ArtificialityCharacteristic,type,,,Natural,,,,,
L8,characteristic,3C6,SWr,Swamp Reed Land,3C7,3CD,1,2,LC_WaterSalinityCharacteristic,lccs3_type,,,LC_WaterSalinity,,,,,
L8,characteristic,3C6,SWr,Swamp Reed Land,3C7,3CD,1,2,LC_WaterSalinityCharacteristic,name,,,Water Salinity,,,,,
L8,characteristic,3C6,SWr,Swamp Reed Land,3C7,3CD,1,2,LC_WaterSalinityCharacteristic,description,,,Describe the water salinity characteristic,,,,,
L8,characteristic,3C6,SWr,Swamp Reed Land,3C7,3CD,1,2,LC_WaterSalinityCharacteristic,type,,,Fresh,,,,,
L8,class,3D1,FSp,Swamp Plantation,,,,,,class_name,,,Swamp Plantation,,,,,
L8,class,3D1,FSp,Swamp Plantation,,,,,,class_description,,,Describe the land cover class,,,,,
L8,class,3D1,FSp,Swamp Plantation,,,,,,class_map_code,,,FSp,,,,,
L8,class,3D1,FSp,Swamp Plantation,,,,,,uuid,,,10fa47c0-1387-11e7-b616-5cf9dd742a27,,,,,
L8,hp,3D1,FSp,Swamp Plantation,3D4,,,,,name,,,Horizontal Pattern 1,,,,,
L8,hp,3D1,FSp,Swamp Plantation,3D4,,,,,description,,,Describe the horizontal pattern,,,,,
L8,stratum,3D1,FSp,Swamp Plantation,3D4,3D5,,,,name,,,Stratum 1,,,,,
L8,stratum,3D1,FSp,Swamp Plantation,3D4,3D5,,,,description,,,Vegetation 1,,,,,
L8,stratum,3D1,FSp,Swamp Plantation,3D4,3D5,,,,presence_type,,,Mandatory,,,,,
L8,stratum,3D1,FSp,Swamp Plantation,3D4,3D5,,,,@ontop,,,0,,,,,
L8,element,3D1,FSp,Swamp Plantation,3D4,3D5,1,,LC_Tree,lccs3_type,,,LC_Trees,,,,,
L8,element,3D1,FSp,Swamp Plantation,3D4,3D5,1,,LC_Tree,name,,,Trees,,,,,
L8,element,3D1,FSp,Swamp Plantation,3D4,3D5,1,,LC_Tree,description,,,Describe a vegetation element of trees type,,,,,
L8,element,3D1,FSp,Swamp Plantation,3D4,3D5,1,,LC_Tree,presence_type,,,Mandatory,,,,,
L8,element,3D1,FSp,Swamp Plantation,3D4,3D5,1,,LC_Tree,cover,30.0,100.0,,,,,,
L8,element,3D1,FSp,Swamp Plantation,3D4,3D5,1,,LC_Tree,LC_WoodyGrowthLeafPhenology[LC_WoodyGrowthLeafPhenology]/name,,,Woody Growth Leaf Phenology,,,,,
L8,element,3D1,FSp,Swamp Plantation,3D4,3D5,1,,LC_Tree,LC_WoodyGrowthLeafPhenology[LC_WoodyGrowthLeafPhenology]/description,,,Contains the elements of Woody Growth Leaf Phenology,,,,,
L8,element,3D1,FSp,Swamp Plantation,3D4,3D5,1,,LC_Tree,LC_WoodyGrowthLeafPhenology[LC_WoodyGrowthLeafPhenology]/elements/LC_WoodyLeafPhenology[LC_Evergreen]/name,,,Evergreen,,,,,
L8,element,3D1,FSp,Swamp Plantation,3D4,3D5,1,,LC_Tree,LC_WoodyGrowthLeafPhenology[LC_WoodyGrowthLeafPhenology]/elements/LC_WoodyLeafPhenology[LC_Evergreen]/description,,,Describe an Evergreen leaf phenology element,,,,,
L8,element,3D1,FSp,Swamp Plantation,3D4,3D5,1,,LC_Tree,LC_WoodyGrowthLeafType[LC_WoodyGrowthLeafType]/name,,,Woody Growth Leaf Type,,,,,
L8,element,3D1,FSp,Swamp Plantation,3D4,3D5,1,,LC_Tree,LC_WoodyGrowthLeafType[LC_WoodyGrowthLeafType]/description,,,Contains the elements of Woody Growth Leaf Type,,,,,
L8,element,3D1,FSp,Swamp Plantation,3D4,3D5,1,,LC_Tree,LC_WoodyGrowthLeafType[LC_WoodyGrowthLeafType]/elements/LC_WoodyLeafType[LC_Broadleaved]/name,,,Broadleaved,,,,,
L8,element,3D1,FSp,Swamp Plantation,3D4,3D5,1,,LC_Tree,LC_WoodyGrowthLeafType[LC_WoodyGrowthLeafType]/elements/LC_WoodyLeafType[LC_Broadleaved]/description,,,Describe a Broadleaved type element,,,,,
L8,element,3D1,FSp,Swamp Plantation,3D4,3D5,1,,LC_Tree,height,5.0,45.0,,,,,,
L8,characteristic,3D1,FSp,Swamp Plantation,3D4,3D5,1,1,LC_FloristicAspectsCharacteristic,lccs3_type,,,LC_FloristicAspect,,,,,
L8,characteristic,3D1,FSp,Swamp Plantation,3D4,3D5,1,1,LC_FloristicAspectsCharacteristic,name,,,Floristic Aspect,,,,,
L8,characteristic,3D1,FSp,Swamp Plantation,3D4,3D5,1,1,LC_FloristicAspectsCharacteristic,description,,,Describe the floristic aspect,,,,,
L8,characteristic,3D1,FSp,Swamp Plantation,3D4,3D5,1,1,LC_FloristicAspectsCharacteristic,elements/LC_Characteristic[LC_FloristicAspectSpecies]/name,,,Floristic Aspect Species,,,,,
L8,characteristic,3D1,FSp,Swamp Plantation,3D4,3D5,1,1,LC_FloristicAspectsCharacteristic,elements/LC_Characteristic[LC_FloristicAspectSpecies]/description,,,Describe the floristic aspect species,,,,,
L8,characteristic,3D1,FSp,Swamp Plantation,3D4,3D5,1,1,LC_FloristicAspectsCharacteristic,elements/LC_Characteristic[LC_FloristicAspectSpecies]/species_name,,,"Koroch,Hijal",,,,,
L8,characteristic,3D1,FSp,Swamp Plantation,3D4,3D5,1,2,LC_CultivatedAndManagedVegetationCharacteristics,lccs3_type,,,LC_CultivatedAndManagedVegetation,,,,,
L8,characteristic,3D1,FSp,Swamp Plantation,3D4,3D5,1,2,LC_CultivatedAndManagedVegetationCharacteristics,name,,,Cultivated And Managed Vegetation,,,,,
L8,characteristic,3D1,FSp,Swamp Plantation,3D4,3D5,1,2,LC_CultivatedAndManagedVegetationCharacteristics,description,,,Describe the cultivated and managed vegetation,,,,,
L8,characteristic,3D1,FSp,Swamp Plantation,3D4,3D5,1,2,LC_CultivatedAndManagedVegetationCharacteristics,elements/LC_Characteristic[LC_ForestPlantation]/name,,,Forest Plantation,,,,,
L8,characteristic,3D1,FSp,Swamp Plantation,3D4,3D5,1,2,LC_CultivatedAndManagedVegetationCharacteristics,elements/LC_Characteristic[LC_ForestPlantation]/description,,,Describe the forest plantation,,,,,
L8,stratum,3D1,FSp,Swamp Plantation,3D4,3DB,,,,name,,,Stratum 2,,,,,
L8,stratum,3D1,FSp,Swamp Plantation,3D4,3DB,,,,description,,,Abiotic surface 2,,,,,
L8,stratum,3D1,FSp,Swamp Plantation,3D4,3DB,,,,presence_type,,,Mandatory,,,,,
L8,stratum,3D1,FSp,Swamp Plantation,3D4,3DB,,,,@ontop,,,0,,,,,
L8,element,3D1,FSp,Swamp Plantation,3D4,3DB,1,,LC_WaterBody,lccs3_type,,,LC_WaterBody,,,,,
L8,element,3D1,FSp,Swamp Plantation,3D4,3DB,1,,LC_WaterBody,name,,,Water Body,,,,,
L8,element,3D1,FSp,Swamp Plantation,3D4,3DB,1,,LC_WaterBody,description,,,Describe a water body surface element,,,,,
L8,element,3D1,FSp,Swamp Plantation,3D4,3DB,1,,LC_WaterBody,presence_type,,,Mandatory,,,,,
L8,element,3D1,FSp,Swamp Plantation,3D4,3DB,1,,LC_WaterBody,periodic_variation[LC_PeriodicVariations]/name,,,Periodic Variations,,,,,
L8,element,3D1,FSp,Swamp Plantation,3D4,3DB,1,,LC_WaterBody,periodic_variation[LC_PeriodicVariations]/description,,,Contains the elements of Periodic Variation,,,,,
L8,element,3D1,FSp,Swamp Plantation,3D4,3DB,1,,LC_WaterBody,periodic_variation[LC_PeriodicVariations]/elements/LC_PeriodicVariation[LC_PeriodicVariation]/name,,,Periodic Variation,,,,,
L8,element,3D1,FSp,Swamp Plantation,3D4,3DB,1,,LC_WaterBody,periodic_variation[LC_PeriodicVariations]/elements/LC_PeriodicVariation[LC_PeriodicVariation]/description,,,Describe a periodic variation element,,,,,
L8,element,3D1,FSp,Swamp Plantation,3D4,3DB,1,,LC_WaterBody,periodic_variation[LC_PeriodicVariations]/elements/LC_PeriodicVariation[LC_PeriodicVariation]/persistence_units,,,Months,,,,,
L8,element,3D1,FSp,Swamp Plantation,3D4,3DB,1,,LC_WaterBody,periodic_variation[LC_PeriodicVariations]/elements/LC_PeriodicVariation[LC_PeriodicVariation]/period_type,,,Seasonal,,,,,
L8,element,3D1,FSp,Swamp Plantation,3D4,3DB,1,,LC_WaterBody,dynamics,,,Standing,,,,,
L8,element,3D1,FSp,Swamp Plantation,3D4,3DB,1,,LC_WaterBody,position,,,Above Surface,,,,,
L8,characteristic,3D1,FSp,Swamp Plantation,3D4,3DB,1,1,LC_ArtificialityCharacteristic,lccs3_type,,,LC_Artificiality,,,,,
L8,characteristic,3D1,FSp,Swamp Plantation,3D4,3DB,1,1,LC_ArtificialityCharacteristic,name,,,Artificiality,,,,,
L8,characteristic,3D1,FSp,Swamp Plantation,3D4,3DB,1,1,LC_ArtificialityCharacteristic,description,,,Describe the artificiality characteristic,,,,,
L8,characteristic,3D1,FSp,Swamp Plantation,3D4,3DB,1,1,LC_ArtificialityCharacteristic,type,,,Natural,,,,,
L8,characteristic,3D1,FSp,Swamp Plantation,3D4,3DB,1,2,LC_WaterSalinityCharacteristic,lccs3_type,,,LC_WaterSalinity,,,,,
L8,characteristic,3D1,FSp,Swamp Plantation,3D4,3DB,1,2,LC_WaterSalinityCharacteristic,name,,,Water Salinity,,,,,
L8,characteristic,3D1,FSp,Swamp Plantation,3D4,3DB,1,2,LC_WaterSalinityCharacteristic,description,,,Describe the water salinity characteristic,,,,,
L8,characteristic,3D1,FSp,Swamp Plantation,3D4,3DB,1,2,LC_WaterSalinityCharacteristic,type,,,Fresh,,,,,
L8,class,3E0,ShT,Shrub with scattered trees,,,,,,class_name,,,Shrub with scattered trees,,,,,
L8,class,3E0,ShT,Shrub with scattered trees,,,,,,class_description,,,Describe the land cover class,,,,,
L8,class,3E0,ShT,Shrub with scattered trees,,,,,,class_map_code,,,ShT,,,,,
L8,class,3E0,ShT,Shrub with scattered trees,,,,,,uuid,,,8d8c9d26-de42-11e7-8fa2-5cf9dd742a27,,,,,
L8,class_char,3E0,ShT,Shrub with scattered trees,,,,1,LC_GeographicalAspects,name,,,Geographical Aspects,,,,,
L8,class_char,3E0,ShT,Shrub with scattered trees,,,,1,LC_GeographicalAspects,description,,,Describe the geographical aspects,,,,,
L8,class_char,3E0,ShT,Shrub with scattered trees,,,,1,LC_GeographicalAspects,type,,,Distributed within Madhupur Tract and Hilly region of Bangladesh,,,,,
L8,hp,3E0,ShT,Shrub with scattered trees,3E2,,,,,name,,,Horizontal Pattern 1,,,,,
L8,hp,3E0,ShT,Shrub with scattered trees,3E2,,,,,description,,,Describe the horizontal pattern,,,,,
L8,stratum,3E0,ShT,Shrub with scattered trees,3E2,3E3,,,,name,,,Stratum 1,,,,,
L8,stratum,3E0,ShT,Shrub with scattered trees,3E2,3E3,,,,description,,,Vegetation 1,,,,,
L8,stratum,3E0,ShT,Shrub with scattered trees,3E2,3E3,,,,presence_type,,,Mandatory,,,,,
L8,stratum,3E0,ShT,Shrub with scattered trees,3E2,3E3,,,,@ontop,,,0,,,,,
L8,element,3E0,ShT,Shrub with scattered trees,3E2,3E3,1,,LC_Shrub,lccs3_type,,,LC_Shrubs,,,,,
L8,element,3E0,ShT,Shrub with scattered trees,3E2,3E3,1,,LC_Shrub,name,,,Shrubs,,,,,
L8,element,3E0,ShT,Shrub with scattered trees,3E2,3E3,1,,LC_Shrub,description,,,Describe a vegetation element of shrubs type,,,,,
L8,element,3E0,ShT,Shrub with scattered trees,3E2,3E3,1,,LC_Shrub,presence_type,,,Mandatory,,,,,
L8,element,3E0,ShT,Shrub with scattered trees,3E2,3E3,1,,LC_Shrub,cover,10.0,100.0,,,,,,
L8,element,3E0,ShT,Shrub with scattered trees,3E2,3E3,1,,LC_Shrub,LC_WoodyGrowthLeafPhenology[LC_WoodyGrowthLeafPhenology]/name,,,Woody Growth Leaf Phenology,,,,,
L8,element,3E0,ShT,Shrub with scattered trees,3E2,3E3,1,,LC_Shrub,LC_WoodyGrowthLeafPhenology[LC_WoodyGrowthLeafPhenology]/description,,,Contains the elements of Woody Growth Leaf Phenology,,,,,
L8,element,3E0,ShT,Shrub with scattered trees,3E2,3E3,1,,LC_Shrub,LC_WoodyGrowthLeafPhenology[LC_WoodyGrowthLeafPhenology]/elements/LC_WoodyLeafPhenology[LC_Deciduous]/name,,,Deciduous,,,,,
L8,element,3E0,ShT,Shrub with scattered trees,3E2,3E3,1,,LC_Shrub,LC_WoodyGrowthLeafPhenology[LC_WoodyGrowthLeafPhenology]/elements/LC_WoodyLeafPhenology[LC_Deciduous]/description,,,Describe a Deciduous leaf phenology element,,,,,
L8,element,3E0,ShT,Shrub with scattered trees,3E2,3E3,1,,LC_Shrub,LC_WoodyGrowthLeafPhenology[LC_WoodyGrowthLeafPhenology]/elements/LC_WoodyLeafPhenology[LC_Evergreen]/name,,,Evergreen,,,,,
L8,element,3E0,ShT,Shrub with scattered trees,3E2,3E3,1,,LC_Shrub,LC_WoodyGrowthLeafPhenology[LC_WoodyGrowthLeafPhenology]/elements/LC_WoodyLeafPhenology[LC_Evergreen]/description,,,Describe an Evergreen leaf phenology element,,,,,
L8,element,3E0,ShT,Shrub with scattered trees,3E2,3E3,1,,LC_Shrub,LC_WoodyGrowthLeafType[LC_WoodyGrowthLeafType]/name,,,Woody Growth Leaf Type,,,,,
L8,element,3E0,ShT,Shrub with scattered trees,3E2,3E3,1,,LC_Shrub,LC_WoodyGrowthLeafType[LC_WoodyGrowthLeafType]/description,,,Contains the elements of Woody Growth Leaf Type,,,,,
L8,element,3E0,ShT,Shrub with scattered trees,3E2,3E3,1,,LC_Shrub,LC_WoodyGrowthLeafType[LC_WoodyGrowthLeafType]/elements/LC_WoodyLeafType[LC_Broadleaved]/name,,,Broadleaved,,,,,
L8,element,3E0,ShT,Shrub with scattered trees,3E2,3E3,1,,LC_Shrub,LC_WoodyGrowthLeafType[LC_WoodyGrowthLeafType]/elements/LC_WoodyLeafType[LC_Broadleaved]/description,,,Describe a Broadleaved type element,,,,,
L8,element,3E0,ShT,Shrub with scattered trees,3E2,3E3,1,,LC_Shrub,height,1.5,5.0,,,,,,
L8,characteristic,3E0,ShT,Shrub with scattered trees,3E2,3E3,1,1,LC_VegetationArtificialityCharacteristic,lccs3_type,,,LC_NaturalOrSeminaturalVegetation,,,,,value: Natural or Seminatural
L8,characteristic,3E0,ShT,Shrub with scattered trees,3E2,3E3,1,1,LC_VegetationArtificialityCharacteristic,name,,,Natural Or Seminatural Vegetation,,,,,
L8,characteristic,3E0,ShT,Shrub with scattered trees,3E2,3E3,1,1,LC_VegetationArtificialityCharacteristic,description,,,Describe the natural or seminatural vegetation,,,,,
L8,stratum,3E0,ShT,Shrub with scattered trees,3E2,3E6,,,,name,,,Stratum 2,,,,,
L8,stratum,3E0,ShT,Shrub with scattered trees,3E2,3E6,,,,description,,,Vegetation 2,,,,,
L8,stratum,3E0,ShT,Shrub with scattered trees,3E2,3E6,,,,presence_type,,,Optional,,,,,
L8,stratum,3E0,ShT,Shrub with scattered trees,3E2,3E6,,,,@ontop,,,0,,,,,
L8,element,3E0,ShT,Shrub with scattered trees,3E2,3E6,1,,LC_Tree,lccs3_type,,,LC_Trees,,,,,
L8,element,3E0,ShT,Shrub with scattered trees,3E2,3E6,1,,LC_Tree,name,,,Trees,,,,,
L8,element,3E0,ShT,Shrub with scattered trees,3E2,3E6,1,,LC_Tree,description,,,Describe a vegetation element of trees type,,,,,
L8,element,3E0,ShT,Shrub with scattered trees,3E2,3E6,1,,LC_Tree,presence_type,,,Mandatory,,,,,
L8,element,3E0,ShT,Shrub with scattered trees,3E2,3E6,1,,LC_Tree,cover,10.0,15.0,,,,,,
L8,element,3E0,ShT,Shrub with scattered trees,3E2,3E6,1,,LC_Tree,LC_WoodyGrowthLeafType[LC_WoodyGrowthLeafType]/name,,,Woody Growth Leaf Type,,,,,
L8,element,3E0,ShT,Shrub with scattered trees,3E2,3E6,1,,LC_Tree,LC_WoodyGrowthLeafType[LC_WoodyGrowthLeafType]/description,,,Contains the elements of Woody Growth Leaf Type,,,,,
L8,element,3E0,ShT,Shrub with scattered trees,3E2,3E6,1,,LC_Tree,LC_WoodyGrowthLeafType[LC_WoodyGrowthLeafType]/elements/LC_WoodyLeafType[LC_Broadleaved]/name,,,Broadleaved,,,,,
L8,element,3E0,ShT,Shrub with scattered trees,3E2,3E6,1,,LC_Tree,LC_WoodyGrowthLeafType[LC_WoodyGrowthLeafType]/elements/LC_WoodyLeafType[LC_Broadleaved]/description,,,Describe a Broadleaved type element,,,,,
L8,element,3E0,ShT,Shrub with scattered trees,3E2,3E6,1,,LC_Tree,height,5.0,35.0,,,,,,
L8,characteristic,3E0,ShT,Shrub with scattered trees,3E2,3E6,1,1,LC_VegetationArtificialityCharacteristic,lccs3_type,,,LC_NaturalOrSeminaturalVegetation,,,,,value: Natural or Seminatural
L8,characteristic,3E0,ShT,Shrub with scattered trees,3E2,3E6,1,1,LC_VegetationArtificialityCharacteristic,name,,,Natural Or Seminatural Vegetation,,,,,
L8,characteristic,3E0,ShT,Shrub with scattered trees,3E2,3E6,1,1,LC_VegetationArtificialityCharacteristic,description,,,Describe the natural or seminatural vegetation,,,,,
