system,record,class_id,class_map_code,class_name,hp_id,stratum_id,block_id,char_id,ref,attribute,min,max,value,evidence,framing_ref,confidence,status,note
L25,legend,,,,,,,,,legend_name,,,Regional schema West Africa (Vegetated Area),,,,,
L25,legend,,,,,,,,,legend_description,,,Describe the legend,,,,,
L25,legend,,,,,,,,,legend_author,,,Antonio Di Gregorio,,,,,
L25,class,41,A,Tree dominated area,,,,,,class_name,,,Tree dominated area,,,,,
L25,class,41,A,Tree dominated area,,,,,,class_description,,,Describe the land cover class,,,,,
L25,class,41,A,Tree dominated area,,,,,,class_map_code,,,A,,,,,
L25,class,41,A,Tree dominated area,,,,,,uuid,,,54cba800-9c5c-11ec-ab6a-988d46a27cb4,,,,,
L25,hp,41,A,Tree dominated area,42,,,,,name,,,Horizontal Pattern 1,,,,,
L25,hp,41,A,Tree dominated area,42,,,,,description,,,Describe the horizontal pattern,,,,,
L25,stratum,41,A,Tree dominated area,42,43,,,,name,,,Stratum 1,,,,,
L25,stratum,41,A,Tree dominated area,42,43,,,,description,,,Vegetation 1,,,,,
L25,stratum,41,A,Tree dominated area,42,43,,,,presence_type,,,Mandatory,,,,,
L25,stratum,41,A,Tree dominated area,42,43,,,,@ontop,,,0,,,,,
L25,element,41,A,Tree dominated area,42,43,1,,LC_Tree,lccs3_type,,,LC_Trees,,,,,
L25,element,41,A,Tree dominated area,42,43,1,,LC_Tree,name,,,Trees,,,,,
L25,element,41,A,Tree dominated area,42,43,1,,LC_Tree,description,,,Describe a vegetation element of trees type,,,,,
L25,element,41,A,Tree dominated area,42,43,1,,LC_Tree,presence_type,,,Mandatory,,,,,
L25,element,41,A,Tree dominated area,42,43,1,,LC_Tree,cover,20.0,100.0,,,,,,
L25,characteristic,41,A,Tree dominated area,42,43,1,1,LC_VegetationArtificialityCharacteristic,lccs3_type,,,LC_NaturalOrSeminaturalVegetation,,,,,value: Natural or Seminatural
L25,characteristic,41,A,Tree dominated area,42,43,1,1,LC_VegetationArtificialityCharacteristic,name,,,Natural Or Seminatural Vegetation,,,,,
L25,characteristic,41,A,Tree dominated area,42,43,1,1,LC_VegetationArtificialityCharacteristic,description,,,Describe the natural or seminatural vegetation,,,,,
L25,stratum,41,A,Tree dominated area,42,46,,,,name,,,Stratum 2,,,,,
L25,stratum,41,A,Tree dominated area,42,46,,,,description,,,Vegetation 2,,,,,
L25,stratum,41,A,Tree dominated area,42,46,,,,presence_type,,,Mandatory,,,,,
L25,stratum,41,A,Tree dominated area,42,46,,,,@ontop,,,0,,,,,
L25,element,41,A,Tree dominated area,42,46,1,,LC_Shrub,lccs3_type,,,LC_Shrubs,,,,,
L25,element,41,A,Tree dominated area,42,46,1,,LC_Shrub,name,,,Shrubs,,,,,
L25,element,41,A,Tree dominated area,42,46,1,,LC_Shrub,description,,,Describe a vegetation element of shrubs type,,,,,
L25,element,41,A,Tree dominated area,42,46,1,,LC_Shrub,presence_type,,,Mandatory,,,,,
L25,characteristic,41,A,Tree dominated area,42,46,1,1,LC_VegetationArtificialityCharacteristic,lccs3_type,,,LC_NaturalOrSeminaturalVegetation,,,,,value: Natural or Seminatural
L25,characteristic,41,A,Tree dominated area,42,46,1,1,LC_VegetationArtificialityCharacteristic,name,,,Natural Or Seminatural Vegetation,,,,,
L25,characteristic,41,A,Tree dominated area,42,46,1,1,LC_VegetationArtificialityCharacteristic,description,,,Describe the natural or seminatural vegetation,,,,,
L25,stratum,41,A,Tree dominated area,42,49,,,,name,,,Stratum 3,,,,,
L25,stratum,41,A,Tree dominated area,42,49,,,,description,,,Vegetation 3,,,,,
L25,stratum,41,A,Tree dominated area,42,49,,,,presence_type,,,Mandatory,,,,,
L25,stratum,41,A,Tree dominated area,42,49,,,,@ontop,,,0,,,,,
L25,element,41,A,Tree dominated area,42,49,1,,LC_HerbaceousGrowthForm,lccs3_type,,,LC_HerbaceousGrowthForms,,,,,
L25,element,41,A,Tree dominated area,42,49,1,,LC_HerbaceousGrowthForm,name,,,Herbaceous growth forms,,,,,
L25,element,41,A,Tree dominated area,42,49,1,,LC_HerbaceousGrowthForm,description,,,Describe a vegetation element of herbaceous growth form type,,,,,
L25,element,41,A,Tree dominated area,42,49,1,,LC_HerbaceousGrowthForm,presence_type,,,Mandatory,,,,,
L25,characteristic,41,A,Tree dominated area,42,49,1,1,LC_VegetationArtificialityCharacteristic,lccs3_type,,,LC_NaturalOrSeminaturalVegetation,,,,,value: Natural or Seminatural
L25,characteristic,41,A,Tree dominated area,42,49,1,1,LC_VegetationArtificialityCharacteristic,name,,,Natural Or Seminatural Vegetation,,,,,
L25,characteristic,41,A,Tree dominated area,42,49,1,1,LC_VegetationArtificialityCharacteristic,description,,,Describe the natural or seminatural vegetation,,,,,
L25,class,4C,Ad,Closed tree formation,,,,,,class_name,,,Closed tree formation,,,,,
L25,class,4C,Ad,Closed tree formation,,,,,,class_description,,,Describe the land cover class,,,,,
L25,class,4C,Ad,Closed tree formation,,,,,,class_map_code,,,Ad,,,,,
L25,class,4C,Ad,Closed tree formation,,,,,,uuid,,,a5280373-9c5c-11ec-ab6a-988d46a27cb4,,,,,
L25,hp,4C,Ad,Closed tree formation,4D,,,,,name,,,Horizontal Pattern 1,,,,,
L25,hp,4C,Ad,Closed tree formation,4D,,,,,description,,,Describe the horizontal pattern,,,,,
L25,stratum,4C,Ad,Closed tree formation,4D,4E,,,,name,,,Stratum 1,,,,,
L25,stratum,4C,Ad,Closed tree formation,4D,4E,,,,description,,,Vegetation 1,,,,,
L25,stratum,4C,Ad,Closed tree formation,4D,4E,,,,presence_type,,,Mandatory,,,,,
L25,stratum,4C,Ad,Closed tree formation,4D,4E,,,,@ontop,,,0,,,,,
L25,element,4C,Ad,Closed tree formation,4D,4E,1,,LC_Tree,lccs3_type,,,LC_Trees,,,,,
L25,element,4C,Ad,Closed tree formation,4D,4E,1,,LC_Tree,name,,,Trees,,,,,
L25,element,4C,Ad,Closed tree formation,4D,4E,1,,LC_Tree,description,,,Describe a vegetation element of trees type,,,,,
L25,element,4C,Ad,Closed tree formation,4D,4E,1,,LC_Tree,presence_type,,,Mandatory,,,,,
L25,element,4C,Ad,Closed tree formation,4D,4E,1,,LC_Tree,cover,70.0,100.0,,,,,,
L25,characteristic,4C,Ad,Closed tree formation,4D,4E,1,1,LC_VegetationArtificialityCharacteristic,lccs3_type,,,LC_NaturalOrSeminaturalVegetation,,,,,value: Natural or Seminatural
L25,characteristic,4C,Ad,Closed tree formation,4D,4E,1,1,LC_VegetationArtificialityCharacteristic,name,,,Natural Or Seminatural Vegetation,,,,,
L25,characteristic,4C,Ad,Closed tree formation,4D,4E,1,1,LC_VegetationArtificialityCharacteristic,description,,,Describe the natural or seminatural vegetation,,,,,
L25,stratum,4C,Ad,Closed tree formation,4D,51,,,,name,,,Stratum 2,,,,,
L25,stratum,4C,Ad,Closed tree formation,4D,51,,,,description,,,Vegetation 2,,,,,
L25,stratum,4C,Ad,Closed tree formation,4D,51,,,,presence_type,,,Optional,,,,,
L25,stratum,4C,Ad,Closed tree formation,4D,51,,,,@ontop,,,0,,,,,
L25,element,4C,Ad,Closed tree formation,4D,51,1,,LC_Tree,lccs3_type,,,LC_Trees,,,,,
L25,element,4C,Ad,Closed tree formation,4D,51,1,,LC_Tree,name,,,Trees,,,,,
L25,element,4C,Ad,Closed tree formation,4D,51,1,,LC_Tree,description,,,Describe a vegetation element of trees type,,,,,
L25,element,4C,Ad,Closed tree formation,4D,51,1,,LC_Tree,presence_type,,,Mandatory,,,,,
L25,characteristic,4C,Ad,Closed tree formation,4D,51,1,1,LC_VegetationArtificialityCharacteristic,lccs3_type,,,LC_NaturalOrSeminaturalVegetation,,,,,value: Natural or Seminatural
L25,characteristic,4C,Ad,Closed tree formation,4D,51,1,1,LC_VegetationArtificialityCharacteristic,name,,,Natural Or Seminatural Vegetation,,,,,
L25,characteristic,4C,Ad,Closed tree formation,4D,51,1,1,LC_VegetationArtificialityCharacteristic,description,,,Describe the natural or seminatural vegetation,,,,,
L25,stratum,4C,Ad,Closed tree formation,4D,54,,,,name,,,Stratum 3,,,,,
L25,stratum,4C,Ad,Closed tree formation,4D,54,,,,description,,,Vegetation 3,,,,,
L25,stratum,4C,Ad,Closed tree formation,4D,54,,,,presence_type,,,Optional,,,,,
L25,stratum,4C,Ad,Closed tree formation,4D,54,,,,@ontop,,,0,,,,,
L25,element,4C,Ad,Closed tree formation,4D,54,1,,LC_Shrub,lccs3_type,,,LC_Shrubs,,,,,
L25,element,4C,Ad,Closed tree formation,4D,54,1,,LC_Shrub,name,,,Shrubs,,,,,
L25,element,4C,Ad,Closed tree formation,4D,54,1,,LC_Shrub,description,,,Describe a vegetation element of shrubs type,,,,,
L25,element,4C,Ad,Closed tree formation,4D,54,1,,LC_Shrub,presence_type,,,Mandatory,,,,,
L25,characteristic,4C,Ad,Closed tree formation,4D,54,1,1,LC_VegetationArtificialityCharacteristic,lccs3_type,,,LC_NaturalOrSeminaturalVegetation,,,,,value: Natural or Seminatural
L25,characteristic,4C,Ad,Closed tree formation,4D,54,1,1,LC_VegetationArtificialityCharacteristic,name,,,Natural Or Seminatural Vegetation,,,,,
L25,characteristic,4C,Ad,Closed tree formation,4D,54,1,1,LC_VegetationArtificialityCharacteristic,description,,,Describe the natural or seminatural vegetation,,,,,
L25,class,57,Fh,Moist forest,,,,,,class_name,,,Moist forest,,,,,
L25,class,57,Fh,Moist forest,,,,,,class_description,,,Describe the land cover class,,,,,
L25,class,57,Fh,Moist forest,,,,,,class_map_code,,,Fh,,,,,
L25,class,57,Fh,Moist forest,,,,,,uuid,,,ab1fb933-9c5c-11ec-ab6a-988d46a27cb4,,,,,
L25,hp,57,Fh,Moist forest,58,,,,,name,,,Horizontal Pattern 1,,,,,
L25,hp,57,Fh,Moist forest,58,,,,,description,,,Describe the horizontal pattern,,,,,
L25,stratum,57,Fh,Moist forest,58,59,,,,name,,,Stratum 1,,,,,
L25,stratum,57,Fh,Moist forest,58,59,,,,description,,,Vegetation 1,,,,,
L25,stratum,57,Fh,Moist forest,58,59,,,,presence_type,,,Mandatory,,,,,
L25,stratum,57,Fh,Moist forest,58,59,,,,@ontop,,,0,,,,,
L25,element,57,Fh,Moist forest,58,59,1,,LC_Tree,lccs3_type,,,LC_Trees,,,,,
L25,element,57,Fh,Moist forest,58,59,1,,LC_Tree,name,,,Trees,,,,,
L25,element,57,Fh,Moist forest,58,59,1,,LC_Tree,description,,,Describe a vegetation element of trees type,,,,,
L25,element,57,Fh,Moist forest,58,59,1,,LC_Tree,presence_type,,,Mandatory,,,,,
L25,element,57,Fh,Moist forest,58,59,1,,LC_Tree,cover,10.0,25.0,,,,,,
L25,element,57,Fh,Moist forest,58,59,1,,LC_Tree,height,25.0,50.0,,,,,,
L25,characteristic,57,Fh,Moist forest,58,59,1,1,LC_VegetationArtificialityCharacteristic,lccs3_type,,,LC_NaturalOrSeminaturalVegetation,,,,,value: Natural or Seminatural
L25,characteristic,57,Fh,Moist forest,58,59,1,1,LC_VegetationArtificialityCharacteristic,name,,,Natural Or Seminatural Vegetation,,,,,
L25,characteristic,57,Fh,Moist forest,58,59,1,1,LC_VegetationArtificialityCharacteristic,description,,,Describe the natural or seminatural vegetation,,,,,
L25,stratum,57,Fh,Moist forest,58,5C,,,,name,,,Stratum 2,,,,,
L25,stratum,57,Fh,Moist forest,58,5C,,,,description,,,Vegetation 2,,,,,
L25,stratum,57,Fh,Moist forest,58,5C,,,,presence_type,,,Mandatory,,,,,
L25,stratum,57,Fh,Moist forest,58,5C,,,,@ontop,,,0,,,,,
L25,element,57,Fh,Moist forest,58,5C,1,,LC_Tree,lccs3_type,,,LC_Trees,,,,,
L25,element,57,Fh,Moist forest,58,5C,1,,LC_Tree,name,,,Trees,,,,,
L25,element,57,Fh,Moist forest,58,5C,1,,LC_Tree,description,,,Describe a vegetation element of trees type,,,,,
L25,element,57,Fh,Moist forest,58,5C,1,,LC_Tree,presence_type,,,Mandatory,,,,,
L25,element,57,Fh,Moist forest,58,5C,1,,LC_Tree,cover,70.0,100.0,,,,,,
L25,element,57,Fh,Moist forest,58,5C,1,,LC_Tree,height,8.0,25.0,,,,,,
L25,characteristic,57,Fh,Moist forest,58,5C,1,1,LC_VegetationArtificialityCharacteristic,lccs3_type,,,LC_NaturalOrSeminaturalVegetation,,,,,value: Natural or Seminatural
L25,characteristic,57,Fh,Moist forest,58,5C,1,1,LC_VegetationArtificialityCharacteristic,name,,,Natural Or Seminatural Vegetation,,,,,
L25,characteristic,57,Fh,Moist forest,58,5C,1,1,LC_VegetationArtificialityCharacteristic,description,,,Describe the natural or seminatural vegetation,,,,,
L25,stratum,57,Fh,Moist forest,58,5F,,,,name,,,Stratum 3,,,,,
L25,stratum,57,Fh,Moist forest,58,5F,,,,description,,,Vegetation 3,,,,,
L25,stratum,57,Fh,Moist forest,58,5F,,,,presence_type,,,Mandatory,,,,,
L25,stratum,57,Fh,Moist forest,58,5F,,,,@ontop,,,0,,,,,
L25,element,57,Fh,Moist forest,58,5F,1,,LC_Shrub,lccs3_type,,,LC_Shrubs,,,,,
L25,element,57,Fh,Moist forest,58,5F,1,,LC_Shrub,name,,,Shrubs,,,,,
L25,element,57,Fh,Moist forest,58,5F,1,,LC_Shrub,description,,,Describe a vegetation element of shrubs type,,,,,
L25,element,57,Fh,Moist forest,58,5F,1,,LC_Shrub,presence_type,,,Mandatory,,,,,
L25,element,57,Fh,Moist forest,58,5F,1,,LC_Shrub,cover,10.0,60.0,,,,,,
L25,characteristic,57,Fh,Moist forest,58,5F,1,1,LC_VegetationArtificialityCharacteristic,lccs3_type,,,LC_NaturalOrSeminaturalVegetation,,,,,value: Natural or Seminatural
L25,characteristic,57,Fh,Moist forest,58,5F,1,1,LC_VegetationArtificialityCharacteristic,name,,,Natural Or Seminatural Vegetation,,,,,
L25,characteristic,57,Fh,Moist forest,58,5F,1,1,LC_VegetationArtificialityCharacteristic,description,,,Describe the natural or seminatural vegetation,,,,,
L25,class,62,Fs,Dry forest,,,,,,class_name,,,Dry forest,,,,,
L25,class,62,Fs,Dry forest,,,,,,class_description,,,Describe the land cover class,,,,,
L25,class,62,Fs,Dry forest,,,,,,class_map_code,,,Fs,,,,,
L25,class,62,Fs,Dry forest,,,,,,uuid,,,aef6d8e3-9c5c-11ec-ab6a-988d46a27cb4,,,,,
L25,hp,62,Fs,Dry forest,63,,,,,name,,,Horizontal Pattern 1,,,,,
L25,hp,62,Fs,Dry forest,63,,,,,description,,,Describe the horizontal pattern,,,,,
L25,stratum,62,Fs,Dry forest,63,64,,,,name,,,Stratum 1,,,,,
L25,stratum,62,Fs,Dry forest,63,64,,,,description,,,Vegetation 1,,,,,
L25,stratum,62,Fs,Dry forest,63,64,,,,presence_type,,,Mandatory,,,,,
L25,stratum,62,Fs,Dry forest,63,64,,,,@ontop,,,0,,,,,
L25,element,62,Fs,Dry forest,63,64,1,,LC_Tree,lccs3_type,,,LC_Trees,,,,,
L25,element,62,Fs,Dry forest,63,64,1,,LC_Tree,name,,,Trees,,,,,
L25,element,62,Fs,Dry forest,63,64,1,,LC_Tree,description,,,Describe a vegetation element of trees type,,,,,
L25,element,62,Fs,Dry forest,63,64,1,,LC_Tree,presence_type,,,Mandatory,,,,,
L25,element,62,Fs,Dry forest,63,64,1,,LC_Tree,cover,70.0,100.0,,,,,,
L25,element,62,Fs,Dry forest,63,64,1,,LC_Tree,height,8.0,30.0,,,,,,
L25,stratum,62,Fs,Dry forest,63,66,,,,name,,,Stratum 2,,,,,
L25,stratum,62,Fs,Dry forest,63,66,,,,description,,,Vegetation 2,,,,,
L25,stratum,62,Fs,Dry forest,63,66,,,,presence_type,,,Mandatory,,,,,
L25,stratum,62,Fs,Dry forest,63,66,,,,@ontop,,,0,,,,,
L25,element,62,Fs,Dry forest,63,66,1,,LC_Shrub,lccs3_type,,,LC_Shrubs,,,,,
L25,element,62,Fs,Dry forest,63,66,1,,LC_Shrub,name,,,Shrubs,,,,,
L25,element,62,Fs,Dry forest,63,66,1,,LC_Shrub,description,,,Describe a vegetation element of shrubs type,,,,,
L25,element,62,Fs,Dry forest,63,66,1,,LC_Shrub,presence_type,,,Mandatory,,,,,
L25,element,62,Fs,Dry forest,63,66,1,,LC_Shrub,cover,10.0,50.0,,,,,,
L25,element,62,Fs,Dry forest,63,66,1,,LC_Shrub,height,4.0,5.0,,,,,,
L25,characteristic,62,Fs,Dry forest,63,66,1,1,LC_VegetationArtificialityCharacteristic,lccs3_type,,,LC_NaturalOrSeminaturalVegetation,,,,,value: Natural or Seminatural
L25,characteristic,62,Fs,Dry forest,63,66,1,1,LC_VegetationArtificialityCharacteristic,name,,,Natural Or Seminatural Vegetation,,,,,
L25,characteristic,62,Fs,Dry forest,63,66,1,1,LC_VegetationArtificialityCharacteristic,description,,,Describe the natural or seminatural vegetation,,,,,
L25,class,69,Ac,Open tree formation,,,,,,class_name,,,Open tree formation,,,,,
L25,class,69,Ac,Open tree formation,,,,,,class_description,,,Describe the land cover class,,,,,
L25,class,69,Ac,Open tree formation,,,,,,class_map_code,,,Ac,,,,,
L25,class,69,Ac,Open tree formation,,,,,,uuid,,,bbd33c73-9c5c-11ec-ab6a-988d46a27cb4,,,,,
L25,hp,69,Ac,Open tree formation,6A,,,,,name,,,Horizontal Pattern 1,,,,,
L25,hp,69,Ac,Open tree formation,6A,,,,,description,,,Describe the horizontal pattern,,,,,
L25,stratum,69,Ac,Open tree formation,6A,6B,,,,name,,,Stratum 1,,,,,
L25,stratum,69,Ac,Open tree formation,6A,6B,,,,description,,,Vegetation 1,,,,,
L25,stratum,69,Ac,Open tree formation,6A,6B,,,,presence_type,,,Mandatory,,,,,
L25,stratum,69,Ac,Open tree formation,6A,6B,,,,@ontop,,,0,,,,,
L25,element,69,Ac,Open tree formation,6A,6B,1,,LC_Tree,lccs3_type,,,LC_Trees,,,,,
L25,element,69,Ac,Open tree formation,6A,6B,1,,LC_Tree,name,,,Trees,,,,,
L25,element,69,Ac,Open tree formation,6A,6B,1,,LC_Tree,description,,,Describe a vegetation element of trees type,,,,,
L25,element,69,Ac,Open tree formation,6A,6B,1,,LC_Tree,presence_type,,,Mandatory,,,,,
L25,element,69,Ac,Open tree formation,6A,6B,1,,LC_Tree,cover,20.0,70.0,,,,,,
L25,characteristic,69,Ac,Open tree formation,6A,6B,1,1,LC_VegetationArtificialityCharacteristic,lccs3_type,,,LC_NaturalOrSeminaturalVegetation,,,,,value: Natural or Seminatural
L25,characteristic,69,Ac,Open tree formation,6A,6B,1,1,LC_VegetationArtificialityCharacteristic,name,,,Natural Or Seminatural Vegetation,,,,,
L25,characteristic,69,Ac,Open tree formation,6A,6B,1,1,LC_VegetationArtificialityCharacteristic,description,,,Describe the natural or seminatural vegetation,,,,,
L25,stratum,69,Ac,Open tree formation,6A,6E,,,,name,,,Stratum 2,,,,,
L25,stratum,69,Ac,Open tree formation,6A,6E,,,,description,,,Vegetation 2,,,,,
L25,stratum,69,Ac,Open tree formation,6A,6E,,,,presence_type,,,Optional,,,,,
L25,stratum,69,Ac,Open tree formation,6A,6E,,,,@ontop,,,0,,,,,
L25,element,69,Ac,Open tree formation,6A,6E,1,,LC_Shrub,lccs3_type,,,LC_Shrubs,,,,,
L25,element,69,Ac,Open tree formation,6A,6E,1,,LC_Shrub,name,,,Shrubs,,,,,
L25,element,69,Ac,Open tree formation,6A,6E,1,,LC_Shrub,description,,,Describe a vegetation element of shrubs type,,,,,
L25,element,69,Ac,Open tree formation,6A,6E,1,,LC_Shrub,presence_type,,,Mandatory,,,,,
L25,characteristic,69,Ac,Open tree formation,6A,6E,1,1,LC_VegetationArtificialityCharacteristic,lccs3_type,,,LC_NaturalOrSeminaturalVegetation,,,,,value: Natural or Seminatural
L25,characteristic,69,Ac,Open tree formation,6A,6E,1,1,LC_VegetationArtificialityCharacteristic,name,,,Natural Or Seminatural Vegetation,,,,,
L25,characteristic,69,Ac,Open tree formation,6A,6E,1,1,LC_VegetationArtificialityCharacteristic,description,,,Describe the natural or seminatural vegetation,,,,,
L25,class,71,Fco,Woodland (open),,,,,,class_name,,,Woodland (open),,,,,
L25,class,71,Fco,Woodland (open),,,,,,class_description,,,Describe the land cover class,,,,,
L25,class,71,Fco,Woodland (open),,,,,,class_map_code,,,Fco,,,,,
L25,class,71,Fco,Woodland (open),,,,,,uuid,,,c1881cd3-9c5c-11ec-ab6a-988d46a27cb4,,,,,
L25,hp,71,Fco,Woodland (open),72,,,,,name,,,Horizontal Pattern 1,,,,,
L25,hp,71,Fco,Woodland (open),72,,,,,description,,,Describe the horizontal pattern,,,,,
L25,stratum,71,Fco,Woodland (open),72,73,,,,name,,,Stratum 1,,,,,
L25,stratum,71,Fco,Woodland (open),72,73,,,,description,,,Vegetation 1,,,,,
L25,stratum,71,Fco,Woodland (open),72,73,,,,presence_type,,,Optional,,,,,
L25,stratum,71,Fco,Woodland (open),72,73,,,,@ontop,,,0,,,,,
L25,element,71,Fco,Woodland (open),72,73,1,,LC_Tree,lccs3_type,,,LC_Trees,,,,,
L25,element,71,Fco,Woodland (open),72,73,1,,LC_Tree,name,,,Trees,,,,,
L25,element,71,Fco,Woodland (open),72,73,1,,LC_Tree,description,,,Describe a vegetation element of trees type,,,,,
L25,element,71,Fco,Woodland (open),72,73,1,,LC_Tree,presence_type,,,Mandatory,,,,,
L25,element,71,Fco,Woodland (open),72,73,1,,LC_Tree,cover,10.0,25.0,,,,,,
L25,element,71,Fco,Woodland (open),72,73,1,,LC_Tree,height,20.0,30.0,,,,,,
L25,characteristic,71,Fco,Woodland (open),72,73,1,1,LC_VegetationArtificialityCharacteristic,lccs3_type,,,LC_NaturalOrSeminaturalVegetation,,,,,value: Natural or Seminatural
L25,characteristic,71,Fco,Woodland (open),72,73,1,1,LC_VegetationArtificialityCharacteristic,name,,,Natural Or Seminatural Vegetation,,,,,
L25,characteristic,71,Fco,Woodland (open),72,73,1,1,LC_VegetationArtificialityCharacteristic,description,,,Describe the natural or seminatural vegetation,,,,,
L25,stratum,71,Fco,Woodland (open),72,76,,,,name,,,Stratum 2,,,,,
L25,stratum,71,Fco,Woodland (open),72,76,,,,description,,,Vegetation 2,,,,,
L25,stratum,71,Fco,Woodland (open),72,76,,,,presence_type,,,Mandatory,,,,,
L25,stratum,71,Fco,Woodland (open),72,76,,,,@ontop,,,0,,,,,
L25,element,71,Fco,Woodland (open),72,76,1,,LC_Tree,lccs3_type,,,LC_Trees,,,,,
L25,element,71,Fco,Woodland (open),72,76,1,,LC_Tree,name,,,Trees,,,,,
L25,element,71,Fco,Woodland (open),72,76,1,,LC_Tree,description,,,Describe a vegetation element of trees type,,,,,
L25,element,71,Fco,Woodland (open),72,76,1,,LC_Tree,presence_type,,,Mandatory,,,,,
L25,element,71,Fco,Woodland (open),72,76,1,,LC_Tree,cover,20.0,70.0,,,,,,
L25,element,71,Fco,Woodland (open),72,76,1,,LC_Tree,height,6.0,20.0,,,,,,
L25,characteristic,71,Fco,Woodland (open),72,76,1,1,LC_VegetationArtificialityCharacteristic,lccs3_type,,,LC_NaturalOrSeminaturalVegetation,,,,,value: Natural or Seminatural
L25,characteristic,71,Fco,Woodland (open),72,76,1,1,LC_VegetationArtificialityCharacteristic,name,,,Natural Or Seminatural Vegetation,,,,,
L25,characteristic,71,Fco,Woodland (open),72,76,1,1,LC_VegetationArtificialityCharacteristic,description,,,Describe the natural or seminatural vegetation,,,,,
L25,stratum,71,Fco,Woodland (open),72,79,,,,name,,,Stratum 3,,,,,
L25,stratum,71,Fco,Woodland (open),72,79,,,,description,,,Vegetation 3,,,,,
L25,stratum,71,Fco,Woodland (open),72,79,,,,presence_type,,,Optional,,,,,
L25,stratum,71,Fco,Woodland (open),72,79,,,,@ontop,,,0,,,,,
L25,element,71,Fco,Woodland (open),72,79,1,,LC_Shrub,lccs3_type,,,LC_Shrubs,,,,,
L25,element,71,Fco,Woodland (open),72,79,1,,LC_Shrub,name,,,Shrubs,,,,,
L25,element,71,Fco,Woodland (open),72,79,1,,LC_Shrub,description,,,Describe a vegetation element of shrubs type,,,,,
L25,element,71,Fco,Woodland (open),72,79,1,,LC_Shrub,presence_type,,,Mandatory,,,,,
L25,element,71,Fco,Woodland (open),72,79,1,,LC_Shrub,cover,2.0,10.0,,,,,,
L25,element,71,Fco,Woodland (open),72,79,1,,LC_Shrub,height,3.0,5.0,,,,,,
L25,characteristic,71,Fco,Woodland (open),72,79,1,1,LC_VegetationArtificialityCharacteristic,lccs3_type,,,LC_NaturalOrSeminaturalVegetation,,,,,value: Natural or Seminatural
L25,characteristic,71,Fco,Woodland (open),72,79,1,1,LC_VegetationArtificialityCharacteristic,name,,,Natural Or Seminatural Vegetation,,,,,
L25,characteristic,71,Fco,Woodland (open),72,79,1,1,LC_VegetationArtificialityCharacteristic,description,,,Describe the natural or seminatural vegetation,,,,,
L25,stratum,71,Fco,Woodland (open),72,7C,,,,name,,,Stratum 4,,,,,
L25,stratum,71,Fco,Woodland (open),72,7C,,,,description,,,Vegetation 4,,,,,
L25,stratum,71,Fco,Woodland (open),72,7C,,,,presence_type,,,Mandatory,,,,,
L25,stratum,71,Fco,Woodland (open),72,7C,,,,@ontop,,,0,,,,,
L25,element,71,Fco,Woodland (open),72,7C,1,,LC_HerbaceousGrowthForm,lccs3_type,,,LC_HerbaceousGrowthForms,,,,,
L25,element,71,Fco,Woodland (open),72,7C,1,,LC_HerbaceousGrowthForm,name,,,Herbaceous growth forms,,,,,
L25,element,71,Fco,Woodland (open),72,7C,1,,LC_HerbaceousGrowthForm,description,,,Describe a vegetation element of herbaceous growth form type,,,,,
L25,element,71,Fco,Woodland (open),72,7C,1,,LC_HerbaceousGrowthForm,presence_type,,,Mandatory,,,,,
L25,element,71,Fco,Woodland (open),72,7C,1,,LC_HerbaceousGrowthForm,cover,20.0,70.0,,,,,,
L25,characteristic,71,Fco,Woodland (open),72,7C,1,1,LC_VegetationArtificialityCharacteristic,lccs3_type,,,LC_NaturalOrSeminaturalVegetation,,,,,value: Natural or Seminatural
L25,characteristic,71,Fco,Woodland (open),72,7C,1,1,LC_VegetationArtificialityCharacteristic,name,,,Natural Or Seminatural Vegetation,,,,,
L25,characteristic,71,Fco,Woodland (open),72,7C,1,1,LC_VegetationArtificialityCharacteristic,description,,,Describe the natural or seminatural vegetation,,,,,
L25,class,7F,Fct,Woodland (very open),,,,,,class_name,,,Woodland (very open),,,,,
L25,class,7F,Fct,Woodland (very open),,,,,,class_description,,,Describe the land cover class,,,,,
L25,class,7F,Fct,Woodland (very open),,,,,,class_map_code,,,Fct,,,,,
L25,class,7F,Fct,Woodland (very open),,,,,,uuid,,,ce350bf3-9c5c-11ec-ab6a-988d46a27cb4,,,,,
L25,hp,7F,Fct,Woodland (very open),80,,,,,name,,,Horizontal Pattern 1,,,,,
L25,hp,7F,Fct,Woodland (very open),80,,,,,description,,,Describe the horizontal pattern,,,,,
L25,stratum,7F,Fct,Woodland (very open),80,81,,,,name,,,Stratum 1,,,,,
L25,stratum,7F,Fct,Woodland (very open),80,81,,,,description,,,Vegetation 1,,,,,
L25,stratum,7F,Fct,Woodland (very open),80,81,,,,presence_type,,,Mandatory,,,,,
L25,stratum,7F,Fct,Woodland (very open),80,81,,,,@ontop,,,0,,,,,
L25,element,7F,Fct,Woodland (very open),80,81,1,,LC_Tree,lccs3_type,,,LC_Trees,,,,,
L25,element,7F,Fct,Woodland (very open),80,81,1,,LC_Tree,name,,,Trees,,,,,
L25,element,7F,Fct,Woodland (very open),80,81,1,,LC_Tree,description,,,Describe a vegetation element of trees type,,,,,
L25,element,7F,Fct,Woodland (very open),80,81,1,,LC_Tree,presence_type,,,Mandatory,,,,,
L25,element,7F,Fct,Woodland (very open),80,81,1,,LC_Tree,cover,20.0,40.0,,,,,,
L25,element,7F,Fct,Woodland (very open),80,81,1,,LC_Tree,height,6.0,15.0,,,,,,
L25,characteristic,7F,Fct,Woodland (very open),80,81,1,1,LC_VegetationArtificialityCharacteristic,lccs3_type,,,LC_NaturalOrSeminaturalVegetation,,,,,value: Natural or Seminatural
L25,characteristic,7F,Fct,Woodland (very open),80,81,1,1,LC_VegetationArtificialityCharacteristic,name,,,Natural Or Seminatural Vegetation,,,,,
L25,characteristic,7F,Fct,Woodland (very open),80,81,1,1,LC_VegetationArtificialityCharacteristic,description,,,Describe the natural or seminatural vegetation,,,,,
L25,stratum,7F,Fct,Woodland (very open),80,84,,,,name,,,Stratum 2,,,,,
L25,stratum,7F,Fct,Woodland (very open),80,84,,,,description,,,Vegetation 2,,,,,
L25,stratum,7F,Fct,Woodland (very open),80,84,,,,presence_type,,,Mandatory,,,,,
L25,stratum,7F,Fct,Woodland (very open),80,84,,,,@ontop,,,0,,,,,
L25,element,7F,Fct,Woodland (very open),80,84,1,,LC_Shrub,lccs3_type,,,LC_Shrubs,,,,,
L25,element,7F,Fct,Woodland (very open),80,84,1,,LC_Shrub,name,,,Shrubs,,,,,
L25,element,7F,Fct,Woodland (very open),80,84,1,,LC_Shrub,description,,,Describe a vegetation element of shrubs type,,,,,
L25,element,7F,Fct,Woodland (very open),80,84,1,,LC_Shrub,presence_type,,,Mandatory,,,,,
L25,element,7F,Fct,Woodland (very open),80,84,1,,LC_Shrub,cover,1.0,10.0,,,,,,
L25,element,7F,Fct,Woodland (very open),80,84,1,,LC_Shrub,height,2.0,5.0,,,,,,
L25,characteristic,7F,Fct,Woodland (very open),80,84,1,1,LC_VegetationArtificialityCharacteristic,lccs3_type,,,LC_NaturalOrSeminaturalVegetation,,,,,value: Natural or Seminatural
L25,characteristic,7F,Fct,Woodland (very open),80,84,1,1,LC_VegetationArtificialityCharacteristic,name,,,Natural Or Seminatural Vegetation,,,,,
L25,characteristic,7F,Fct,Woodland (very open),80,84,1,1,LC_VegetationArtificialityCharacteristic,description,,,Describe the natural or seminatural vegetation,,,,,
L25,stratum,7F,Fct,Woodland (very open),80,87,,,,name,,,Stratum 3,,,,,
L25,stratum,7F,Fct,Woodland (very open),80,87,,,,description,,,Vegetation 3,,,,,
L25,stratum,7F,Fct,Woodland (very open),80,87,,,,presence_type,,,Mandatory,,,,,
L25,stratum,7F,Fct,Woodland (very open),80,87,,,,@ontop,,,0,,,,,
L25,element,7F,Fct,Woodland (very open),80,87,1,,LC_HerbaceousGrowthForm,lccs3_type,,,LC_HerbaceousGrowthForms,,,,,
L25,element,7F,Fct,Woodland (very open),80,87,1,,LC_HerbaceousGrowthForm,name,,,Herbaceous growth forms,,,,,
L25,element,7F,Fct,Woodland (very open),80,87,1,,LC_HerbaceousGrowthForm,description,,,Describe a vegetation element of herbaceous growth form type,,,,,
L25,element,7F,Fct,Woodland (very open),80,87,1,,LC_HerbaceousGrowthForm,presence_type,,,Mandatory,,,,,
L25,element,7F,Fct,Woodland (very open),80,87,1,,LC_HerbaceousGrowthForm,cover,40.0,100.0,,,,,,
L25,element,7F,Fct,Woodland (very open),80,87,1,,LC_HerbaceousGrowthForm,height,80.0,200.0,,,,,,
L25,characteristic,7F,Fct,Woodland (very open),80,87,1,1,LC_VegetationArtificialityCharacteristic,lccs3_type,,,LC_NaturalOrSeminaturalVegetation,,,,,value: Natural or Seminatural
L25,characteristic,7F,Fct,Woodland (very open),80,87,1,1,LC_VegetationArtificialityCharacteristic,name,,,Natural Or Seminatural Vegetation,,,,,
L25,characteristic,7F,Fct,Woodland (very open),80,87,1,1,LC_VegetationArtificialityCharacteristic,description,,,Describe the natural or seminatural vegetation,,,,,
L25,class,8A,Ab,Shrubland dominated area,,,,,,class_name,,,Shrubland dominated area,,,,,
L25,class,8A,Ab,Shrubland dominated area,,,,,,class_description,,,Describe the land cover class,,,,,
L25,class,8A,Ab,Shrubland dominated area,,,,,,class_map_code,,,Ab,,,,,
L25,class,8A,Ab,Shrubland dominated area,,,,,,uuid,,,dba41290-9c5c-11ec-ab6a-988d46a27cb4,,,,,
L25,hp,8A,Ab,Shrubland dominated area,8B,,,,,name,,,Horizontal Pattern 1,,,,,
L25,hp,8A,Ab,Shrubland dominated area,8B,,,,,description,,,Describe the horizontal pattern,,,,,
L25,stratum,8A,Ab,Shrubland dominated area,8B,8C,,,,name,,,Stratum 1,,,,,
L25,stratum,8A,Ab,Shrubland dominated area,8B,8C,,,,description,,,Vegetation 1,,,,,
L25,stratum,8A,Ab,Shrubland dominated area,8B,8C,,,,presence_type,,,Mandatory,,,,,
L25,stratum,8A,Ab,Shrubland dominated area,8B,8C,,,,@ontop,,,0,,,,,
L25,element,8A,Ab,Shrubland dominated area,8B,8C,1,,LC_Shrub,lccs3_type,,,LC_Shrubs,,,,,
L25,element,8A,Ab,Shrubland dominated area,8B,8C,1,,LC_Shrub,name,,,Shrubs,,,,,
L25,element,8A,Ab,Shrubland dominated area,8B,8C,1,,LC_Shrub,description,,,Describe a vegetation element of shrubs type,,,,,
L25,element,8A,Ab,Shrubland dominated area,8B,8C,1,,LC_Shrub,presence_type,,,Mandatory,,,,,
L25,element,8A,Ab,Shrubland dominated area,8B,8C,1,,LC_Shrub,cover,20.0,100.0,,,,,,
L25,characteristic,8A,Ab,Shrubland dominated area,8B,8C,1,1,LC_VegetationArtificialityCharacteristic,lccs3_type,,,LC_NaturalOrSeminaturalVegetation,,,,,value: Natural or Seminatural
L25,characteristic,8A,Ab,Shrubland dominated area,8B,8C,1,1,LC_VegetationArtificialityCharacteristic,name,,,Natural Or Seminatural Vegetation,,,,,
L25,characteristic,8A,Ab,Shrubland dominated area,8B,8C,1,1,LC_VegetationArtificialityCharacteristic,description,,,Describe the natural or seminatural vegetation,,,,,
L25,stratum,8A,Ab,Shrubland dominated area,8B,8F,,,,name,,,Stratum 2,,,,,
L25,stratum,8A,Ab,Shrubland dominated area,8B,8F,,,,description,,,Vegetation 2,,,,,
L25,stratum,8A,Ab,Shrubland dominated area,8B,8F,,,,presence_type,,,Mandatory,,,,,
L25,stratum,8A,Ab,Shrubland dominated area,8B,8F,,,,@ontop,,,0,,,,,
L25,element,8A,Ab,Shrubland dominated area,8B,8F,1,,LC_Tree,lccs3_type,,,LC_Trees,,,,,
L25,element,8A,Ab,Shrubland dominated area,8B,8F,1,,LC_Tree,name,,,Trees,,,,,
L25,element,8A,Ab,Shrubland dominated area,8B,8F,1,,LC_Tree,description,,,Describe a vegetation element of trees type,,,,,
L25,element,8A,Ab,Shrubland dominated area,8B,8F,1,,LC_Tree,presence_type,,,Mandatory,,,,,
L25,characteristic,8A,Ab,Shrubland dominated area,8B,8F,1,1,LC_VegetationArtificialityCharacteristic,lccs3_type,,,LC_NaturalOrSeminaturalVegetation,,,,,value: Natural or Seminatural
L25,characteristic,8A,Ab,Shrubland dominated area,8B,8F,1,1,LC_VegetationArtificialityCharacteristic,name,,,Natural Or Seminatural Vegetation,,,,,
L25,characteristic,8A,Ab,Shrubland dominated area,8B,8F,1,1,LC_VegetationArtificialityCharacteristic,description,,,Describe the natural or seminatural vegetation,,,,,
L25,stratum,8A,Ab,Shrubland dominated area,8B,92,,,,name,,,Stratum 3,,,,,
L25,stratum,8A,Ab,Shrubland dominated area,8B,92,,,,description,,,Vegetation 3,,,,,
L25,stratum,8A,Ab,Shrubland dominated area,8B,92,,,,presence_type,,,Mandatory,,,,,
L25,stratum,8A,Ab,Shrubland dominated area,8B,92,,,,@ontop,,,0,,,,,
L25,element,8A,Ab,Shrubland dominated area,8B,92,1,,LC_HerbaceousGrowthForm,lccs3_type,,,LC_HerbaceousGrowthForms,,,,,
L25,element,8A,Ab,Shrubland dominated area,8B,92,1,,LC_HerbaceousGrowthForm,name,,,Herbaceous growth forms,,,,,
L25,element,8A,Ab,Shrubland dominated area,8B,92,1,,LC_HerbaceousGrowthForm,description,,,Describe a vegetation element of herbaceous growth form type,,,,,
L25,element,8A,Ab,Shrubland dominated area,8B,92,1,,LC_HerbaceousGrowthForm,presence_type,,,Mandatory,,,,,
L25,characteristic,8A,Ab,Shrubland dominated area,8B,92,1,1,LC_VegetationArtificialityCharacteristic,lccs3_type,,,LC_NaturalOrSeminaturalVegetation,,,,,value: Natural or Seminatural
L25,characteristic,8A,Ab,Shrubland dominated area,8B,92,1,1,LC_VegetationArtificialityCharacteristic,name,,,Natural Or Seminatural Vegetation,,,,,
L25,characteristic,8A,Ab,Shrubland dominated area,8B,92,1,1,LC_VegetationArtificialityCharacteristic,description,,,Describe the natural or seminatural vegetation,,,,,
L25,class,95,Abm/h,"Shrubland (medium, high)",,,,,,class_name,,,"Shrubland (medium, high)",,,,,
L25,class,95,Abm/h,"Shrubland (medium, high)",,,,,,class_description,,,Describe the land cover class,,,,,
L25,class,95,Abm/h,"Shrubland (medium, high)",,,,,,class_map_code,,,Abm/h,,,,,
L25,class,95,Abm/h,"Shrubland (medium, high)",,,,,,uuid,,,1dc19443-9c5d-11ec-ab6a-988d46a27cb4,,,,,
L25,hp,95,Abm/h,"Shrubland (medium, high)",96,,,,,name,,,Horizontal Pattern 1,,,,,
L25,hp,95,Abm/h,"Shrubland (medium, high)",96,,,,,description,,,Describe the horizontal pattern,,,,,
L25,stratum,95,Abm/h,"Shrubland (medium, high)",96,97,,,,name,,,Stratum 1,,,,,
L25,stratum,95,Abm/h,"Shrubland (medium, high)",96,97,,,,description,,,Vegetation 1,,,,,
L25,stratum,95,Abm/h,"Shrubland (medium, high)",96,97,,,,presence_type,,,Mandatory,,,,,
L25,stratum,95,Abm/h,"Shrubland (medium, high)",96,97,,,,@ontop,,,0,,,,,
L25,element,95,Abm/h,"Shrubland (medium, high)",96,97,1,,LC_Shrub,lccs3_type,,,LC_Shrubs,,,,,
L25,element,95,Abm/h,"Shrubland (medium, high)",96,97,1,,LC_Shrub,name,,,Shrubs,,,,,
L25,element,95,Abm/h,"Shrubland (medium, high)",96,97,1,,LC_Shrub,description,,,Describe a vegetation element of shrubs type,,,,,
L25,element,95,Abm/h,"Shrubland (medium, high)",96,97,1,,LC_Shrub,presence_type,,,Mandatory,,,,,
L25,element,95,Abm/h,"Shrubland (medium, high)",96,97,1,,LC_Shrub,cover,20.0,100.0,,,,,,
L25,element,95,Abm/h,"Shrubland (medium, high)",96,97,1,,LC_Shrub,height,2.0,5.0,,,,,,
L25,characteristic,95,Abm/h,"Shrubland (medium, high)",96,97,1,1,LC_VegetationArtificialityCharacteristic,lccs3_type,,,LC_NaturalOrSeminaturalVegetation,,,,,value: Natural or Seminatural
L25,characteristic,95,Abm/h,"Shrubland (medium, high)",96,97,1,1,LC_VegetationArtificialityCharacteristic,name,,,Natural Or Seminatural Vegetation,,,,,
L25,characteristic,95,Abm/h,"Shrubland (medium, high)",96,97,1,1,LC_VegetationArtificialityCharacteristic,description,,,Describe the natural or seminatural vegetation,,,,,
L25,class,9A,FO,Thicket,,,,,,class_name,,,Thicket,,,,,
L25,class,9A,FO,Thicket,,,,,,class_description,,,Describe the land cover class,,,,,
L25,class,9A,FO,Thicket,,,,,,class_map_code,,,FO,,,,,
L25,class,9A,FO,Thicket,,,,,,uuid,,,232dabd3-9c5d-11ec-ab6a-988d46a27cb4,,,,,
L25,hp,9A,FO,Thicket,9B,,,,,name,,,Horizontal Pattern 1,,,,,
L25,hp,9A,FO,Thicket,9B,,,,,description,,,Describe the horizontal pattern,,,,,
L25,stratum,9A,FO,Thicket,9B,9C,,,,name,,,Stratum 1,,,,,
L25,stratum,9A,FO,Thicket,9B,9C,,,,description,,,Vegetation 1,,,,,
L25,stratum,9A,FO,Thicket,9B,9C,,,,presence_type,,,Mandatory,,,,,
L25,stratum,9A,FO,Thicket,9B,9C,,,,@ontop,,,0,,,,,
L25,element,9A,FO,Thicket,9B,9C,1,,LC_Shrub,lccs3_type,,,LC_Shrubs,,,,,
L25,element,9A,FO,Thicket,9B,9C,1,,LC_Shrub,name,,,Shrubs,,,,,
L25,element,9A,FO,Thicket,9B,9C,1,,LC_Shrub,description,,,Describe a vegetation element of shrubs type,,,,,
L25,element,9A,FO,Thicket,9B,9C,1,,LC_Shrub,presence_type,,,Mandatory,,,,,
L25,element,9A,FO,Thicket,9B,9C,1,,LC_Shrub,cover,70.0,100.0,,,,,,
L25,element,9A,FO,Thicket,9B,9C,1,,LC_Shrub,height,2.0,5.0,,,,,,
L25,characteristic,9A,FO,Thicket,9B,9C,1,1,LC_VegetationArtificialityCharacteristic,lccs3_type,,,LC_NaturalOrSeminaturalVegetation,,,,,value: Natural or Seminatural
L25,characteristic,9A,FO,Thicket,9B,9C,1,1,LC_VegetationArtificialityCharacteristic,name,,,Natural Or Seminatural Vegetation,,,,,
L25,characteristic,9A,FO,Thicket,9B,9C,1,1,LC_VegetationArtificialityCharacteristic,description,,,Describe the natural or seminatural vegetation,,,,,
L25,class,9F,Aro,Open shrublands,,,,,,class_name,,,Open shrublands,,,,,
L25,class,9F,Aro,Open shrublands,,,,,,class_description,,,Describe the land cover class,,,,,
L25,class,9F,Aro,Open shrublands,,,,,,class_map_code,,,Aro,,,,,
L25,class,9F,Aro,Open shrublands,,,,,,uuid,,,6eb46353-9c5d-11ec-ab6a-988d46a27cb4,,,,,
L25,hp,9F,Aro,Open shrublands,A0,,,,,name,,,Horizontal Pattern 1,,,,,
L25,hp,9F,Aro,Open shrublands,A0,,,,,description,,,Describe the horizontal pattern,,,,,
L25,stratum,9F,Aro,Open shrublands,A0,A1,,,,name,,,Stratum 1,,,,,
L25,stratum,9F,Aro,Open shrublands,A0,A1,,,,description,,,Vegetation 1,,,,,
L25,stratum,9F,Aro,Open shrublands,A0,A1,,,,presence_type,,,Mandatory,,,,,
L25,stratum,9F,Aro,Open shrublands,A0,A1,,,,@ontop,,,0,,,,,
L25,element,9F,Aro,Open shrublands,A0,A1,1,,LC_Shrub,lccs3_type,,,LC_Shrubs,,,,,
L25,element,9F,Aro,Open shrublands,A0,A1,1,,LC_Shrub,name,,,Shrubs,,,,,
L25,element,9F,Aro,Open shrublands,A0,A1,1,,LC_Shrub,description,,,Describe a vegetation element of shrubs type,,,,,
L25,element,9F,Aro,Open shrublands,A0,A1,1,,LC_Shrub,presence_type,,,Mandatory,,,,,
L25,element,9F,Aro,Open shrublands,A0,A1,1,,LC_Shrub,cover,20.0,70.0,,,,,,
L25,element,9F,Aro,Open shrublands,A0,A1,1,,LC_Shrub,height,2.0,5.0,,,,,,
L25,characteristic,9F,Aro,Open shrublands,A0,A1,1,1,LC_VegetationArtificialityCharacteristic,lccs3_type,,,LC_NaturalOrSeminaturalVegetation,,,,,value: Natural or Seminatural
L25,characteristic,9F,Aro,Open shrublands,A0,A1,1,1,LC_VegetationArtificialityCharacteristic,name,,,Natural Or Seminatural Vegetation,,,,,
L25,characteristic,9F,Aro,Open shrublands,A0,A1,1,1,LC_VegetationArtificialityCharacteristic,description,,,Describe the natural or seminatural vegetation,,,,,
L25,class,A4,Arb,"Shrubland (low, dwarf)",,,,,,class_name,,,"Shrubland (low, dwarf)",,,,,
L25,class,A4,Arb,"Shrubland (low, dwarf)",,,,,,class_description,,,Describe the land cover class,,,,,
L25,class,A4,Arb,"Shrubland (low, dwarf)",,,,,,class_map_code,,,Arb,,,,,
L25,class,A4,Arb,"Shrubland (low, dwarf)",,,,,,uuid,,,22eb5633-9c5e-11ec-ab6a-988d46a27cb4,,,,,
L25,hp,A4,Arb,"Shrubland (low, dwarf)",A5,,,,,name,,,Horizontal Pattern 1,,,,,
L25,hp,A4,Arb,"Shrubland (low, dwarf)",A5,,,,,description,,,Describe the horizontal pattern,,,,,
L25,stratum,A4,Arb,"Shrubland (low, dwarf)",A5,A6,,,,name,,,Stratum 1,,,,,
L25,stratum,A4,Arb,"Shrubland (low, dwarf)",A5,A6,,,,description,,,Vegetation 1,,,,,
L25,stratum,A4,Arb,"Shrubland (low, dwarf)",A5,A6,,,,presence_type,,,Mandatory,,,,,
L25,stratum,A4,Arb,"Shrubland (low, dwarf)",A5,A6,,,,@ontop,,,0,,,,,
L25,element,A4,Arb,"Shrubland (low, dwarf)",A5,A6,1,,LC_Shrub,lccs3_type,,,LC_Shrubs,,,,,
L25,element,A4,Arb,"Shrubland (low, dwarf)",A5,A6,1,,LC_Shrub,name,,,Shrubs,,,,,
L25,element,A4,Arb,"Shrubland (low, dwarf)",A5,A6,1,,LC_Shrub,description,,,Describe a vegetation element of shrubs type,,,,,
L25,element,A4,Arb,"Shrubland (low, dwarf)",A5,A6,1,,LC_Shrub,presence_type,,,Mandatory,,,,,
L25,element,A4,Arb,"Shrubland (low, dwarf)",A5,A6,1,,LC_Shrub,cover,20.0,100.0,,,,,,
L25,element,A4,Arb,"Shrubland (low, dwarf)",A5,A6,1,,LC_Shrub,height,0.2,2.0,,,,,,
L25,characteristic,A4,Arb,"Shrubland (low, dwarf)",A5,A6,1,1,LC_VegetationArtificialityCharacteristic,lccs3_type,,,LC_NaturalOrSeminaturalVegetation,,,,,value: Natural or Seminatural
L25,characteristic,A4,Arb,"Shrubland (low, dwarf)",A5,A6,1,1,LC_VegetationArtificialityCharacteristic,name,,,Natural Or Seminatural Vegetation,,,,,
L25,characteristic,A4,Arb,"Shrubland (low, dwarf)",A5,A6,1,1,LC_VegetationArtificialityCharacteristic,description,,,Describe the natural or seminatural vegetation,,,,,
L25,class,A9,Bt,Tiger bush,,,,,,class_name,,,Tiger bush,,,,,
L25,class,A9,Bt,Tiger bush,,,,,,class_description,,,Describe the land cover class,,,,,
L25,class,A9,Bt,Tiger bush,,,,,,class_map_code,,,Bt,,,,,
L25,class,A9,Bt,Tiger bush,,,,,,uuid,,,d3c191e6-9c5e-11ec-ab6a-988d46a27cb4,,,,,
L25,hp,A9,Bt,Tiger bush,AA,,,,,name,,,Horizontal Pattern 1,,,,,
L25,hp,A9,Bt,Tiger bush,AA,,,,,description,,,Describe the horizontal pattern,,,,,
L25,hp,A9,Bt,Tiger bush,AA,,,,,type,,,Striped,,,,,
L25,hp,A9,Bt,Tiger bush,AA,,,,,cover,40.0,70.0,,,,,,
L25,hp,A9,Bt,Tiger bush,AA,,,,,occurance,100.0,100.0,,,,,,
L25,stratum,A9,Bt,Tiger bush,AA,AB,,,,name,,,Stratum 1,,,,,
L25,stratum,A9,Bt,Tiger bush,AA,AB,,,,description,,,Vegetation 1,,,,,
L25,stratum,A9,Bt,Tiger bush,AA,AB,,,,presence_type,,,Mandatory,,,,,
L25,stratum,A9,Bt,Tiger bush,AA,AB,,,,@ontop,,,0,,,,,
L25,element,A9,Bt,Tiger bush,AA,AB,1,,LC_Shrub,lccs3_type,,,LC_Shrubs,,,,,
L25,element,A9,Bt,Tiger bush,AA,AB,1,,LC_Shrub,name,,,Shrubs,,,,,
L25,element,A9,Bt,Tiger bush,AA,AB,1,,LC_Shrub,description,,,Describe a vegetation element of shrubs type,,,,,
L25,element,A9,Bt,Tiger bush,AA,AB,1,,LC_Shrub,presence_type,,,Mandatory,,,,,
L25,element,A9,Bt,Tiger bush,AA,AB,1,,LC_Shrub,cover,50.0,100.0,,,,,,
L25,element,A9,Bt,Tiger bush,AA,AB,1,,LC_Shrub,height,0.3,2.0,,,,,,
L25,characteristic,A9,Bt,Tiger bush,AA,AB,1,1,LC_VegetationArtificialityCharacteristic,lccs3_type,,,LC_NaturalOrSeminaturalVegetation,,,,,value: Natural or Seminatural
L25,characteristic,A9,Bt,Tiger bush,AA,AB,1,1,LC_VegetationArtificialityCharacteristic,name,,,Natural Or Seminatural Vegetation,,,,,
L25,characteristic,A9,Bt,Tiger bush,AA,AB,1,1,LC_VegetationArtificialityCharacteristic,description,,,Describe the natural or seminatural vegetation,,,,,
L25,stratum,A9,Bt,Tiger bush,AA,AE,,,,name,,,Stratum 2,,,,,
L25,stratum,A9,Bt,Tiger bush,AA,AE,,,,description,,,Vegetation 2,,,,,
L25,stratum,A9,Bt,Tiger bush,AA,AE,,,,presence_type,,,Optional,,,,,
L25,stratum,A9,Bt,Tiger bush,AA,AE,,,,@ontop,,,0,,,,,
L25,element,A9,Bt,Tiger bush,AA,AE,1,,LC_HerbaceousGrowthForm,lccs3_type,,,LC_HerbaceousGrowthForms,,,,,
L25,element,A9,Bt,Tiger bush,AA,AE,1,,LC_HerbaceousGrowthForm,name,,,Herbaceous growth forms,,,,,
L25,element,A9,Bt,Tiger bush,AA,AE,1,,LC_HerbaceousGrowthForm,description,,,Describe a vegetation element of herbaceous growth form type,,,,,
L25,element,A9,Bt,Tiger bush,AA,AE,1,,LC_HerbaceousGrowthForm,presence_type,,,Mandatory,,,,,
L25,element,A9,Bt,Tiger bush,AA,AE,1,,LC_HerbaceousGrowthForm,cover,2.0,40.0,,,,,,
L25,characteristic,A9,Bt,Tiger bush,AA,AE,1,1,LC_VegetationArtificialityCharacteristic,lccs3_type,,,LC_NaturalOrSeminaturalVegetation,,,,,value: Natural or Seminatural
L25,characteristic,A9,Bt,Tiger bush,AA,AE,1,1,LC_VegetationArtificialityCharacteristic,name,,,Natural Or Seminatural Vegetation,,,,,
L25,characteristic,A9,Bt,Tiger bush,AA,AE,1,1,LC_VegetationArtificialityCharacteristic,description,,,Describe the natural or seminatural vegetation,,,,,
L25,hp,A9,Bt,Tiger bush,B1,,,,,name,,,Horizontal Pattern 2,,,,,
L25,hp,A9,Bt,Tiger bush,B1,,,,,description,,,Describe the horizontal pattern,,,,,
L25,hp,A9,Bt,Tiger bush,B1,,,,,type,,,,,,,,
L25,hp,A9,Bt,Tiger bush,B1,,,,,cover,30.0,70.0,,,,,,
L25,hp,A9,Bt,Tiger bush,B1,,,,,occurance,100.0,100.0,,,,,,
L25,stratum,A9,Bt,Tiger bush,B1,B2,,,,name,,,Stratum 1,,,,,
L25,stratum,A9,Bt,Tiger bush,B1,B2,,,,description,,,Abiotic surface 1,,,,,
L25,stratum,A9,Bt,Tiger bush,B1,B2,,,,presence_type,,,Mandatory,,,,,
L25,stratum,A9,Bt,Tiger bush,B1,B2,,,,@ontop,,,0,,,,,
L25,element,A9,Bt,Tiger bush,B1,B2,1,,LC_BareSoil,lccs3_type,,,LC_BareSoil,,,,,
L25,element,A9,Bt,Tiger bush,B1,B2,1,,LC_BareSoil,name,,,Bare Soil,,,,,
L25,element,A9,Bt,Tiger bush,B1,B2,1,,LC_BareSoil,description,,,Describe a bare soil surface type,,,,,
L25,element,A9,Bt,Tiger bush,B1,B2,1,,LC_BareSoil,presence_type,,,Mandatory,,,,,
L25,class,B4,Arbo,Open low shrublands,,,,,,class_name,,,Open low shrublands,,,,,
L25,class,B4,Arbo,Open low shrublands,,,,,,class_description,,,Describe the land cover class,,,,,
L25,class,B4,Arbo,Open low shrublands,,,,,,class_map_code,,,Arbo,,,,,
L25,class,B4,Arbo,Open low shrublands,,,,,,uuid,,,dcf586e3-9c5e-11ec-ab6a-988d46a27cb4,,,,,
L25,hp,B4,Arbo,Open low shrublands,B5,,,,,name,,,Horizontal Pattern 1,,,,,
L25,hp,B4,Arbo,Open low shrublands,B5,,,,,description,,,Describe the horizontal pattern,,,,,
L25,stratum,B4,Arbo,Open low shrublands,B5,B6,,,,name,,,Stratum 1,,,,,
L25,stratum,B4,Arbo,Open low shrublands,B5,B6,,,,description,,,Vegetation 1,,,,,
L25,stratum,B4,Arbo,Open low shrublands,B5,B6,,,,presence_type,,,Mandatory,,,,,
L25,stratum,B4,Arbo,Open low shrublands,B5,B6,,,,@ontop,,,0,,,,,
L25,element,B4,Arbo,Open low shrublands,B5,B6,1,,LC_Shrub,lccs3_type,,,LC_Shrubs,,,,,
L25,element,B4,Arbo,Open low shrublands,B5,B6,1,,LC_Shrub,name,,,Shrubs,,,,,
L25,element,B4,Arbo,Open low shrublands,B5,B6,1,,LC_Shrub,description,,,Describe a vegetation element of shrubs type,,,,,
L25,element,B4,Arbo,Open low shrublands,B5,B6,1,,LC_Shrub,presence_type,,,Mandatory,,,,,
L25,element,B4,Arbo,Open low shrublands,B5,B6,1,,LC_Shrub,cover,20.0,70.0,,,,,,
L25,element,B4,Arbo,Open low shrublands,B5,B6,1,,LC_Shrub,height,0.3,2.0,,,,,,
L25,characteristic,B4,Arbo,Open low shrublands,B5,B6,1,1,LC_VegetationArtificialityCharacteristic,lccs3_type,,,LC_NaturalOrSeminaturalVegetation,,,,,value: Natural or Seminatural
L25,characteristic,B4,Arbo,Open low shrublands,B5,B6,1,1,LC_VegetationArtificialityCharacteristic,name,,,Natural Or Seminatural Vegetation,,,,,
L25,characteristic,B4,Arbo,Open low shrublands,B5,B6,1,1,LC_VegetationArtificialityCharacteristic,description,,,Describe the natural or seminatural vegetation,,,,,
L25,class,B9,H,Herbs dominated area,,,,,,class_name,,,Herbs dominated area,,,,,
L25,class,B9,H,Herbs dominated area,,,,,,class_description,,,Describe the land cover class,,,,,
L25,class,B9,H,Herbs dominated area,,,,,,class_map_code,,,H,,,,,
L25,class,B9,H,Herbs dominated area,,,,,,uuid,,,2b86e653-9c5f-11ec-ab6a-988d46a27cb4,,,,,
L25,hp,B9,H,Herbs dominated area,BA,,,,,name,,,Horizontal Pattern 1,,,,,
L25,hp,B9,H,Herbs dominated area,BA,,,,,description,,,Describe the horizontal pattern,,,,,
L25,stratum,B9,H,Herbs dominated area,BA,BB,,,,name,,,Stratum 1,,,,,
L25,stratum,B9,H,Herbs dominated area,BA,BB,,,,description,,,Vegetation 1,,,,,
L25,stratum,B9,H,Herbs dominated area,BA,BB,,,,presence_type,,,Mandatory,,,,,
L25,stratum,B9,H,Herbs dominated area,BA,BB,,,,@ontop,,,0,,,,,
L25,element,B9,H,Herbs dominated area,BA,BB,1,,LC_HerbaceousGrowthForm,lccs3_type,,,LC_HerbaceousGrowthForms,,,,,
L25,element,B9,H,Herbs dominated area,BA,BB,1,,LC_HerbaceousGrowthForm,name,,,Herbaceous growth forms,,,,,
L25,element,B9,H,Herbs dominated area,BA,BB,1,,LC_HerbaceousGrowthForm,description,,,Describe a vegetation element of herbaceous growth form type,,,,,
L25,element,B9,H,Herbs dominated area,BA,BB,1,,LC_HerbaceousGrowthForm,presence_type,,,Mandatory,,,,,
L25,element,B9,H,Herbs dominated area,BA,BB,1,,LC_HerbaceousGrowthForm,cover,20.0,100.0,,,,,,
L25,characteristic,B9,H,Herbs dominated area,BA,BB,1,1,LC_VegetationArtificialityCharacteristic,lccs3_type,,,LC_NaturalOrSeminaturalVegetation,,,,,value: Natural or Seminatural
L25,characteristic,B9,H,Herbs dominated area,BA,BB,1,1,LC_VegetationArtificialityCharacteristic,name,,,Natural Or Seminatural Vegetation,,,,,
L25,characteristic,B9,H,Herbs dominated area,BA,BB,1,1,LC_VegetationArtificialityCharacteristic,description,,,Describe the natural or seminatural vegetation,,,,,
L25,class,BE,S,Savanna,,,,,,class_name,,,Savanna,,,,,
L25,class,BE,S,Savanna,,,,,,class_description,,,Describe the land cover class,,,,,
L25,class,BE,S,Savanna,,,,,,class_map_code,,,S,,,,,
L25,class,BE,S,Savanna,,,,,,uuid,,,342503f3-9c5f-11ec-ab6a-988d46a27cb4,,,,,
L25,hp,BE,S,Savanna,BF,,,,,name,,,Horizontal Pattern 1,,,,,
L25,hp,BE,S,Savanna,BF,,,,,description,,,Describe the horizontal pattern,,,,,
L25,stratum,BE,S,Savanna,BF,C0,,,,name,,,Stratum 1,,,,,
L25,stratum,BE,S,Savanna,BF,C0,,,,description,,,Vegetation 1,,,,,
L25,stratum,BE,S,Savanna,BF,C0,,,,presence_type,,,Mandatory,,,,,
L25,stratum,BE,S,Savanna,BF,C0,,,,@ontop,,,0,,,,,
L25,element,BE,S,Savanna,BF,C0,1,,LC_HerbaceousGrowthForm,lccs3_type,,,LC_HerbaceousGrowthForms,,,,,
L25,element,BE,S,Savanna,BF,C0,1,,LC_HerbaceousGrowthForm,name,,,Herbaceous growth forms,,,,,
L25,element,BE,S,Savanna,BF,C0,1,,LC_HerbaceousGrowthForm,description,,,Describe a vegetation element of herbaceous growth form type,,,,,
L25,element,BE,S,Savanna,BF,C0,1,,LC_HerbaceousGrowthForm,presence_type,,,Mandatory,,,,,
L25,element,BE,S,Savanna,BF,C0,1,,LC_HerbaceousGrowthForm,cover,40.0,100.0,,,,,,
L25,element,BE,S,Savanna,BF,C0,1,,LC_HerbaceousGrowthForm,height,80.0,300.0,,,,,,
L25,characteristic,BE,S,Savanna,BF,C0,1,1,LC_VegetationArtificialityCharacteristic,lccs3_type,,,LC_NaturalOrSeminaturalVegetation,,,,,value: Natural or Seminatural
L25,characteristic,BE,S,Savanna,BF,C0,1,1,LC_VegetationArtificialityCharacteristic,name,,,Natural Or Seminatural Vegetation,,,,,
L25,characteristic,BE,S,Savanna,BF,C0,1,1,LC_VegetationArtificialityCharacteristic,description,,,Describe the natural or seminatural vegetation,,,,,
L25,stratum,BE,S,Savanna,BF,C3,,,,name,,,Stratum 2,,,,,
L25,stratum,BE,S,Savanna,BF,C3,,,,description,,,Vegetation 2,,,,,
L25,stratum,BE,S,Savanna,BF,C3,,,,presence_type,,,Optional,,,,,
L25,stratum,BE,S,Savanna,BF,C3,,,,@ontop,,,0,,,,,
L25,element,BE,S,Savanna,BF,C3,1,,LC_WoodyGrowthForm,lccs3_type,,,LC_WoodyGrowthForms,,,,,
L25,element,BE,S,Savanna,BF,C3,1,,LC_WoodyGrowthForm,name,,,Woody Growth Forms,,,,,
L25,element,BE,S,Savanna,BF,C3,1,,LC_WoodyGrowthForm,description,,,Describe a vegetation element of woody type,,,,,
L25,element,BE,S,Savanna,BF,C3,1,,LC_WoodyGrowthForm,presence_type,,,Mandatory,,,,,
L25,element,BE,S,Savanna,BF,C3,1,,LC_WoodyGrowthForm,cover,2.0,15.0,,,,,,
L25,characteristic,BE,S,Savanna,BF,C3,1,1,LC_VegetationArtificialityCharacteristic,lccs3_type,,,LC_NaturalOrSeminaturalVegetation,,,,,value: Natural or Seminatural
L25,characteristic,BE,S,Savanna,BF,C3,1,1,LC_VegetationArtificialityCharacteristic,name,,,Natural Or Seminatural Vegetation,,,,,
L25,characteristic,BE,S,Savanna,BF,C3,1,1,LC_VegetationArtificialityCharacteristic,description,,,Describe the natural or seminatural vegetation,,,,,
L25,class,CE,Saa,Trees and shrub savanna,,,,,,class_name,,,Trees and shrub savanna,,,,,
L25,class,CE,Saa,Trees and shrub savanna,,,,,,class_description,,,Describe the land cover class,,,,,
L25,class,CE,Saa,Trees and shrub savanna,,,,,,class_map_code,,,Saa,,,,,
L25,class,CE,Saa,Trees and shrub savanna,,,,,,uuid,,,9efdc4a3-9c5f-11ec-ab6a-988d46a27cb4,,,,,
L25,hp,CE,Saa,Trees and shrub savanna,CF,,,,,name,,,Horizontal Pattern 1,,,,,
L25,hp,CE,Saa,Trees and shrub savanna,CF,,,,,description,,,Describe the horizontal pattern,,,,,
L25,stratum,CE,Saa,Trees and shrub savanna,CF,D0,,,,name,,,Stratum 1,,,,,
L25,stratum,CE,Saa,Trees and shrub savanna,CF,D0,,,,description,,,Vegetation 1,,,,,
L25,stratum,CE,Saa,Trees and shrub savanna,CF,D0,,,,presence_type,,,Mandatory,,,,,
L25,stratum,CE,Saa,Trees and shrub savanna,CF,D0,,,,@ontop,,,0,,,,,
L25,element,CE,Saa,Trees and shrub savanna,CF,D0,1,,LC_HerbaceousGrowthForm,lccs3_type,,,LC_HerbaceousGrowthForms,,,,,
L25,element,CE,Saa,Trees and shrub savanna,CF,D0,1,,LC_HerbaceousGrowthForm,name,,,Herbaceous growth forms,,,,,
L25,element,CE,Saa,Trees and shrub savanna,CF,D0,1,,LC_HerbaceousGrowthForm,description,,,Describe a vegetation element of herbaceous growth form type,,,,,
L25,element,CE,Saa,Trees and shrub savanna,CF,D0,1,,LC_HerbaceousGrowthForm,presence_type,,,Mandatory,,,,,
L25,element,CE,Saa,Trees and shrub savanna,CF,D0,1,,LC_HerbaceousGrowthForm,cover,40.0,100.0,,,,,,
L25,element,CE,Saa,Trees and shrub savanna,CF,D0,1,,LC_HerbaceousGrowthForm,height,80.0,300.0,,,,,,
L25,characteristic,CE,Saa,Trees and shrub savanna,CF,D0,1,1,LC_VegetationArtificialityCharacteristic,lccs3_type,,,LC_NaturalOrSeminaturalVegetation,,,,,value: Natural or Seminatural
L25,characteristic,CE,Saa,Trees and shrub savanna,CF,D0,1,1,LC_VegetationArtificialityCharacteristic,name,,,Natural Or Seminatural Vegetation,,,,,
L25,characteristic,CE,Saa,Trees and shrub savanna,CF,D0,1,1,LC_VegetationArtificialityCharacteristic,description,,,Describe the natural or seminatural vegetation,,,,,
L25,stratum,CE,Saa,Trees and shrub savanna,CF,D3,,,,name,,,Stratum 2,,,,,
L25,stratum,CE,Saa,Trees and shrub savanna,CF,D3,,,,description,,,Vegetation 2,,,,,
L25,stratum,CE,Saa,Trees and shrub savanna,CF,D3,,,,presence_type,,,Mandatory,,,,,
L25,stratum,CE,Saa,Trees and shrub savanna,CF,D3,,,,@ontop,,,0,,,,,
L25,element,CE,Saa,Trees and shrub savanna,CF,D3,1,,LC_WoodyGrowthForm,lccs3_type,,,LC_WoodyGrowthForms,,,,,
L25,element,CE,Saa,Trees and shrub savanna,CF,D3,1,,LC_WoodyGrowthForm,name,,,Woody Growth Forms,,,,,
L25,element,CE,Saa,Trees and shrub savanna,CF,D3,1,,LC_WoodyGrowthForm,description,,,Describe a vegetation element of woody type,,,,,
L25,element,CE,Saa,Trees and shrub savanna,CF,D3,1,,LC_WoodyGrowthForm,presence_type,,,Mandatory,,,,,
L25,element,CE,Saa,Trees and shrub savanna,CF,D3,1,,LC_WoodyGrowthForm,cover,4.0,20.0,,,,,,
L25,element,CE,Saa,Trees and shrub savanna,CF,D3,1,,LC_WoodyGrowthForm,height,1.0,10.0,,,,,,
L25,characteristic,CE,Saa,Trees and shrub savanna,CF,D3,1,1,LC_VegetationArtificialityCharacteristic,lccs3_type,,,LC_NaturalOrSeminaturalVegetation,,,,,value: Natural or Seminatural
L25,characteristic,CE,Saa,Trees and shrub savanna,CF,D3,1,1,LC_VegetationArtificialityCharacteristic,name,,,Natural Or Seminatural Vegetation,,,,,
L25,characteristic,CE,Saa,Trees and shrub savanna,CF,D3,1,1,LC_VegetationArtificialityCharacteristic,description,,,Describe the natural or seminatural vegetation,,,,,
L25,class,D6,Sa,Tree savanna,,,,,,class_name,,,Tree savanna,,,,,
L25,class,D6,Sa,Tree savanna,,,,,,class_description,,,Describe the land cover class,,,,,
L25,class,D6,Sa,Tree savanna,,,,,,class_map_code,,,Sa,,,,,
L25,class,D6,Sa,Tree savanna,,,,,,uuid,,,63e135e3-9c60-11ec-ab6a-988d46a27cb4,,,,,
L25,hp,D6,Sa,Tree savanna,D7,,,,,name,,,Horizontal Pattern 1,,,,,
L25,hp,D6,Sa,Tree savanna,D7,,,,,description,,,Describe the horizontal pattern,,,,,
L25,stratum,D6,Sa,Tree savanna,D7,D8,,,,name,,,Stratum 1,,,,,
L25,stratum,D6,Sa,Tree savanna,D7,D8,,,,description,,,Vegetation 1,,,,,
L25,stratum,D6,Sa,Tree savanna,D7,D8,,,,presence_type,,,Mandatory,,,,,
L25,stratum,D6,Sa,Tree savanna,D7,D8,,,,@ontop,,,0,,,,,
L25,element,D6,Sa,Tree savanna,D7,D8,1,,LC_HerbaceousGrowthForm,lccs3_type,,,LC_HerbaceousGrowthForms,,,,,
L25,element,D6,Sa,Tree savanna,D7,D8,1,,LC_HerbaceousGrowthForm,name,,,Herbaceous growth forms,,,,,
L25,element,D6,Sa,Tree savanna,D7,D8,1,,LC_HerbaceousGrowthForm,description,,,Describe a vegetation element of herbaceous growth form type,,,,,
L25,element,D6,Sa,Tree savanna,D7,D8,1,,LC_HerbaceousGrowthForm,presence_type,,,Mandatory,,,,,
L25,element,D6,Sa,Tree savanna,D7,D8,1,,LC_HerbaceousGrowthForm,cover,40.0,100.0,,,,,,
L25,characteristic,D6,Sa,Tree savanna,D7,D8,1,1,LC_VegetationArtificialityCharacteristic,lccs3_type,,,LC_NaturalOrSeminaturalVegetation,,,,,value: Natural or Seminatural
L25,characteristic,D6,Sa,Tree savanna,D7,D8,1,1,LC_VegetationArtificialityCharacteristic,name,,,Natural Or Seminatural Vegetation,,,,,
L25,characteristic,D6,Sa,Tree savanna,D7,D8,1,1,LC_VegetationArtificialityCharacteristic,description,,,Describe the natural or seminatural vegetation,,,,,
L25,stratum,D6,Sa,Tree savanna,D7,DB,,,,name,,,Stratum 2,,,,,
L25,stratum,D6,Sa,Tree savanna,D7,DB,,,,description,,,Vegetation 2,,,,,
L25,stratum,D6,Sa,Tree savanna,D7,DB,,,,presence_type,,,Mandatory,,,,,
L25,stratum,D6,Sa,Tree savanna,D7,DB,,,,@ontop,,,0,,,,,
L25,element,D6,Sa,Tree savanna,D7,DB,1,,LC_Tree,lccs3_type,,,LC_Trees,,,,,
L25,element,D6,Sa,Tree savanna,D7,DB,1,,LC_Tree,name,,,Trees,,,,,
L25,element,D6,Sa,Tree savanna,D7,DB,1,,LC_Tree,description,,,Describe a vegetation element of trees type,,,,,
L25,element,D6,Sa,Tree savanna,D7,DB,1,,LC_Tree,presence_type,,,Mandatory,,,,,
L25,element,D6,Sa,Tree savanna,D7,DB,1,,LC_Tree,cover,4.0,20.0,,,,,,
L25,characteristic,D6,Sa,Tree savanna,D7,DB,1,1,LC_VegetationArtificialityCharacteristic,lccs3_type,,,LC_NaturalOrSeminaturalVegetation,,,,,value: Natural or Seminatural
L25,characteristic,D6,Sa,Tree savanna,D7,DB,1,1,LC_VegetationArtificialityCharacteristic,name,,,Natural Or Seminatural Vegetation,,,,,
L25,characteristic,D6,Sa,Tree savanna,D7,DB,1,1,LC_VegetationArtificialityCharacteristic,description,,,Describe the natural or seminatural vegetation,,,,,
L25,class,DE,Sar,Shrub savanna,,,,,,class_name,,,Shrub savanna,,,,,
L25,class,DE,Sar,Shrub savanna,,,,,,class_description,,,Describe the land cover class,,,,,
L25,class,DE,Sar,Shrub savanna,,,,,,class_map_code,,,Sar,,,,,
L25,class,DE,Sar,Shrub savanna,,,,,,uuid,,,6996b283-9c60-11ec-ab6a-988d46a27cb4,,,,,
L25,hp,DE,Sar,Shrub savanna,DF,,,,,name,,,Horizontal Pattern 1,,,,,
L25,hp,DE,Sar,Shrub savanna,DF,,,,,description,,,Describe the horizontal pattern,,,,,
L25,stratum,DE,Sar,Shrub savanna,DF,E0,,,,name,,,Stratum 1,,,,,
L25,stratum,DE,Sar,Shrub savanna,DF,E0,,,,description,,,Vegetation 1,,,,,
L25,stratum,DE,Sar,Shrub savanna,DF,E0,,,,presence_type,,,Mandatory,,,,,
L25,stratum,DE,Sar,Shrub savanna,DF,E0,,,,@ontop,,,0,,,,,
L25,element,DE,Sar,Shrub savanna,DF,E0,1,,LC_HerbaceousGrowthForm,lccs3_type,,,LC_HerbaceousGrowthForms,,,,,
L25,element,DE,Sar,Shrub savanna,DF,E0,1,,LC_HerbaceousGrowthForm,name,,,Herbaceous growth forms,,,,,
L25,element,DE,Sar,Shrub savanna,DF,E0,1,,LC_HerbaceousGrowthForm,description,,,Describe a vegetation element of herbaceous growth form type,,,,,
L25,element,DE,Sar,Shrub savanna,DF,E0,1,,LC_HerbaceousGrowthForm,presence_type,,,Mandatory,,,,,
L25,element,DE,Sar,Shrub savanna,DF,E0,1,,LC_HerbaceousGrowthForm,cover,40.0,100.0,,,,,,
L25,characteristic,DE,Sar,Shrub savanna,DF,E0,1,1,LC_VegetationArtificialityCharacteristic,lccs3_type,,,LC_NaturalOrSeminaturalVegetation,,,,,value: Natural or Seminatural
L25,characteristic,DE,Sar,Shrub savanna,DF,E0,1,1,LC_VegetationArtificialityCharacteristic,name,,,Natural Or Seminatural Vegetation,,,,,
L25,characteristic,DE,Sar,Shrub savanna,DF,E0,1,1,LC_VegetationArtificialityCharacteristic,description,,,Describe the natural or seminatural vegetation,,,,,
L25,stratum,DE,Sar,Shrub savanna,DF,E3,,,,name,,,Stratum 2,,,,,
L25,stratum,DE,Sar,Shrub savanna,DF,E3,,,,description,,,Vegetation 2,,,,,
L25,stratum,DE,Sar,Shrub savanna,DF,E3,,,,presence_type,,,Mandatory,,,,,
L25,stratum,DE,Sar,Shrub savanna,DF,E3,,,,@ontop,,,0,,,,,
L25,element,DE,Sar,Shrub savanna,DF,E3,1,,LC_Shrub,lccs3_type,,,LC_Shrubs,,,,,
L25,element,DE,Sar,Shrub savanna,DF,E3,1,,LC_Shrub,name,,,Shrubs,,,,,
L25,element,DE,Sar,Shrub savanna,DF,E3,1,,LC_Shrub,description,,,Describe a vegetation element of shrubs type,,,,,
L25,element,DE,Sar,Shrub savanna,DF,E3,1,,LC_Shrub,presence_type,,,Mandatory,,,,,
L25,element,DE,Sar,Shrub savanna,DF,E3,1,,LC_Shrub,cover,4.0,20.0,,,,,,
L25,characteristic,DE,Sar,Shrub savanna,DF,E3,1,1,LC_VegetationArtificialityCharacteristic,lccs3_type,,,LC_NaturalOrSeminaturalVegetation,,,,,value: Natural or Seminatural
L25,characteristic,DE,Sar,Shrub savanna,DF,E3,1,1,LC_VegetationArtificialityCharacteristic,name,,,Natural Or Seminatural Vegetation,,,,,
L25,characteristic,DE,Sar,Shrub savanna,DF,E3,1,1,LC_VegetationArtificialityCharacteristic,description,,,Describe the natural or seminatural vegetation,,,,,
L25,class,E6,Sh,Grass savanna,,,,,,class_name,,,Grass savanna,,,,,
L25,class,E6,Sh,Grass savanna,,,,,,class_description,,,Describe the land cover class,,,,,
L25,class,E6,Sh,Grass savanna,,,,,,class_map_code,,,Sh,,,,,
L25,class,E6,Sh,Grass savanna,,,,,,uuid,,,85b8b173-9c60-11ec-ab6a-988d46a27cb4,,,,,
L25,hp,E6,Sh,Grass savanna,E7,,,,,name,,,Horizontal Pattern 1,,,,,
L25,hp,E6,Sh,Grass savanna,E7,,,,,description,,,Describe the horizontal pattern,,,,,
L25,stratum,E6,Sh,Grass savanna,E7,E8,,,,name,,,Stratum 1,,,,,
L25,stratum,E6,Sh,Grass savanna,E7,E8,,,,description,,,Vegetation 1,,,,,
L25,stratum,E6,Sh,Grass savanna,E7,E8,,,,presence_type,,,Mandatory,,,,,
L25,stratum,E6,Sh,Grass savanna,E7,E8,,,,@ontop,,,0,,,,,
L25,element,E6,Sh,Grass savanna,E7,E8,1,,LC_HerbaceousGrowthForm,lccs3_type,,,LC_HerbaceousGrowthForms,,,,,
L25,element,E6,Sh,Grass savanna,E7,E8,1,,LC_HerbaceousGrowthForm,name,,,Herbaceous growth forms,,,,,
L25,element,E6,Sh,Grass savanna,E7,E8,1,,LC_HerbaceousGrowthForm,description,,,Describe a vegetation element of herbaceous growth form type,,,,,
L25,element,E6,Sh,Grass savanna,E7,E8,1,,LC_HerbaceousGrowthForm,presence_type,,,Mandatory,,,,,
L25,element,E6,Sh,Grass savanna,E7,E8,1,,LC_HerbaceousGrowthForm,cover,40.0,100.0,,,,,,
L25,element,E6,Sh,Grass savanna,E7,E8,1,,LC_HerbaceousGrowthForm,height,80.0,300.0,,,,,,
L25,characteristic,E6,Sh,Grass savanna,E7,E8,1,1,LC_VegetationArtificialityCharacteristic,lccs3_type,,,LC_NaturalOrSeminaturalVegetation,,,,,value: Natural or Seminatural
L25,characteristic,E6,Sh,Grass savanna,E7,E8,1,1,LC_VegetationArtificialityCharacteristic,name,,,Natural Or Seminatural Vegetation,,,,,
L25,characteristic,E6,Sh,Grass savanna,E7,E8,1,1,LC_VegetationArtificialityCharacteristic,description,,,Describe the natural or seminatural vegetation,,,,,
L25,stratum,E6,Sh,Grass savanna,E7,EB,,,,name,,,Stratum 2,,,,,
L25,stratum,E6,Sh,Grass savanna,E7,EB,,,,description,,,Vegetation 2,,,,,
L25,stratum,E6,Sh,Grass savanna,E7,EB,,,,presence_type,,,Optional,,,,,
L25,stratum,E6,Sh,Grass savanna,E7,EB,,,,@ontop,,,0,,,,,
L25,element,E6,Sh,Grass savanna,E7,EB,1,,LC_WoodyGrowthForm,lccs3_type,,,LC_WoodyGrowthForms,,,,,
L25,element,E6,Sh,Grass savanna,E7,EB,1,,LC_WoodyGrowthForm,name,,,Woody Growth Forms,,,,,
L25,element,E6,Sh,Grass savanna,E7,EB,1,,LC_WoodyGrowthForm,description,,,Describe a vegetation element of woody type,,,,,
L25,element,E6,Sh,Grass savanna,E7,EB,1,,LC_WoodyGrowthForm,presence_type,,,Mandatory,,,,,
L25,element,E6,Sh,Grass savanna,E7,EB,1,,LC_WoodyGrowthForm,cover,1.0,4.0,,,,,,
L25,characteristic,E6,Sh,Grass savanna,E7,EB,1,1,LC_VegetationArtificialityCharacteristic,lccs3_type,,,LC_NaturalOrSeminaturalVegetation,,,,,value: Natural or Seminatural
L25,characteristic,E6,Sh,Grass savanna,E7,EB,1,1,LC_VegetationArtificialityCharacteristic,name,,,Natural Or Seminatural Vegetation,,,,,
L25,characteristic,E6,Sh,Grass savanna,E7,EB,1,1,LC_VegetationArtificialityCharacteristic,description,,,Describe the natural or seminatural vegetation,,,,,
L25,class,EE,St,Steppe,,,,,,class_name,,,Steppe,,,,,
L25,class,EE,St,Steppe,,,,,,class_description,,,Describe the land cover class,,,,,
L25,class,EE,St,Steppe,,,,,,class_map_code,,,St,,,,,
L25,class,EE,St,Steppe,,,,,,uuid,,,8e4a4bf3-9c60-11ec-ab6a-988d46a27cb4,,,,,
L25,hp,EE,St,Steppe,EF,,,,,name,,,Horizontal Pattern 1,,,,,
L25,hp,EE,St,Steppe,EF,,,,,description,,,Describe the horizontal pattern,,,,,
L25,stratum,EE,St,Steppe,EF,F0,,,,name,,,Stratum 1,,,,,
L25,stratum,EE,St,Steppe,EF,F0,,,,description,,,Vegetation 1,,,,,
L25,stratum,EE,St,Steppe,EF,F0,,,,presence_type,,,Mandatory,,,,,
L25,stratum,EE,St,Steppe,EF,F0,,,,@ontop,,,0,,,,,
L25,element,EE,St,Steppe,EF,F0,1,,LC_HerbaceousGrowthForm,lccs3_type,,,LC_HerbaceousGrowthForms,,,,,
L25,element,EE,St,Steppe,EF,F0,1,,LC_HerbaceousGrowthForm,name,,,Herbaceous growth forms,,,,,
L25,element,EE,St,Steppe,EF,F0,1,,LC_HerbaceousGrowthForm,description,,,Describe a vegetation element of herbaceous growth form type,,,,,
L25,element,EE,St,Steppe,EF,F0,1,,LC_HerbaceousGrowthForm,presence_type,,,Mandatory,,,,,
L25,element,EE,St,Steppe,EF,F0,1,,LC_HerbaceousGrowthForm,cover,20.0,50.0,,,,,,
L25,element,EE,St,Steppe,EF,F0,1,,LC_HerbaceousGrowthForm,height,10.0,80.0,,,,,,
L25,characteristic,EE,St,Steppe,EF,F0,1,1,LC_VegetationArtificialityCharacteristic,lccs3_type,,,LC_NaturalOrSeminaturalVegetation,,,,,value: Natural or Seminatural
L25,characteristic,EE,St,Steppe,EF,F0,1,1,LC_VegetationArtificialityCharacteristic,name,,,Natural Or Seminatural Vegetation,,,,,
L25,characteristic,EE,St,Steppe,EF,F0,1,1,LC_VegetationArtificialityCharacteristic,description,,,Describe the natural or seminatural vegetation,,,,,
L25,stratum,EE,St,Steppe,EF,F3,,,,name,,,Stratum 2,,,,,
L25,stratum,EE,St,Steppe,EF,F3,,,,description,,,Vegetation 2,,,,,
L25,stratum,EE,St,Steppe,EF,F3,,,,presence_type,,,Optional,,,,,
L25,stratum,EE,St,Steppe,EF,F3,,,,@ontop,,,0,,,,,
L25,element,EE,St,Steppe,EF,F3,1,,LC_WoodyGrowthForm,lccs3_type,,,LC_WoodyGrowthForms,,,,,
L25,element,EE,St,Steppe,EF,F3,1,,LC_WoodyGrowthForm,name,,,Woody Growth Forms,,,,,
L25,element,EE,St,Steppe,EF,F3,1,,LC_WoodyGrowthForm,description,,,Describe a vegetation element of woody type,,,,,
L25,element,EE,St,Steppe,EF,F3,1,,LC_WoodyGrowthForm,presence_type,,,Mandatory,,,,,
L25,element,EE,St,Steppe,EF,F3,1,,LC_WoodyGrowthForm,cover,2.0,15.0,,,,,,
L25,characteristic,EE,St,Steppe,EF,F3,1,1,LC_VegetationArtificialityCharacteristic,lccs3_type,,,LC_NaturalOrSeminaturalVegetation,,,,,value: Natural or Seminatural
L25,characteristic,EE,St,Steppe,EF,F3,1,1,LC_VegetationArtificialityCharacteristic,name,,,Natural Or Seminatural Vegetation,,,,,
L25,characteristic,EE,St,Steppe,EF,F3,1,1,LC_VegetationArtificialityCharacteristic,description,,,Describe the natural or seminatural vegetation,,,,,
L25,class,F6,Staa,Trees and shrub steppe,,,,,,class_name,,,Trees and shrub steppe,,,,,
L25,class,F6,Staa,Trees and shrub steppe,,,,,,class_description,,,Describe the land cover class,,,,,
L25,class,F6,Staa,Trees and shrub steppe,,,,,,class_map_code,,,Staa,,,,,
L25,class,F6,Staa,Trees and shrub steppe,,,,,,uuid,,,95a0a753-9c60-11ec-ab6a-988d46a27cb4,,,,,
L25,hp,F6,Staa,Trees and shrub steppe,F7,,,,,name,,,Horizontal Pattern 1,,,,,
L25,hp,F6,Staa,Trees and shrub steppe,F7,,,,,description,,,Describe the horizontal pattern,,,,,
L25,stratum,F6,Staa,Trees and shrub steppe,F7,F8,,,,name,,,Stratum 1,,,,,
L25,stratum,F6,Staa,Trees and shrub steppe,F7,F8,,,,description,,,Vegetation 1,,,,,
L25,stratum,F6,Staa,Trees and shrub steppe,F7,F8,,,,presence_type,,,Mandatory,,,,,
L25,stratum,F6,Staa,Trees and shrub steppe,F7,F8,,,,@ontop,,,0,,,,,
L25,element,F6,Staa,Trees and shrub steppe,F7,F8,1,,LC_HerbaceousGrowthForm,lccs3_type,,,LC_HerbaceousGrowthForms,,,,,
L25,element,F6,Staa,Trees and shrub steppe,F7,F8,1,,LC_HerbaceousGrowthForm,name,,,Herbaceous growth forms,,,,,
L25,element,F6,Staa,Trees and shrub steppe,F7,F8,1,,LC_HerbaceousGrowthForm,description,,,Describe a vegetation element of herbaceous growth form type,,,,,
L25,element,F6,Staa,Trees and shrub steppe,F7,F8,1,,LC_HerbaceousGrowthForm,presence_type,,,Mandatory,,,,,
L25,element,F6,Staa,Trees and shrub steppe,F7,F8,1,,LC_HerbaceousGrowthForm,cover,20.0,50.0,,,,,,
L25,element,F6,Staa,Trees and shrub steppe,F7,F8,1,,LC_HerbaceousGrowthForm,height,10.0,80.0,,,,,,
L25,characteristic,F6,Staa,Trees and shrub steppe,F7,F8,1,1,LC_VegetationArtificialityCharacteristic,lccs3_type,,,LC_NaturalOrSeminaturalVegetation,,,,,value: Natural or Seminatural
L25,characteristic,F6,Staa,Trees and shrub steppe,F7,F8,1,1,LC_VegetationArtificialityCharacteristic,name,,,Natural Or Seminatural Vegetation,,,,,
L25,characteristic,F6,Staa,Trees and shrub steppe,F7,F8,1,1,LC_VegetationArtificialityCharacteristic,description,,,Describe the natural or seminatural vegetation,,,,,
L25,stratum,F6,Staa,Trees and shrub steppe,F7,FB,,,,name,,,Stratum 2,,,,,
L25,stratum,F6,Staa,Trees and shrub steppe,F7,FB,,,,description,,,Vegetation 2,,,,,
L25,stratum,F6,Staa,Trees and shrub steppe,F7,FB,,,,presence_type,,,Mandatory,,,,,
L25,stratum,F6,Staa,Trees and shrub steppe,F7,FB,,,,@ontop,,,0,,,,,
L25,element,F6,Staa,Trees and shrub steppe,F7,FB,1,,LC_WoodyGrowthForm,lccs3_type,,,LC_WoodyGrowthForms,,,,,
L25,element,F6,Staa,Trees and shrub steppe,F7,FB,1,,LC_WoodyGrowthForm,name,,,Woody Growth Forms,,,,,
L25,element,F6,Staa,Trees and shrub steppe,F7,FB,1,,LC_WoodyGrowthForm,description,,,Describe a vegetation element of woody type,,,,,
L25,element,F6,Staa,Trees and shrub steppe,F7,FB,1,,LC_WoodyGrowthForm,presence_type,,,Mandatory,,,,,
L25,element,F6,Staa,Trees and shrub steppe,F7,FB,1,,LC_WoodyGrowthForm,cover,4.0,10.0,,,,,,
L25,element,F6,Staa,Trees and shrub steppe,F7,FB,1,,LC_WoodyGrowthForm,height,2.0,7.0,,,,,,
L25,characteristic,F6,Staa,Trees and shrub steppe,F7,FB,1,1,LC_VegetationArtificialityCharacteristic,lccs3_type,,,LC_NaturalOrSeminaturalVegetation,,,,,value: Natural or Seminatural
L25,characteristic,F6,Staa,Trees and shrub steppe,F7,FB,1,1,LC_VegetationArtificialityCharacteristic,name,,,Natural Or Seminatural Vegetation,,,,,
L25,characteristic,F6,Staa,Trees and shrub steppe,F7,FB,1,1,LC_VegetationArtificialityCharacteristic,description,,,Describe the natural or seminatural vegetation,,,,,
L25,class,FE,Stb,Dwarf shrub steppe,,,,,,class_name,,,Dwarf shrub steppe,,,,,
L25,class,FE,Stb,Dwarf shrub steppe,,,,,,class_description,,,Describe the land cover class,,,,,
L25,class,FE,Stb,Dwarf shrub steppe,,,,,,class_map_code,,,Stb,,,,,
L25,class,FE,Stb,Dwarf shrub steppe,,,,,,uuid,,,028b0e03-9de2-11ec-8ea3-988d46a27cb4,,,,,
L25,hp,FE,Stb,Dwarf shrub steppe,FF,,,,,name,,,Horizontal Pattern 1,,,,,
L25,hp,FE,Stb,Dwarf shrub steppe,FF,,,,,description,,,Describe the horizontal pattern,,,,,
L25,stratum,FE,Stb,Dwarf shrub steppe,FF,100,,,,name,,,Stratum 1,,,,,
L25,stratum,FE,Stb,Dwarf shrub steppe,FF,100,,,,description,,,Vegetation 1,,,,,
L25,stratum,FE,Stb,Dwarf shrub steppe,FF,100,,,,presence_type,,,Mandatory,,,,,
L25,stratum,FE,Stb,Dwarf shrub steppe,FF,100,,,,@ontop,,,0,,,,,
L25,element,FE,Stb,Dwarf shrub steppe,FF,100,1,,LC_HerbaceousGrowthForm,lccs3_type,,,LC_HerbaceousGrowthForms,,,,,
L25,element,FE,Stb,Dwarf shrub steppe,FF,100,1,,LC_HerbaceousGrowthForm,name,,,Herbaceous growth forms,,,,,
L25,element,FE,Stb,Dwarf shrub steppe,FF,100,1,,LC_HerbaceousGrowthForm,description,,,Describe a vegetation element of herbaceous growth form type,,,,,
L25,element,FE,Stb,Dwarf shrub steppe,FF,100,1,,LC_HerbaceousGrowthForm,presence_type,,,Mandatory,,,,,
L25,element,FE,Stb,Dwarf shrub steppe,FF,100,1,,LC_HerbaceousGrowthForm,cover,20.0,50.0,,,,,,
L25,element,FE,Stb,Dwarf shrub steppe,FF,100,1,,LC_HerbaceousGrowthForm,height,10.0,80.0,,,,,,
L25,characteristic,FE,Stb,Dwarf shrub steppe,FF,100,1,1,LC_VegetationArtificialityCharacteristic,lccs3_type,,,LC_NaturalOrSeminaturalVegetation,,,,,value: Natural or Seminatural
L25,characteristic,FE,Stb,Dwarf shrub steppe,FF,100,1,1,LC_VegetationArtificialityCharacteristic,name,,,Natural Or Seminatural Vegetation,,,,,
L25,characteristic,FE,Stb,Dwarf shrub steppe,FF,100,1,1,LC_VegetationArtificialityCharacteristic,description,,,Describe the natural or seminatural vegetation,,,,,
L25,stratum,FE,Stb,Dwarf shrub steppe,FF,103,,,,name,,,Stratum 2,,,,,
L25,stratum,FE,Stb,Dwarf shrub steppe,FF,103,,,,description,,,Vegetation 2,,,,,
L25,stratum,FE,Stb,Dwarf shrub steppe,FF,103,,,,presence_type,,,Mandatory,,,,,
L25,stratum,FE,Stb,Dwarf shrub steppe,FF,103,,,,@ontop,,,0,,,,,
L25,element,FE,Stb,Dwarf shrub steppe,FF,103,1,,LC_Shrub,lccs3_type,,,LC_Shrubs,,,,,
L25,element,FE,Stb,Dwarf shrub steppe,FF,103,1,,LC_Shrub,name,,,Shrubs,,,,,
L25,element,FE,Stb,Dwarf shrub steppe,FF,103,1,,LC_Shrub,description,,,Describe a vegetation element of shrubs type,,,,,
L25,element,FE,Stb,Dwarf shrub steppe,FF,103,1,,LC_Shrub,presence_type,,,Mandatory,,,,,
L25,element,FE,Stb,Dwarf shrub steppe,FF,103,1,,LC_Shrub,cover,4.0,10.0,,,,,,
L25,element,FE,Stb,Dwarf shrub steppe,FF,103,1,,LC_Shrub,height,0.02,1.0,,,,,,
L25,characteristic,FE,Stb,Dwarf shrub steppe,FF,103,1,1,LC_VegetationArtificialityCharacteristic,lccs3_type,,,LC_NaturalOrSeminaturalVegetation,,,,,value: Natural or Seminatural
L25,characteristic,FE,Stb,Dwarf shrub steppe,FF,103,1,1,LC_VegetationArtificialityCharacteristic,name,,,Natural Or Seminatural Vegetation,,,,,
L25,characteristic,FE,Stb,Dwarf shrub steppe,FF,103,1,1,LC_VegetationArtificialityCharacteristic,description,,,Describe the natural or seminatural vegetation,,,,,
L25,class,106,Sth,Herbaceous steppe,,,,,,class_name,,,Herbaceous steppe,,,,,
L25,class,106,Sth,Herbaceous steppe,,,,,,class_description,,,Describe the land cover class,,,,,
L25,class,106,Sth,Herbaceous steppe,,,,,,class_map_code,,,Sth,,,,,
L25,class,106,Sth,Herbaceous steppe,,,,,,uuid,,,028d09d3-9de2-11ec-8ea3-988d46a27cb4,,,,,
L25,hp,106,Sth,Herbaceous steppe,107,,,,,name,,,Horizontal Pattern 1,,,,,
L25,hp,106,Sth,Herbaceous steppe,107,,,,,description,,,Describe the horizontal pattern,,,,,
L25,stratum,106,Sth,Herbaceous steppe,107,108,,,,name,,,Stratum 1,,,,,
L25,stratum,106,Sth,Herbaceous steppe,107,108,,,,description,,,Vegetation 1,,,,,
L25,stratum,106,Sth,Herbaceous steppe,107,108,,,,presence_type,,,Mandatory,,,,,
L25,stratum,106,Sth,Herbaceous steppe,107,108,,,,@ontop,,,0,,,,,
L25,element,106,Sth,Herbaceous steppe,107,108,1,,LC_HerbaceousGrowthForm,lccs3_type,,,LC_HerbaceousGrowthForms,,,,,
L25,element,106,Sth,Herbaceous steppe,107,108,1,,LC_HerbaceousGrowthForm,name,,,Herbaceous growth forms,,,,,
L25,element,106,Sth,Herbaceous steppe,107,108,1,,LC_HerbaceousGrowthForm,description,,,Describe a vegetation element of herbaceous growth form type,,,,,
L25,element,106,Sth,Herbaceous steppe,107,108,1,,LC_HerbaceousGrowthForm,presence_type,,,Mandatory,,,,,
L25,element,106,Sth,Herbaceous steppe,107,108,1,,LC_HerbaceousGrowthForm,cover,20.0,50.0,,,,,,
L25,element,106,Sth,Herbaceous steppe,107,108,1,,LC_HerbaceousGrowthForm,height,10.0,80.0,,,,,,
L25,characteristic,106,Sth,Herbaceous steppe,107,108,1,1,LC_VegetationArtificialityCharacteristic,lccs3_type,,,LC_NaturalOrSeminaturalVegetation,,,,,value: Natural or Seminatural
L25,characteristic,106,Sth,Herbaceous steppe,107,108,1,1,LC_VegetationArtificialityCharacteristic,name,,,Natural Or Seminatural Vegetation,,,,,
L25,characteristic,106,Sth,Herbaceous steppe,107,108,1,1,LC_VegetationArtificialityCharacteristic,description,,,Describe the natural or seminatural vegetation,,,,,
L25,class,10B,Sb,Woody dominated area,,,,,,class_name,,,Woody dominated area,,,,,
L25,class,10B,Sb,Woody dominated area,,,,,,class_description,,,Describe the land cover class,,,,,
L25,class,10B,Sb,Woody dominated area,,,,,,class_map_code,,,Sb,,,,,
L25,class,10B,Sb,Woody dominated area,,,,,,uuid,,,a5116383-9de3-11ec-8ea3-988d46a27cb4,,,,,
L25,hp,10B,Sb,Woody dominated area,10C,,,,,name,,,Horizontal Pattern 1,,,,,
L25,hp,10B,Sb,Woody dominated area,10C,,,,,description,,,Describe the horizontal pattern,,,,,
L25,stratum,10B,Sb,Woody dominated area,10C,10D,,,,name,,,Stratum 1,,,,,
L25,stratum,10B,Sb,Woody dominated area,10C,10D,,,,description,,,Vegetation 1,,,,,
L25,stratum,10B,Sb,Woody dominated area,10C,10D,,,,presence_type,,,Mandatory,,,,,
L25,stratum,10B,Sb,Woody dominated area,10C,10D,,,,@ontop,,,0,,,,,
L25,element,10B,Sb,Woody dominated area,10C,10D,1,,LC_WoodyGrowthForm,lccs3_type,,,LC_WoodyGrowthForms,,,,,
L25,element,10B,Sb,Woody dominated area,10C,10D,1,,LC_WoodyGrowthForm,name,,,Woody Growth Forms,,,,,
L25,element,10B,Sb,Woody dominated area,10C,10D,1,,LC_WoodyGrowthForm,description,,,Describe a vegetation element of woody type,,,,,
L25,element,10B,Sb,Woody dominated area,10C,10D,1,,LC_WoodyGrowthForm,presence_type,,,Mandatory,,,,,
L25,element,10B,Sb,Woody dominated area,10C,10D,1,,LC_WoodyGrowthForm,cover,20.0,100.0,,,,,,
L25,characteristic,10B,Sb,Woody dominated area,10C,10D,1,1,LC_VegetationArtificialityCharacteristic,lccs3_type,,,LC_NaturalOrSeminaturalVegetation,,,,,value: Natural or Seminatural
L25,characteristic,10B,Sb,Woody dominated area,10C,10D,1,1,LC_VegetationArtificialityCharacteristic,name,,,Natural Or Seminatural Vegetation,,,,,
L25,characteristic,10B,Sb,Woody dominated area,10C,10D,1,1,LC_VegetationArtificialityCharacteristic,description,,,Describe the natural or seminatural vegetation,,,,,
L25,stratum,10B,Sb,Woody dominated area,10C,110,,,,name,,,Stratum 2,,,,,
L25,stratum,10B,Sb,Woody dominated area,10C,110,,,,description,,,Abiotic surface 2,,,,,
L25,stratum,10B,Sb,Woody dominated area,10C,110,,,,presence_type,,,Mandatory,,,,,
L25,stratum,10B,Sb,Woody dominated area,10C,110,,,,@ontop,,,0,,,,,
L25,element,10B,Sb,Woody dominated area,10C,110,1,,LC_WaterBody,lccs3_type,,,LC_WaterBody,,,,,
L25,element,10B,Sb,Woody dominated area,10C,110,1,,LC_WaterBody,name,,,Water Body,,,,,
L25,element,10B,Sb,Woody dominated area,10C,110,1,,LC_WaterBody,description,,,Describe a water body surface element,,,,,
L25,element,10B,Sb,Woody dominated area,10C,110,1,,LC_WaterBody,presence_type,,,Mandatory,,,,,
L25,class,112,Ml,Woody mangroves,,,,,,class_name,,,Woody mangroves,,,,,
L25,class,112,Ml,Woody mangroves,,,,,,class_description,,,Describe the land cover class,,,,,
L25,class,112,Ml,Woody mangroves,,,,,,class_map_code,,,Ml,,,,,
L25,class,112,Ml,Woody mangroves,,,,,,uuid,,,a5133843-9de3-11ec-8ea3-988d46a27cb4,,,,,
L25,hp,112,Ml,Woody mangroves,113,,,,,name,,,Horizontal Pattern 1,,,,,
L25,hp,112,Ml,Woody mangroves,113,,,,,description,,,Describe the horizontal pattern,,,,,
L25,stratum,112,Ml,Woody mangroves,113,114,,,,name,,,Stratum 1,,,,,
L25,stratum,112,Ml,Woody mangroves,113,114,,,,description,,,Vegetation 1,,,,,
L25,stratum,112,Ml,Woody mangroves,113,114,,,,presence_type,,,Mandatory,,,,,
L25,stratum,112,Ml,Woody mangroves,113,114,,,,@ontop,,,0,,,,,
L25,element,112,Ml,Woody mangroves,113,114,1,,LC_WoodyGrowthForm,lccs3_type,,,LC_WoodyGrowthForms,,,,,
L25,element,112,Ml,Woody mangroves,113,114,1,,LC_WoodyGrowthForm,name,,,Woody Growth Forms,,,,,
L25,element,112,Ml,Woody mangroves,113,114,1,,LC_WoodyGrowthForm,description,,,Describe a vegetation element of woody type,,,,,
L25,element,112,Ml,Woody mangroves,113,114,1,,LC_WoodyGrowthForm,presence_type,,,Mandatory,,,,,
L25,element,112,Ml,Woody mangroves,113,114,1,,LC_WoodyGrowthForm,cover,20.0,100.0,,,,,,
L25,characteristic,112,Ml,Woody mangroves,113,114,1,1,LC_VegetationArtificialityCharacteristic,lccs3_type,,,LC_NaturalOrSeminaturalVegetation,,,,,value: Natural or Seminatural
L25,characteristic,112,Ml,Woody mangroves,113,114,1,1,LC_VegetationArtificialityCharacteristic,name,,,Natural Or Seminatural Vegetation,,,,,
L25,characteristic,112,Ml,Woody mangroves,113,114,1,1,LC_VegetationArtificialityCharacteristic,description,,,Describe the natural or seminatural vegetation,,,,,
L25,stratum,112,Ml,Woody mangroves,113,117,,,,name,,,Stratum 2,,,,,
L25,stratum,112,Ml,Woody mangroves,113,117,,,,description,,,Abiotic surface 2,,,,,
L25,stratum,112,Ml,Woody mangroves,113,117,,,,presence_type,,,Mandatory,,,,,
L25,stratum,112,Ml,Woody mangroves,113,117,,,,@ontop,,,0,,,,,
L25,element,112,Ml,Woody mangroves,113,117,1,,LC_WaterBody,lccs3_type,,,LC_WaterBody,,,,,
L25,element,112,Ml,Woody mangroves,113,117,1,,LC_WaterBody,name,,,Water Body,,,,,
L25,element,112,Ml,Woody mangroves,113,117,1,,LC_WaterBody,description,,,Describe a water body surface element,,,,,
L25,element,112,Ml,Woody mangroves,113,117,1,,LC_WaterBody,presence_type,,,Mandatory,,,,,
L25,element,112,Ml,Woody mangroves,113,117,1,,LC_WaterBody,periodic_variation[LC_PeriodicVariations]/name,,,Periodic Variations,,,,,
L25,element,112,Ml,Woody mangroves,113,117,1,,LC_WaterBody,periodic_variation[LC_PeriodicVariations]/description,,,Contains the elements of Periodic Variation,,,,,
L25,element,112,Ml,Woody mangroves,113,117,1,,LC_WaterBody,periodic_variation[LC_PeriodicVariations]/elements/LC_PeriodicVariation[LC_PeriodicVariation]/name,,,Periodic Variation,,,,,
L25,element,112,Ml,Woody mangroves,113,117,1,,LC_WaterBody,periodic_variation[LC_PeriodicVariations]/elements/LC_PeriodicVariation[LC_PeriodicVariation]/description,,,Describe a periodic variation element,,,,,
L25,element,112,Ml,Woody mangroves,113,117,1,,LC_WaterBody,periodic_variation[LC_PeriodicVariations]/elements/LC_PeriodicVariation[LC_PeriodicVariation]/period_type,,,Tidal,,,,,
L25,element,112,Ml,Woody mangroves,113,117,1,,LC_WaterBody,periodic_variation[LC_PeriodicVariations]/elements/LC_PeriodicVariation[LC_PeriodicVariation]/persistence_units,,,Hours,,,,,
L25,element,112,Ml,Woody mangroves,113,117,1,,LC_WaterBody,periodic_variation[LC_PeriodicVariations]/elements/LC_PeriodicVariation[LC_PeriodicVariation]/persistence_period,5.0,7.0,,,,,,
L25,characteristic,112,Ml,Woody mangroves,113,117,1,1,LC_ArtificialityCharacteristic,lccs3_type,,,LC_Artificiality,,,,,
L25,characteristic,112,Ml,Woody mangroves,113,117,1,1,LC_ArtificialityCharacteristic,name,,,Artificiality,,,,,
L25,characteristic,112,Ml,Woody mangroves,113,117,1,1,LC_ArtificialityCharacteristic,description,,,Describe the artificiality characteristic,,,,,
L25,characteristic,112,Ml,Woody mangroves,113,117,1,1,LC_ArtificialityCharacteristic,type,,,Natural,,,,,
L25,characteristic,112,Ml,Woody mangroves,113,117,1,2,LC_WaterSalinityCharacteristic,lccs3_type,,,LC_WaterSalinity,,,,,
L25,characteristic,112,Ml,Woody mangroves,113,117,1,2,LC_WaterSalinityCharacteristic,name,,,Water Salinity,,,,,
L25,characteristic,112,Ml,Woody mangroves,113,117,1,2,LC_WaterSalinityCharacteristic,description,,,Describe the water salinity characteristic,,,,,
L25,characteristic,112,Ml,Woody mangroves,113,117,1,2,LC_WaterSalinityCharacteristic,type,,,Brackish,,,,,
L25,class,11B,Ma,Tree mangroves,,,,,,class_name,,,Tree mangroves,,,,,
L25,class,11B,Ma,Tree mangroves,,,,,,class_description,,,Describe the land cover class,,,,,
L25,class,11B,Ma,Tree mangroves,,,,,,class_map_code,,,Ma,,,,,
L25,class,11B,Ma,Tree mangroves,,,,,,uuid,,,a51497d4-9de3-11ec-8ea3-988d46a27cb4,,,,,
L25,hp,11B,Ma,Tree mangroves,11C,,,,,name,,,Horizontal Pattern 1,,,,,
L25,hp,11B,Ma,Tree mangroves,11C,,,,,description,,,Describe the horizontal pattern,,,,,
L25,stratum,11B,Ma,Tree mangroves,11C,11D,,,,name,,,Stratum 1,,,,,
L25,stratum,11B,Ma,Tree mangroves,11C,11D,,,,description,,,Vegetation 1,,,,,
L25,stratum,11B,Ma,Tree mangroves,11C,11D,,,,presence_type,,,Mandatory,,,,,
L25,stratum,11B,Ma,Tree mangroves,11C,11D,,,,@ontop,,,0,,,,,
L25,element,11B,Ma,Tree mangroves,11C,11D,1,,LC_Tree,lccs3_type,,,LC_Trees,,,,,
L25,element,11B,Ma,Tree mangroves,11C,11D,1,,LC_Tree,name,,,Trees,,,,,
L25,element,11B,Ma,Tree mangroves,11C,11D,1,,LC_Tree,description,,,Describe a vegetation element of trees type,,,,,
L25,element,11B,Ma,Tree mangroves,11C,11D,1,,LC_Tree,presence_type,,,Mandatory,,,,,
L25,element,11B,Ma,Tree mangroves,11C,11D,1,,LC_Tree,cover,20.0,100.0,,,,,,
L25,characteristic,11B,Ma,Tree mangroves,11C,11D,1,1,LC_VegetationArtificialityCharacteristic,lccs3_type,,,LC_NaturalOrSeminaturalVegetation,,,,,value: Natural or Seminatural
L25,characteristic,11B,Ma,Tree mangroves,11C,11D,1,1,LC_VegetationArtificialityCharacteristic,name,,,Natural Or Seminatural Vegetation,,,,,
L25,characteristic,11B,Ma,Tree mangroves,11C,11D,1,1,LC_VegetationArtificialityCharacteristic,description,,,Describe the natural or seminatural vegetation,,,,,
L25,stratum,11B,Ma,Tree mangroves,11C,120,,,,name,,,Stratum 2,,,,,
L25,stratum,11B,Ma,Tree mangroves,11C,120,,,,description,,,Abiotic surface 2,,,,,
L25,stratum,11B,Ma,Tree mangroves,11C,120,,,,presence_type,,,Mandatory,,,,,
L25,stratum,11B,Ma,Tree mangroves,11C,120,,,,@ontop,,,0,,,,,
L25,element,11B,Ma,Tree mangroves,11C,120,1,,LC_WaterBody,lccs3_type,,,LC_WaterBody,,,,,
L25,element,11B,Ma,Tree mangroves,11C,120,1,,LC_WaterBody,name,,,Water Body,,,,,
L25,element,11B,Ma,Tree mangroves,11C,120,1,,LC_WaterBody,description,,,Describe a water body surface element,,,,,
L25,element,11B,Ma,Tree mangroves,11C,120,1,,LC_WaterBody,presence_type,,,Mandatory,,,,,
L25,element,11B,Ma,Tree mangroves,11C,120,1,,LC_WaterBody,periodic_variation[LC_PeriodicVariations]/name,,,Periodic Variations,,,,,
L25,element,11B,Ma,Tree mangroves,11C,120,1,,LC_WaterBody,periodic_variation[LC_PeriodicVariations]/description,,,Contains the elements of Periodic Variation,,,,,
L25,element,11B,Ma,Tree mangroves,11C,120,1,,LC_WaterBody,periodic_variation[LC_PeriodicVariations]/elements/LC_PeriodicVariation[LC_PeriodicVariation]/name,,,Periodic Variation,,,,,
L25,element,11B,Ma,Tree mangroves,11C,120,1,,LC_WaterBody,periodic_variation[LC_PeriodicVariations]/elements/LC_PeriodicVariation[LC_PeriodicVariation]/description,,,Describe a periodic variation element,,,,,
L25,element,11B,Ma,Tree mangroves,11C,120,1,,LC_WaterBody,periodic_variation[LC_PeriodicVariations]/elements/LC_PeriodicVariation[LC_PeriodicVariation]/period_type,,,Tidal,,,,,
L25,element,11B,Ma,Tree mangroves,11C,120,1,,LC_WaterBody,periodic_variation[LC_PeriodicVariations]/elements/LC_PeriodicVariation[LC_PeriodicVariation]/persistence_units,,,Hours,,,,,
L25,element,11B,Ma,Tree mangroves,11C,120,1,,LC_WaterBody,periodic_variation[LC_PeriodicVariations]/elements/LC_PeriodicVariation[LC_PeriodicVariation]/persistence_period,5.0,7.0,,,,,,
L25,characteristic,11B,Ma,Tree mangroves,11C,120,1,1,LC_ArtificialityCharacteristic,lccs3_type,,,LC_Artificiality,,,,,
L25,characteristic,11B,Ma,Tree mangroves,11C,120,1,1,LC_ArtificialityCharacteristic,name,,,Artificiality,,,,,
L25,characteristic,11B,Ma,Tree mangroves,11C,120,1,1,LC_ArtificialityCharacteristic,description,,,Describe the artificiality characteristic,,,,,
L25,characteristic,11B,Ma,Tree mangroves,11C,120,1,1,LC_ArtificialityCharacteristic,type,,,Natural,,,,,
L25,characteristic,11B,Ma,Tree mangroves,11C,120,1,2,LC_WaterSalinityCharacteristic,lccs3_type,,,LC_WaterSalinity,,,,,
L25,characteristic,11B,Ma,Tree mangroves,11C,120,1,2,LC_WaterSalinityCharacteristic,name,,,Water Salinity,,,,,
L25,characteristic,11B,Ma,Tree mangroves,11C,120,1,2,LC_WaterSalinityCharacteristic,description,,,Describe the water salinity characteristic,,,,,
L25,characteristic,11B,Ma,Tree mangroves,11C,120,1,2,LC_WaterSalinityCharacteristic,type,,,Brackish,,,,,
L25,class,124,Mar,Shrub mangroves,,,,,,class_name,,,Shrub mangroves,,,,,
L25,class,124,Mar,Shrub mangroves,,,,,,class_description,,,Describe the land cover class,,,,,
L25,class,124,Mar,Shrub mangroves,,,,,,class_map_code,,,Mar,,,,,
L25,class,124,Mar,Shrub mangroves,,,,,,uuid,,,a515d053-9de3-11ec-8ea3-988d46a27cb4,,,,,
L25,hp,124,Mar,Shrub mangroves,125,,,,,name,,,Horizontal Pattern 1,,,,,
L25,hp,124,Mar,Shrub mangroves,125,,,,,description,,,Describe the horizontal pattern,,,,,
L25,stratum,124,Mar,Shrub mangroves,125,126,,,,name,,,Stratum 1,,,,,
L25,stratum,124,Mar,Shrub mangroves,125,126,,,,description,,,Vegetation 1,,,,,
L25,stratum,124,Mar,Shrub mangroves,125,126,,,,presence_type,,,Mandatory,,,,,
L25,stratum,124,Mar,Shrub mangroves,125,126,,,,@ontop,,,0,,,,,
L25,element,124,Mar,Shrub mangroves,125,126,1,,LC_Shrub,lccs3_type,,,LC_Shrubs,,,,,
L25,element,124,Mar,Shrub mangroves,125,126,1,,LC_Shrub,name,,,Shrubs,,,,,
L25,element,124,Mar,Shrub mangroves,125,126,1,,LC_Shrub,description,,,Describe a vegetation element of shrubs type,,,,,
L25,element,124,Mar,Shrub mangroves,125,126,1,,LC_Shrub,presence_type,,,Mandatory,,,,,
L25,element,124,Mar,Shrub mangroves,125,126,1,,LC_Shrub,cover,20.0,100.0,,,,,,
L25,characteristic,124,Mar,Shrub mangroves,125,126,1,1,LC_VegetationArtificialityCharacteristic,lccs3_type,,,LC_NaturalOrSeminaturalVegetation,,,,,value: Natural or Seminatural
L25,characteristic,124,Mar,Shrub mangroves,125,126,1,1,LC_VegetationArtificialityCharacteristic,name,,,Natural Or Seminatural Vegetation,,,,,
L25,characteristic,124,Mar,Shrub mangroves,125,126,1,1,LC_VegetationArtificialityCharacteristic,description,,,Describe the natural or seminatural vegetation,,,,,
L25,stratum,124,Mar,Shrub mangroves,125,129,,,,name,,,Stratum 2,,,,,
L25,stratum,124,Mar,Shrub mangroves,125,129,,,,description,,,Abiotic surface 2,,,,,
L25,stratum,124,Mar,Shrub mangroves,125,129,,,,presence_type,,,Mandatory,,,,,
L25,stratum,124,Mar,Shrub mangroves,125,129,,,,@ontop,,,0,,,,,
L25,element,124,Mar,Shrub mangroves,125,129,1,,LC_WaterBody,lccs3_type,,,LC_WaterBody,,,,,
L25,element,124,Mar,Shrub mangroves,125,129,1,,LC_WaterBody,name,,,Water Body,,,,,
L25,element,124,Mar,Shrub mangroves,125,129,1,,LC_WaterBody,description,,,Describe a water body surface element,,,,,
L25,element,124,Mar,Shrub mangroves,125,129,1,,LC_WaterBody,presence_type,,,Mandatory,,,,,
L25,element,124,Mar,Shrub mangroves,125,129,1,,LC_WaterBody,periodic_variation[LC_PeriodicVariations]/name,,,Periodic Variations,,,,,
L25,element,124,Mar,Shrub mangroves,125,129,1,,LC_WaterBody,periodic_variation[LC_PeriodicVariations]/description,,,Contains the elements of Periodic Variation,,,,,
L25,element,124,Mar,Shrub mangroves,125,129,1,,LC_WaterBody,periodic_variation[LC_PeriodicVariations]/elements/LC_PeriodicVariation[LC_PeriodicVariation]/name,,,Periodic Variation,,,,,
L25,element,124,Mar,Shrub mangroves,125,129,1,,LC_WaterBody,periodic_variation[LC_PeriodicVariations]/elements/LC_PeriodicVariation[LC_PeriodicVariation]/description,,,Describe a periodic variation element,,,,,
L25,element,124,Mar,Shrub mangroves,125,129,1,,LC_WaterBody,periodic_variation[LC_PeriodicVariations]/elements/LC_PeriodicVariation[LC_PeriodicVariation]/period_type,,,Tidal,,,,,
L25,element,124,Mar,Shrub mangroves,125,129,1,,LC_WaterBody,periodic_variation[LC_PeriodicVariations]/elements/LC_PeriodicVariation[LC_PeriodicVariation]/persistence_units,,,Hours,,,,,
L25,element,124,Mar,Shrub mangroves,125,129,1,,LC_WaterBody,periodic_variation[LC_PeriodicVariations]/elements/LC_PeriodicVariation[LC_PeriodicVariation]/persistence_period,5.0,7.0,,,,,,
L25,characteristic,124,Mar,Shrub mangroves,125,129,1,1,LC_ArtificialityCharacteristic,lccs3_type,,,LC_Artificiality,,,,,
L25,characteristic,124,Mar,Shrub mangroves,125,129,1,1,LC_ArtificialityCharacteristic,name,,,Artificiality,,,,,
L25,characteristic,124,Mar,Shrub mangroves,125,129,1,1,LC_ArtificialityCharacteristic,description,,,Describe the artificiality characteristic,,,,,
L25,characteristic,124,Mar,Shrub mangroves,125,129,1,1,LC_ArtificialityCharacteristic,type,,,Natural,,,,,
L25,characteristic,124,Mar,Shrub mangroves,125,129,1,2,LC_WaterSalinityCharacteristic,lccs3_type,,,LC_WaterSalinity,,,,,
L25,characteristic,124,Mar,Shrub mangroves,125,129,1,2,LC_WaterSalinityCharacteristic,name,,,Water Salinity,,,,,
L25,characteristic,124,Mar,Shrub mangroves,125,129,1,2,LC_WaterSalinityCharacteristic,description,,,Describe the water salinity characteristic,,,,,
L25,characteristic,124,Mar,Shrub mangroves,125,129,1,2,LC_WaterSalinityCharacteristic,type,,,Brackish,,,,,
L25,class,12D,Bi,Flooded woody,,,,,,class_name,,,Flooded woody,,,,,
L25,class,12D,Bi,Flooded woody,,,,,,class_description,,,Describe the land cover class,,,,,
L25,class,12D,Bi,Flooded woody,,,,,,class_map_code,,,Bi,,,,,
L25,class,12D,Bi,Flooded woody,,,,,,uuid,,,a51756f3-9de3-11ec-8ea3-988d46a27cb4,,,,,
L25,hp,12D,Bi,Flooded woody,12E,,,,,name,,,Horizontal Pattern 1,,,,,
L25,hp,12D,Bi,Flooded woody,12E,,,,,description,,,Describe the horizontal pattern,,,,,
L25,stratum,12D,Bi,Flooded woody,12E,12F,,,,name,,,Stratum 1,,,,,
L25,stratum,12D,Bi,Flooded woody,12E,12F,,,,description,,,Vegetation 1,,,,,
L25,stratum,12D,Bi,Flooded woody,12E,12F,,,,presence_type,,,Mandatory,,,,,
L25,stratum,12D,Bi,Flooded woody,12E,12F,,,,@ontop,,,0,,,,,
L25,element,12D,Bi,Flooded woody,12E,12F,1,,LC_WoodyGrowthForm,lccs3_type,,,LC_WoodyGrowthForms,,,,,
L25,element,12D,Bi,Flooded woody,12E,12F,1,,LC_WoodyGrowthForm,name,,,Woody Growth Forms,,,,,
L25,element,12D,Bi,Flooded woody,12E,12F,1,,LC_WoodyGrowthForm,description,,,Describe a vegetation element of woody type,,,,,
L25,element,12D,Bi,Flooded woody,12E,12F,1,,LC_WoodyGrowthForm,presence_type,,,Mandatory,,,,,
L25,element,12D,Bi,Flooded woody,12E,12F,1,,LC_WoodyGrowthForm,cover,20.0,100.0,,,,,,
L25,characteristic,12D,Bi,Flooded woody,12E,12F,1,1,LC_VegetationArtificialityCharacteristic,lccs3_type,,,LC_NaturalOrSeminaturalVegetation,,,,,value: Natural or Seminatural
L25,characteristic,12D,Bi,Flooded woody,12E,12F,1,1,LC_VegetationArtificialityCharacteristic,name,,,Natural Or Seminatural Vegetation,,,,,
L25,characteristic,12D,Bi,Flooded woody,12E,12F,1,1,LC_VegetationArtificialityCharacteristic,description,,,Describe the natural or seminatural vegetation,,,,,
L25,stratum,12D,Bi,Flooded woody,12E,132,,,,name,,,Stratum 2,,,,,
L25,stratum,12D,Bi,Flooded woody,12E,132,,,,description,,,Abiotic surface 2,,,,,
L25,stratum,12D,Bi,Flooded woody,12E,132,,,,presence_type,,,Mandatory,,,,,
L25,stratum,12D,Bi,Flooded woody,12E,132,,,,@ontop,,,0,,,,,
L25,element,12D,Bi,Flooded woody,12E,132,1,,LC_WaterBody,lccs3_type,,,LC_WaterBody,,,,,
L25,element,12D,Bi,Flooded woody,12E,132,1,,LC_WaterBody,name,,,Water Body,,,,,
L25,element,12D,Bi,Flooded woody,12E,132,1,,LC_WaterBody,description,,,Describe a water body surface element,,,,,
L25,element,12D,Bi,Flooded woody,12E,132,1,,LC_WaterBody,presence_type,,,Mandatory,,,,,
L25,characteristic,12D,Bi,Flooded woody,12E,132,1,1,LC_ArtificialityCharacteristic,lccs3_type,,,LC_Artificiality,,,,,
L25,characteristic,12D,Bi,Flooded woody,12E,132,1,1,LC_ArtificialityCharacteristic,name,,,Artificiality,,,,,
L25,characteristic,12D,Bi,Flooded woody,12E,132,1,1,LC_ArtificialityCharacteristic,description,,,Describe the artificiality characteristic,,,,,
L25,characteristic,12D,Bi,Flooded woody,12E,132,1,1,LC_ArtificialityCharacteristic,type,,,Natural,,,,,
L25,characteristic,12D,Bi,Flooded woody,12E,132,1,2,LC_WaterSalinityCharacteristic,lccs3_type,,,LC_WaterSalinity,,,,,
L25,characteristic,12D,Bi,Flooded woody,12E,132,1,2,LC_WaterSalinityCharacteristic,name,,,Water Salinity,,,,,
L25,characteristic,12D,Bi,Flooded woody,12E,132,1,2,LC_WaterSalinityCharacteristic,description,,,Describe the water salinity characteristic,,,,,
L25,characteristic,12D,Bi,Flooded woody,12E,132,1,2,LC_WaterSalinityCharacteristic,type,,,Fresh,,,,,
L25,class,136,Bip,Permanently flooded woody,,,,,,class_name,,,Permanently flooded woody,,,,,
L25,class,136,Bip,Permanently flooded woody,,,,,,class_description,,,Describe the land cover class,,,,,
L25,class,136,Bip,Permanently flooded woody,,,,,,class_map_code,,,Bip,,,,,
L25,class,136,Bip,Permanently flooded woody,,,,,,uuid,,,a5184154-9de3-11ec-8ea3-988d46a27cb4,,,,,
L25,hp,136,Bip,Permanently flooded woody,137,,,,,name,,,Horizontal Pattern 1,,,,,
L25,hp,136,Bip,Permanently flooded woody,137,,,,,description,,,Describe the horizontal pattern,,,,,
L25,stratum,136,Bip,Permanently flooded woody,137,138,,,,name,,,Stratum 1,,,,,
L25,stratum,136,Bip,Permanently flooded woody,137,138,,,,description,,,Vegetation 1,,,,,
L25,stratum,136,Bip,Permanently flooded woody,137,138,,,,presence_type,,,Mandatory,,,,,
L25,stratum,136,Bip,Permanently flooded woody,137,138,,,,@ontop,,,0,,,,,
L25,element,136,Bip,Permanently flooded woody,137,138,1,,LC_WoodyGrowthForm,lccs3_type,,,LC_WoodyGrowthForms,,,,,
L25,element,136,Bip,Permanently flooded woody,137,138,1,,LC_WoodyGrowthForm,name,,,Woody Growth Forms,,,,,
L25,element,136,Bip,Permanently flooded woody,137,138,1,,LC_WoodyGrowthForm,description,,,Describe a vegetation element of woody type,,,,,
L25,element,136,Bip,Permanently flooded woody,137,138,1,,LC_WoodyGrowthForm,presence_type,,,Mandatory,,,,,
L25,element,136,Bip,Permanently flooded woody,137,138,1,,LC_WoodyGrowthForm,cover,20.0,100.0,,,,,,
L25,characteristic,136,Bip,Permanently flooded woody,137,138,1,1,LC_VegetationArtificialityCharacteristic,lccs3_type,,,LC_NaturalOrSeminaturalVegetation,,,,,value: Natural or Seminatural
L25,characteristic,136,Bip,Permanently flooded woody,137,138,1,1,LC_VegetationArtificialityCharacteristic,name,,,Natural Or Seminatural Vegetation,,,,,
L25,characteristic,136,Bip,Permanently flooded woody,137,138,1,1,LC_VegetationArtificialityCharacteristic,description,,,Describe the natural or seminatural vegetation,,,,,
L25,stratum,136,Bip,Permanently flooded woody,137,13B,,,,name,,,Stratum 2,,,,,
L25,stratum,136,Bip,Permanently flooded woody,137,13B,,,,description,,,Abiotic surface 2,,,,,
L25,stratum,136,Bip,Permanently flooded woody,137,13B,,,,presence_type,,,Mandatory,,,,,
L25,stratum,136,Bip,Permanently flooded woody,137,13B,,,,@ontop,,,0,,,,,
L25,element,136,Bip,Permanently flooded woody,137,13B,1,,LC_WaterBody,lccs3_type,,,LC_WaterBody,,,,,
L25,element,136,Bip,Permanently flooded woody,137,13B,1,,LC_WaterBody,name,,,Water Body,,,,,
L25,element,136,Bip,Permanently flooded woody,137,13B,1,,LC_WaterBody,description,,,Describe a water body surface element,,,,,
L25,element,136,Bip,Permanently flooded woody,137,13B,1,,LC_WaterBody,presence_type,,,Mandatory,,,,,
L25,element,136,Bip,Permanently flooded woody,137,13B,1,,LC_WaterBody,periodic_variation[LC_PeriodicVariations]/name,,,Periodic Variations,,,,,
L25,element,136,Bip,Permanently flooded woody,137,13B,1,,LC_WaterBody,periodic_variation[LC_PeriodicVariations]/description,,,Contains the elements of Periodic Variation,,,,,
L25,element,136,Bip,Permanently flooded woody,137,13B,1,,LC_WaterBody,periodic_variation[LC_PeriodicVariations]/elements/LC_PeriodicVariation[LC_PeriodicVariation]/name,,,Periodic Variation,,,,,
L25,element,136,Bip,Permanently flooded woody,137,13B,1,,LC_WaterBody,periodic_variation[LC_PeriodicVariations]/elements/LC_PeriodicVariation[LC_PeriodicVariation]/description,,,Describe a periodic variation element,,,,,
L25,element,136,Bip,Permanently flooded woody,137,13B,1,,LC_WaterBody,periodic_variation[LC_PeriodicVariations]/elements/LC_PeriodicVariation[LC_PeriodicVariation]/persistence_units,,,Months,,,,,
L25,characteristic,136,Bip,Permanently flooded woody,137,13B,1,1,LC_WaterSalinityCharacteristic,lccs3_type,,,LC_WaterSalinity,,,,,
L25,characteristic,136,Bip,Permanently flooded woody,137,13B,1,1,LC_WaterSalinityCharacteristic,name,,,Water Salinity,,,,,
L25,characteristic,136,Bip,Permanently flooded woody,137,13B,1,1,LC_WaterSalinityCharacteristic,description,,,Describe the water salinity characteristic,,,,,
L25,characteristic,136,Bip,Permanently flooded woody,137,13B,1,1,LC_WaterSalinityCharacteristic,type,,,Fresh,,,,,
L25,class,13E,Aip,Permanently flooded trees,,,,,,class_name,,,Permanently flooded trees,,,,,
L25,class,13E,Aip,Permanently flooded trees,,,,,,class_description,,,Describe the land cover class,,,,,
L25,class,13E,Aip,Permanently flooded trees,,,,,,class_map_code,,,Aip,,,,,
L25,class,13E,Aip,Permanently flooded trees,,,,,,uuid,,,ba202a94-9de3-11ec-8ea3-988d46a27cb4,,,,,
L25,hp,13E,Aip,Permanently flooded trees,13F,,,,,name,,,Horizontal Pattern 1,,,,,
L25,hp,13E,Aip,Permanently flooded trees,13F,,,,,description,,,Describe the horizontal pattern,,,,,
L25,stratum,13E,Aip,Permanently flooded trees,13F,140,,,,name,,,Stratum 1,,,,,
L25,stratum,13E,Aip,Permanently flooded trees,13F,140,,,,description,,,Vegetation 1,,,,,
L25,stratum,13E,Aip,Permanently flooded trees,13F,140,,,,presence_type,,,Mandatory,,,,,
L25,stratum,13E,Aip,Permanently flooded trees,13F,140,,,,@ontop,,,0,,,,,
L25,element,13E,Aip,Permanently flooded trees,13F,140,1,,LC_Tree,lccs3_type,,,LC_Trees,,,,,
L25,element,13E,Aip,Permanently flooded trees,13F,140,1,,LC_Tree,name,,,Trees,,,,,
L25,element,13E,Aip,Permanently flooded trees,13F,140,1,,LC_Tree,description,,,Describe a vegetation element of trees type,,,,,
L25,element,13E,Aip,Permanently flooded trees,13F,140,1,,LC_Tree,presence_type,,,Mandatory,,,,,
L25,element,13E,Aip,Permanently flooded trees,13F,140,1,,LC_Tree,cover,20.0,100.0,,,,,,
L25,characteristic,13E,Aip,Permanently flooded trees,13F,140,1,1,LC_VegetationArtificialityCharacteristic,lccs3_type,,,LC_NaturalOrSeminaturalVegetation,,,,,value: Natural or Seminatural
L25,characteristic,13E,Aip,Permanently flooded trees,13F,140,1,1,LC_VegetationArtificialityCharacteristic,name,,,Natural Or Seminatural Vegetation,,,,,
L25,characteristic,13E,Aip,Permanently flooded trees,13F,140,1,1,LC_VegetationArtificialityCharacteristic,description,,,Describe the natural or seminatural vegetation,,,,,
L25,stratum,13E,Aip,Permanently flooded trees,13F,143,,,,name,,,Stratum 2,,,,,
L25,stratum,13E,Aip,Permanently flooded trees,13F,143,,,,description,,,Abiotic surface 2,,,,,
L25,stratum,13E,Aip,Permanently flooded trees,13F,143,,,,presence_type,,,Mandatory,,,,,
L25,stratum,13E,Aip,Permanently flooded trees,13F,143,,,,@ontop,,,0,,,,,
L25,element,13E,Aip,Permanently flooded trees,13F,143,1,,LC_WaterBody,lccs3_type,,,LC_WaterBody,,,,,
L25,element,13E,Aip,Permanently flooded trees,13F,143,1,,LC_WaterBody,name,,,Water Body,,,,,
L25,element,13E,Aip,Permanently flooded trees,13F,143,1,,LC_WaterBody,description,,,Describe a water body surface element,,,,,
L25,element,13E,Aip,Permanently flooded trees,13F,143,1,,LC_WaterBody,presence_type,,,Mandatory,,,,,
L25,element,13E,Aip,Permanently flooded trees,13F,143,1,,LC_WaterBody,periodic_variation[LC_PeriodicVariations]/name,,,Periodic Variations,,,,,
L25,element,13E,Aip,Permanently flooded trees,13F,143,1,,LC_WaterBody,periodic_variation[LC_PeriodicVariations]/description,,,Contains the elements of Periodic Variation,,,,,
L25,element,13E,Aip,Permanently flooded trees,13F,143,1,,LC_WaterBody,periodic_variation[LC_PeriodicVariations]/elements/LC_PeriodicVariation[LC_PeriodicVariation]/name,,,Periodic Variation,,,,,
L25,element,13E,Aip,Permanently flooded trees,13F,143,1,,LC_WaterBody,periodic_variation[LC_PeriodicVariations]/elements/LC_PeriodicVariation[LC_PeriodicVariation]/description,,,Describe a periodic variation element,,,,,
L25,element,13E,Aip,Permanently flooded trees,13F,143,1,,LC_WaterBody,periodic_variation[LC_PeriodicVariations]/elements/LC_PeriodicVariation[LC_PeriodicVariation]/persistence_units,,,Months,,,,,
L25,characteristic,13E,Aip,Permanently flooded trees,13F,143,1,1,LC_WaterSalinityCharacteristic,lccs3_type,,,LC_WaterSalinity,,,,,
L25,characteristic,13E,Aip,Permanently flooded trees,13F,143,1,1,LC_WaterSalinityCharacteristic,name,,,Water Salinity,,,,,
L25,characteristic,13E,Aip,Permanently flooded trees,13F,143,1,1,LC_WaterSalinityCharacteristic,description,,,Describe the water salinity characteristic,,,,,
L25,characteristic,13E,Aip,Permanently flooded trees,13F,143,1,1,LC_WaterSalinityCharacteristic,type,,,Fresh,,,,,
L25,class,146,Abip,Permanently flooded shrubs,,,,,,class_name,,,Permanently flooded shrubs,,,,,
L25,class,146,Abip,Permanently flooded shrubs,,,,,,class_description,,,Describe the land cover class,,,,,
L25,class,146,Abip,Permanently flooded shrubs,,,,,,class_map_code,,,Abip,,,,,
L25,class,146,Abip,Permanently flooded shrubs,,,,,,uuid,,,ba21b134-9de3-11ec-8ea3-988d46a27cb4,,,,,
L25,hp,146,Abip,Permanently flooded shrubs,147,,,,,name,,,Horizontal Pattern 1,,,,,
L25,hp,146,Abip,Permanently flooded shrubs,147,,,,,description,,,Describe the horizontal pattern,,,,,
L25,stratum,146,Abip,Permanently flooded shrubs,147,148,,,,name,,,Stratum 1,,,,,
L25,stratum,146,Abip,Permanently flooded shrubs,147,148,,,,description,,,Vegetation 1,,,,,
L25,stratum,146,Abip,Permanently flooded shrubs,147,148,,,,presence_type,,,Mandatory,,,,,
L25,stratum,146,Abip,Permanently flooded shrubs,147,148,,,,@ontop,,,0,,,,,
L25,element,146,Abip,Permanently flooded shrubs,147,148,1,,LC_Shrub,lccs3_type,,,LC_Shrubs,,,,,
L25,element,146,Abip,Permanently flooded shrubs,147,148,1,,LC_Shrub,name,,,Shrubs,,,,,
L25,element,146,Abip,Permanently flooded shrubs,147,148,1,,LC_Shrub,description,,,Describe a vegetation element of shrubs type,,,,,
L25,element,146,Abip,Permanently flooded shrubs,147,148,1,,LC_Shrub,presence_type,,,Mandatory,,,,,
L25,element,146,Abip,Permanently flooded shrubs,147,148,1,,LC_Shrub,cover,20.0,100.0,,,,,,
L25,characteristic,146,Abip,Permanently flooded shrubs,147,148,1,1,LC_VegetationArtificialityCharacteristic,lccs3_type,,,LC_NaturalOrSeminaturalVegetation,,,,,value: Natural or Seminatural
L25,characteristic,146,Abip,Permanently flooded shrubs,147,148,1,1,LC_VegetationArtificialityCharacteristic,name,,,Natural Or Seminatural Vegetation,,,,,
L25,characteristic,146,Abip,Permanently flooded shrubs,147,148,1,1,LC_VegetationArtificialityCharacteristic,description,,,Describe the natural or seminatural vegetation,,,,,
L25,stratum,146,Abip,Permanently flooded shrubs,147,14B,,,,name,,,Stratum 2,,,,,
L25,stratum,146,Abip,Permanently flooded shrubs,147,14B,,,,description,,,Abiotic surface 2,,,,,
L25,stratum,146,Abip,Permanently flooded shrubs,147,14B,,,,presence_type,,,Mandatory,,,,,
L25,stratum,146,Abip,Permanently flooded shrubs,147,14B,,,,@ontop,,,0,,,,,
L25,element,146,Abip,Permanently flooded shrubs,147,14B,1,,LC_WaterBody,lccs3_type,,,LC_WaterBody,,,,,
L25,element,146,Abip,Permanently flooded shrubs,147,14B,1,,LC_WaterBody,name,,,Water Body,,,,,
L25,element,146,Abip,Permanently flooded shrubs,147,14B,1,,LC_WaterBody,description,,,Describe a water body surface element,,,,,
L25,element,146,Abip,Permanently flooded shrubs,147,14B,1,,LC_WaterBody,presence_type,,,Mandatory,,,,,
L25,element,146,Abip,Permanently flooded shrubs,147,14B,1,,LC_WaterBody,periodic_variation[LC_PeriodicVariations]/name,,,Periodic Variations,,,,,
L25,element,146,Abip,Permanently flooded shrubs,147,14B,1,,LC_WaterBody,periodic_variation[LC_PeriodicVariations]/description,,,Contains the elements of Periodic Variation,,,,,
L25,element,146,Abip,Permanently flooded shrubs,147,14B,1,,LC_WaterBody,periodic_variation[LC_PeriodicVariations]/elements/LC_PeriodicVariation[LC_PeriodicVariation]/name,,,Periodic Variation,,,,,
L25,element,146,Abip,Permanently flooded shrubs,147,14B,1,,LC_WaterBody,periodic_variation[LC_PeriodicVariations]/elements/LC_PeriodicVariation[LC_PeriodicVariation]/description,,,Describe a periodic variation element,,,,,
L25,element,146,Abip,Permanently flooded shrubs,147,14B,1,,LC_WaterBody,periodic_variation[LC_PeriodicVariations]/elements/LC_PeriodicVariation[LC_PeriodicVariation]/persistence_units,,,Months,,,,,
L25,characteristic,146,Abip,Permanently flooded shrubs,147,14B,1,1,LC_WaterSalinityCharacteristic,lccs3_type,,,LC_WaterSalinity,,,,,
L25,characteristic,146,Abip,Permanently flooded shrubs,147,14B,1,1,LC_WaterSalinityCharacteristic,name,,,Water Salinity,,,,,
L25,characteristic,146,Abip,Permanently flooded shrubs,147,14B,1,1,LC_WaterSalinityCharacteristic,description,,,Describe the water salinity characteristic,,,,,
L25,characteristic,146,Abip,Permanently flooded shrubs,147,14B,1,1,LC_WaterSalinityCharacteristic,type,,,Fresh,,,,,
L25,class,14E,Bis,Seasonally flooded woody,,,,,,class_name,,,Seasonally flooded woody,,,,,
L25,class,14E,Bis,Seasonally flooded woody,,,,,,class_description,,,Describe the land cover class,,,,,
L25,class,14E,Bis,Seasonally flooded woody,,,,,,class_map_code,,,Bis,,,,,
L25,class,14E,Bis,Seasonally flooded woody,,,,,,uuid,,,ee93e693-9de3-11ec-8ea3-988d46a27cb4,,,,,
L25,hp,14E,Bis,Seasonally flooded woody,14F,,,,,name,,,Horizontal Pattern 1,,,,,
L25,hp,14E,Bis,Seasonally flooded woody,14F,,,,,description,,,Describe the horizontal pattern,,,,,
L25,stratum,14E,Bis,Seasonally flooded woody,14F,150,,,,name,,,Stratum 1,,,,,
L25,stratum,14E,Bis,Seasonally flooded woody,14F,150,,,,description,,,Vegetation 1,,,,,
L25,stratum,14E,Bis,Seasonally flooded woody,14F,150,,,,presence_type,,,Mandatory,,,,,
L25,stratum,14E,Bis,Seasonally flooded woody,14F,150,,,,@ontop,,,0,,,,,
L25,element,14E,Bis,Seasonally flooded woody,14F,150,1,,LC_WoodyGrowthForm,lccs3_type,,,LC_WoodyGrowthForms,,,,,
L25,element,14E,Bis,Seasonally flooded woody,14F,150,1,,LC_WoodyGrowthForm,name,,,Woody Growth Forms,,,,,
L25,element,14E,Bis,Seasonally flooded woody,14F,150,1,,LC_WoodyGrowthForm,description,,,Describe a vegetation element of woody type,,,,,
L25,element,14E,Bis,Seasonally flooded woody,14F,150,1,,LC_WoodyGrowthForm,presence_type,,,Mandatory,,,,,
L25,element,14E,Bis,Seasonally flooded woody,14F,150,1,,LC_WoodyGrowthForm,cover,20.0,100.0,,,,,,
L25,characteristic,14E,Bis,Seasonally flooded woody,14F,150,1,1,LC_VegetationArtificialityCharacteristic,lccs3_type,,,LC_NaturalOrSeminaturalVegetation,,,,,value: Natural or Seminatural
L25,characteristic,14E,Bis,Seasonally flooded woody,14F,150,1,1,LC_VegetationArtificialityCharacteristic,name,,,Natural Or Seminatural Vegetation,,,,,
L25,characteristic,14E,Bis,Seasonally flooded woody,14F,150,1,1,LC_VegetationArtificialityCharacteristic,description,,,Describe the natural or seminatural vegetation,,,,,
L25,stratum,14E,Bis,Seasonally flooded woody,14F,153,,,,name,,,Stratum 2,,,,,
L25,stratum,14E,Bis,Seasonally flooded woody,14F,153,,,,description,,,Abiotic surface 2,,,,,
L25,stratum,14E,Bis,Seasonally flooded woody,14F,153,,,,presence_type,,,Mandatory,,,,,
L25,stratum,14E,Bis,Seasonally flooded woody,14F,153,,,,@ontop,,,0,,,,,
L25,element,14E,Bis,Seasonally flooded woody,14F,153,1,,LC_WaterBody,lccs3_type,,,LC_WaterBody,,,,,
L25,element,14E,Bis,Seasonally flooded woody,14F,153,1,,LC_WaterBody,name,,,Water Body,,,,,
L25,element,14E,Bis,Seasonally flooded woody,14F,153,1,,LC_WaterBody,description,,,Describe a water body surface element,,,,,
L25,element,14E,Bis,Seasonally flooded woody,14F,153,1,,LC_WaterBody,presence_type,,,Mandatory,,,,,
L25,element,14E,Bis,Seasonally flooded woody,14F,153,1,,LC_WaterBody,periodic_variation[LC_PeriodicVariations]/name,,,Periodic Variations,,,,,
L25,element,14E,Bis,Seasonally flooded woody,14F,153,1,,LC_WaterBody,periodic_variation[LC_PeriodicVariations]/description,,,Contains the elements of Periodic Variation,,,,,
L25,element,14E,Bis,Seasonally flooded woody,14F,153,1,,LC_WaterBody,periodic_variation[LC_PeriodicVariations]/elements/LC_PeriodicVariation[LC_PeriodicVariation]/name,,,Periodic Variation,,,,,
L25,element,14E,Bis,Seasonally flooded woody,14F,153,1,,LC_WaterBody,periodic_variation[LC_PeriodicVariations]/elements/LC_PeriodicVariation[LC_PeriodicVariation]/description,,,Describe a periodic variation element,,,,,
L25,element,14E,Bis,Seasonally flooded woody,14F,153,1,,LC_WaterBody,periodic_variation[LC_PeriodicVariations]/elements/LC_PeriodicVariation[LC_PeriodicVariation]/persistence_units,,,Months,,,,,
L25,characteristic,14E,Bis,Seasonally flooded woody,14F,153,1,1,LC_WaterSalinityCharacteristic,lccs3_type,,,LC_WaterSalinity,,,,,
L25,characteristic,14E,Bis,Seasonally flooded woody,14F,153,1,1,LC_WaterSalinityCharacteristic,name,,,Water Salinity,,,,,
L25,characteristic,14E,Bis,Seasonally flooded woody,14F,153,1,1,LC_WaterSalinityCharacteristic,description,,,Describe the water salinity characteristic,,,,,
L25,characteristic,14E,Bis,Seasonally flooded woody,14F,153,1,1,LC_WaterSalinityCharacteristic,type,,,Fresh,,,,,
L25,class,156,Ais,Seasonally flooded trees,,,,,,class_name,,,Seasonally flooded trees,,,,,
L25,class,156,Ais,Seasonally flooded trees,,,,,,class_description,,,Describe the land cover class,,,,,
L25,class,156,Ais,Seasonally flooded trees,,,,,,class_map_code,,,Ais,,,,,
L25,class,156,Ais,Seasonally flooded trees,,,,,,uuid,,,ee963083-9de3-11ec-8ea3-988d46a27cb4,,,,,
L25,hp,156,Ais,Seasonally flooded trees,157,,,,,name,,,Horizontal Pattern 1,,,,,
L25,hp,156,Ais,Seasonally flooded trees,157,,,,,description,,,Describe the horizontal pattern,,,,,
L25,stratum,156,Ais,Seasonally flooded trees,157,158,,,,name,,,Stratum 1,,,,,
L25,stratum,156,Ais,Seasonally flooded trees,157,158,,,,description,,,Vegetation 1,,,,,
L25,stratum,156,Ais,Seasonally flooded trees,157,158,,,,presence_type,,,Mandatory,,,,,
L25,stratum,156,Ais,Seasonally flooded trees,157,158,,,,@ontop,,,0,,,,,
L25,element,156,Ais,Seasonally flooded trees,157,158,1,,LC_Tree,lccs3_type,,,LC_Trees,,,,,
L25,element,156,Ais,Seasonally flooded trees,157,158,1,,LC_Tree,name,,,Trees,,,,,
L25,element,156,Ais,Seasonally flooded trees,157,158,1,,LC_Tree,description,,,Describe a vegetation element of trees type,,,,,
L25,element,156,Ais,Seasonally flooded trees,157,158,1,,LC_Tree,presence_type,,,Mandatory,,,,,
L25,element,156,Ais,Seasonally flooded trees,157,158,1,,LC_Tree,cover,20.0,100.0,,,,,,
L25,characteristic,156,Ais,Seasonally flooded trees,157,158,1,1,LC_VegetationArtificialityCharacteristic,lccs3_type,,,LC_NaturalOrSeminaturalVegetation,,,,,value: Natural or Seminatural
L25,characteristic,156,Ais,Seasonally flooded trees,157,158,1,1,LC_VegetationArtificialityCharacteristic,name,,,Natural Or Seminatural Vegetation,,,,,
L25,characteristic,156,Ais,Seasonally flooded trees,157,158,1,1,LC_VegetationArtificialityCharacteristic,description,,,Describe the natural or seminatural vegetation,,,,,
L25,stratum,156,Ais,Seasonally flooded trees,157,15B,,,,name,,,Stratum 2,,,,,
L25,stratum,156,Ais,Seasonally flooded trees,157,15B,,,,description,,,Abiotic surface 2,,,,,
L25,stratum,156,Ais,Seasonally flooded trees,157,15B,,,,presence_type,,,Mandatory,,,,,
L25,stratum,156,Ais,Seasonally flooded trees,157,15B,,,,@ontop,,,0,,,,,
L25,element,156,Ais,Seasonally flooded trees,157,15B,1,,LC_WaterBody,lccs3_type,,,LC_WaterBody,,,,,
L25,element,156,Ais,Seasonally flooded trees,157,15B,1,,LC_WaterBody,name,,,Water Body,,,,,
L25,element,156,Ais,Seasonally flooded trees,157,15B,1,,LC_WaterBody,description,,,Describe a water body surface element,,,,,
L25,element,156,Ais,Seasonally flooded trees,157,15B,1,,LC_WaterBody,presence_type,,,Mandatory,,,,,
L25,element,156,Ais,Seasonally flooded trees,157,15B,1,,LC_WaterBody,periodic_variation[LC_PeriodicVariations]/name,,,Periodic Variations,,,,,
L25,element,156,Ais,Seasonally flooded trees,157,15B,1,,LC_WaterBody,periodic_variation[LC_PeriodicVariations]/description,,,Contains the elements of Periodic Variation,,,,,
L25,element,156,Ais,Seasonally flooded trees,157,15B,1,,LC_WaterBody,periodic_variation[LC_PeriodicVariations]/elements/LC_PeriodicVariation[LC_PeriodicVariation]/name,,,Periodic Variation,,,,,
L25,element,156,Ais,Seasonally flooded trees,157,15B,1,,LC_WaterBody,periodic_variation[LC_PeriodicVariations]/elements/LC_PeriodicVariation[LC_PeriodicVariation]/description,,,Describe a periodic variation element,,,,,
L25,element,156,Ais,Seasonally flooded trees,157,15B,1,,LC_WaterBody,periodic_variation[LC_PeriodicVariations]/elements/LC_PeriodicVariation[LC_PeriodicVariation]/persistence_units,,,Months,,,,,
L25,characteristic,156,Ais,Seasonally flooded trees,157,15B,1,1,LC_WaterSalinityCharacteristic,lccs3_type,,,LC_WaterSalinity,,,,,
L25,characteristic,156,Ais,Seasonally flooded trees,157,15B,1,1,LC_WaterSalinityCharacteristic,name,,,Water Salinity,,,,,
L25,characteristic,156,Ais,Seasonally flooded trees,157,15B,1,1,LC_WaterSalinityCharacteristic,description,,,Describe the water salinity characteristic,,,,,
L25,characteristic,156,Ais,Seasonally flooded trees,157,15B,1,1,LC_WaterSalinityCharacteristic,type,,,Fresh,,,,,
L25,class,15E,Abis,Seasonally flooded shrubs,,,,,,class_name,,,Seasonally flooded shrubs,,,,,
L25,class,15E,Abis,Seasonally flooded shrubs,,,,,,class_description,,,Describe the land cover class,,,,,
L25,class,15E,Abis,Seasonally flooded shrubs,,,,,,class_map_code,,,Abis,,,,,
L25,class,15E,Abis,Seasonally flooded shrubs,,,,,,uuid,,,ee97de34-9de3-11ec-8ea3-988d46a27cb4,,,,,
L25,hp,15E,Abis,Seasonally flooded shrubs,15F,,,,,name,,,Horizontal Pattern 1,,,,,
L25,hp,15E,Abis,Seasonally flooded shrubs,15F,,,,,description,,,Describe the horizontal pattern,,,,,
L25,stratum,15E,Abis,Seasonally flooded shrubs,15F,160,,,,name,,,Stratum 1,,,,,
L25,stratum,15E,Abis,Seasonally flooded shrubs,15F,160,,,,description,,,Vegetation 1,,,,,
L25,stratum,15E,Abis,Seasonally flooded shrubs,15F,160,,,,presence_type,,,Mandatory,,,,,
L25,stratum,15E,Abis,Seasonally flooded shrubs,15F,160,,,,@ontop,,,0,,,,,
L25,element,15E,Abis,Seasonally flooded shrubs,15F,160,1,,LC_Shrub,lccs3_type,,,LC_Shrubs,,,,,
L25,element,15E,Abis,Seasonally flooded shrubs,15F,160,1,,LC_Shrub,name,,,Shrubs,,,,,
L25,element,15E,Abis,Seasonally flooded shrubs,15F,160,1,,LC_Shrub,description,,,Describe a vegetation element of shrubs type,,,,,
L25,element,15E,Abis,Seasonally flooded shrubs,15F,160,1,,LC_Shrub,presence_type,,,Mandatory,,,,,
L25,element,15E,Abis,Seasonally flooded shrubs,15F,160,1,,LC_Shrub,cover,20.0,100.0,,,,,,
L25,characteristic,15E,Abis,Seasonally flooded shrubs,15F,160,1,1,LC_VegetationArtificialityCharacteristic,lccs3_type,,,LC_NaturalOrSeminaturalVegetation,,,,,value: Natural or Seminatural
L25,characteristic,15E,Abis,Seasonally flooded shrubs,15F,160,1,1,LC_VegetationArtificialityCharacteristic,name,,,Natural Or Seminatural Vegetation,,,,,
L25,characteristic,15E,Abis,Seasonally flooded shrubs,15F,160,1,1,LC_VegetationArtificialityCharacteristic,description,,,Describe the natural or seminatural vegetation,,,,,
L25,stratum,15E,Abis,Seasonally flooded shrubs,15F,163,,,,name,,,Stratum 2,,,,,
L25,stratum,15E,Abis,Seasonally flooded shrubs,15F,163,,,,description,,,Abiotic surface 2,,,,,
L25,stratum,15E,Abis,Seasonally flooded shrubs,15F,163,,,,presence_type,,,Mandatory,,,,,
L25,stratum,15E,Abis,Seasonally flooded shrubs,15F,163,,,,@ontop,,,0,,,,,
L25,element,15E,Abis,Seasonally flooded shrubs,15F,163,1,,LC_WaterBody,lccs3_type,,,LC_WaterBody,,,,,
L25,element,15E,Abis,Seasonally flooded shrubs,15F,163,1,,LC_WaterBody,name,,,Water Body,,,,,
L25,element,15E,Abis,Seasonally flooded shrubs,15F,163,1,,LC_WaterBody,description,,,Describe a water body surface element,,,,,
L25,element,15E,Abis,Seasonally flooded shrubs,15F,163,1,,LC_WaterBody,presence_type,,,Mandatory,,,,,
L25,element,15E,Abis,Seasonally flooded shrubs,15F,163,1,,LC_WaterBody,periodic_variation[LC_PeriodicVariations]/name,,,Periodic Variations,,,,,
L25,element,15E,Abis,Seasonally flooded shrubs,15F,163,1,,LC_WaterBody,periodic_variation[LC_PeriodicVariations]/description,,,Contains the elements of Periodic Variation,,,,,
L25,element,15E,Abis,Seasonally flooded shrubs,15F,163,1,,LC_WaterBody,periodic_variation[LC_PeriodicVariations]/elements/LC_PeriodicVariation[LC_PeriodicVariation]/name,,,Periodic Variation,,,,,
L25,element,15E,Abis,Seasonally flooded shrubs,15F,163,1,,LC_WaterBody,periodic_variation[LC_PeriodicVariations]/elements/LC_PeriodicVariation[LC_PeriodicVariation]/description,,,Describe a periodic variation element,,,,,
L25,element,15E,Abis,Seasonally flooded shrubs,15F,163,1,,LC_WaterBody,periodic_variation[LC_PeriodicVariations]/elements/LC_PeriodicVariation[LC_PeriodicVariation]/persistence_units,,,Months,,,,,
L25,characteristic,15E,Abis,Seasonally flooded shrubs,15F,163,1,1,LC_WaterSalinityCharacteristic,lccs3_type,,,LC_WaterSalinity,,,,,
L25,characteristic,15E,Abis,Seasonally flooded shrubs,15F,163,1,1,LC_WaterSalinityCharacteristic,name,,,Water Salinity,,,,,
L25,characteristic,15E,Abis,Seasonally flooded shrubs,15F,163,1,1,LC_WaterSalinityCharacteristic,description,,,Describe the water salinity characteristic,,,,,
L25,characteristic,15E,Abis,Seasonally flooded shrubs,15F,163,1,1,LC_WaterSalinityCharacteristic,type,,,Fresh,,,,,
L25,class,166,Adh,Woody dominated area,,,,,,class_name,,,Woody dominated area,,,,,
L25,class,166,Adh,Woody dominated area,,,,,,class_description,,,Describe the land cover class,,,,,
L25,class,166,Adh,Woody dominated area,,,,,,class_map_code,,,Adh,,,,,
L25,class,166,Adh,Woody dominated area,,,,,,uuid,,,35a59b43-9de5-11ec-8ea3-988d46a27cb4,,,,,
L25,hp,166,Adh,Woody dominated area,167,,,,,name,,,Horizontal Pattern 1,,,,,
L25,hp,166,Adh,Woody dominated area,167,,,,,description,,,Describe the horizontal pattern,,,,,
L25,stratum,166,Adh,Woody dominated area,167,168,,,,name,,,Stratum 1,,,,,
L25,stratum,166,Adh,Woody dominated area,167,168,,,,description,,,Vegetation 1,,,,,
L25,stratum,166,Adh,Woody dominated area,167,168,,,,presence_type,,,Mandatory,,,,,
L25,stratum,166,Adh,Woody dominated area,167,168,,,,@ontop,,,0,,,,,
L25,element,166,Adh,Woody dominated area,167,168,1,,LC_HerbaceousGrowthForm,lccs3_type,,,LC_HerbaceousGrowthForms,,,,,
L25,element,166,Adh,Woody dominated area,167,168,1,,LC_HerbaceousGrowthForm,name,,,Herbaceous growth forms,,,,,
L25,element,166,Adh,Woody dominated area,167,168,1,,LC_HerbaceousGrowthForm,description,,,Describe a vegetation element of herbaceous growth form type,,,,,
L25,element,166,Adh,Woody dominated area,167,168,1,,LC_HerbaceousGrowthForm,presence_type,,,Mandatory,,,,,
L25,element,166,Adh,Woody dominated area,167,168,1,,LC_HerbaceousGrowthForm,cover,20.0,100.0,,,,,,
L25,characteristic,166,Adh,Woody dominated area,167,168,1,1,LC_VegetationArtificialityCharacteristic,lccs3_type,,,LC_NaturalOrSeminaturalVegetation,,,,,value: Natural or Seminatural
L25,characteristic,166,Adh,Woody dominated area,167,168,1,1,LC_VegetationArtificialityCharacteristic,name,,,Natural Or Seminatural Vegetation,,,,,
L25,characteristic,166,Adh,Woody dominated area,167,168,1,1,LC_VegetationArtificialityCharacteristic,description,,,Describe the natural or seminatural vegetation,,,,,
L25,stratum,166,Adh,Woody dominated area,167,16B,,,,name,,,Stratum 2,,,,,
L25,stratum,166,Adh,Woody dominated area,167,16B,,,,description,,,Abiotic surface 2,,,,,
L25,stratum,166,Adh,Woody dominated area,167,16B,,,,presence_type,,,Mandatory,,,,,
L25,stratum,166,Adh,Woody dominated area,167,16B,,,,@ontop,,,0,,,,,
L25,element,166,Adh,Woody dominated area,167,16B,1,,LC_WaterBody,lccs3_type,,,LC_WaterBody,,,,,
L25,element,166,Adh,Woody dominated area,167,16B,1,,LC_WaterBody,name,,,Water Body,,,,,
L25,element,166,Adh,Woody dominated area,167,16B,1,,LC_WaterBody,description,,,Describe a water body surface element,,,,,
L25,element,166,Adh,Woody dominated area,167,16B,1,,LC_WaterBody,presence_type,,,Mandatory,,,,,
L25,class,16D,Ahm,Swamps,,,,,,class_name,,,Swamps,,,,,
L25,class,16D,Ahm,Swamps,,,,,,class_description,,,Describe the land cover class,,,,,
L25,class,16D,Ahm,Swamps,,,,,,class_map_code,,,Ahm,,,,,
L25,class,16D,Ahm,Swamps,,,,,,uuid,,,a6ce9c83-9de6-11ec-8ea3-988d46a27cb4,,,,,
L25,hp,16D,Ahm,Swamps,16E,,,,,name,,,Horizontal Pattern 1,,,,,
L25,hp,16D,Ahm,Swamps,16E,,,,,description,,,Describe the horizontal pattern,,,,,
L25,stratum,16D,Ahm,Swamps,16E,16F,,,,name,,,Stratum 1,,,,,
L25,stratum,16D,Ahm,Swamps,16E,16F,,,,description,,,Vegetation 1,,,,,
L25,stratum,16D,Ahm,Swamps,16E,16F,,,,presence_type,,,Mandatory,,,,,
L25,stratum,16D,Ahm,Swamps,16E,16F,,,,@ontop,,,0,,,,,
L25,element,16D,Ahm,Swamps,16E,16F,1,,LC_HerbaceousGrowthForm,lccs3_type,,,LC_HerbaceousGrowthForms,,,,,
L25,element,16D,Ahm,Swamps,16E,16F,1,,LC_HerbaceousGrowthForm,name,,,Herbaceous growth forms,,,,,
L25,element,16D,Ahm,Swamps,16E,16F,1,,LC_HerbaceousGrowthForm,description,,,Describe a vegetation element of herbaceous growth form type,,,,,
L25,element,16D,Ahm,Swamps,16E,16F,1,,LC_HerbaceousGrowthForm,presence_type,,,Mandatory,,,,,
L25,element,16D,Ahm,Swamps,16E,16F,1,,LC_HerbaceousGrowthForm,cover,20.0,100.0,,,,,,
L25,characteristic,16D,Ahm,Swamps,16E,16F,1,1,LC_VegetationArtificialityCharacteristic,lccs3_type,,,LC_NaturalOrSeminaturalVegetation,,,,,value: Natural or Seminatural
L25,characteristic,16D,Ahm,Swamps,16E,16F,1,1,LC_VegetationArtificialityCharacteristic,name,,,Natural Or Seminatural Vegetation,,,,,
L25,characteristic,16D,Ahm,Swamps,16E,16F,1,1,LC_VegetationArtificialityCharacteristic,description,,,Describe the natural or seminatural vegetation,,,,,
L25,stratum,16D,Ahm,Swamps,16E,172,,,,name,,,Stratum 2,,,,,
L25,stratum,16D,Ahm,Swamps,16E,172,,,,description,,,Abiotic surface 2,,,,,
L25,stratum,16D,Ahm,Swamps,16E,172,,,,presence_type,,,Mandatory,,,,,
L25,stratum,16D,Ahm,Swamps,16E,172,,,,@ontop,,,0,,,,,
L25,element,16D,Ahm,Swamps,16E,172,1,,LC_WaterBody,lccs3_type,,,LC_WaterBody,,,,,
L25,element,16D,Ahm,Swamps,16E,172,1,,LC_WaterBody,name,,,Water Body,,,,,
L25,element,16D,Ahm,Swamps,16E,172,1,,LC_WaterBody,description,,,Describe a water body surface element,,,,,
L25,element,16D,Ahm,Swamps,16E,172,1,,LC_WaterBody,presence_type,,,Mandatory,,,,,
L25,characteristic,16D,Ahm,Swamps,16E,172,1,1,LC_ArtificialityCharacteristic,lccs3_type,,,LC_Artificiality,,,,,
L25,characteristic,16D,Ahm,Swamps,16E,172,1,1,LC_ArtificialityCharacteristic,name,,,Artificiality,,,,,
L25,characteristic,16D,Ahm,Swamps,16E,172,1,1,LC_ArtificialityCharacteristic,description,,,Describe the artificiality characteristic,,,,,
L25,characteristic,16D,Ahm,Swamps,16E,172,1,1,LC_ArtificialityCharacteristic,type,,,Natural,,,,,
L25,characteristic,16D,Ahm,Swamps,16E,172,1,2,LC_WaterSalinityCharacteristic,lccs3_type,,,LC_WaterSalinity,,,,,
L25,characteristic,16D,Ahm,Swamps,16E,172,1,2,LC_WaterSalinityCharacteristic,name,,,Water Salinity,,,,,
L25,characteristic,16D,Ahm,Swamps,16E,172,1,2,LC_WaterSalinityCharacteristic,description,,,Describe the water salinity characteristic,,,,,
L25,characteristic,16D,Ahm,Swamps,16E,172,1,2,LC_WaterSalinityCharacteristic,type,,,Fresh,,,,,
L25,stratum,16D,Ahm,Swamps,16E,176,,,,name,,,Stratum 3,,,,,
L25,stratum,16D,Ahm,Swamps,16E,176,,,,description,,,Vegetation 3,,,,,
L25,stratum,16D,Ahm,Swamps,16E,176,,,,presence_type,,,Optional,,,,,
L25,stratum,16D,Ahm,Swamps,16E,176,,,,@ontop,,,0,,,,,
L25,element,16D,Ahm,Swamps,16E,176,1,,LC_GrowthForm,lccs3_type,,,LC_GrowthForms,,,,,
L25,element,16D,Ahm,Swamps,16E,176,1,,LC_GrowthForm,name,,,Growth Forms,,,,,
L25,element,16D,Ahm,Swamps,16E,176,1,,LC_GrowthForm,description,,,Describe a vegetation element of growth form type,,,,,
L25,element,16D,Ahm,Swamps,16E,176,1,,LC_GrowthForm,presence_type,,,Mandatory,,,,,
L25,element,16D,Ahm,Swamps,16E,176,1,,LC_GrowthForm,cover,1.0,10.0,,,,,,
L25,characteristic,16D,Ahm,Swamps,16E,176,1,1,LC_VegetationArtificialityCharacteristic,lccs3_type,,,LC_NaturalOrSeminaturalVegetation,,,,,value: Natural or Seminatural
L25,characteristic,16D,Ahm,Swamps,16E,176,1,1,LC_VegetationArtificialityCharacteristic,name,,,Natural Or Seminatural Vegetation,,,,,
L25,characteristic,16D,Ahm,Swamps,16E,176,1,1,LC_VegetationArtificialityCharacteristic,description,,,Describe the natural or seminatural vegetation,,,,,
L25,class,179,Ahms,Salt marsh,,,,,,class_name,,,Salt marsh,,,,,
L25,class,179,Ahms,Salt marsh,,,,,,class_description,,,Describe the land cover class,,,,,
L25,class,179,Ahms,Salt marsh,,,,,,class_map_code,,,Ahms,,,,,
L25,class,179,Ahms,Salt marsh,,,,,,uuid,,,ad205923-9de6-11ec-8ea3-988d46a27cb4,,,,,
L25,hp,179,Ahms,Salt marsh,17A,,,,,name,,,Horizontal Pattern 1,,,,,
L25,hp,179,Ahms,Salt marsh,17A,,,,,description,,,Describe the horizontal pattern,,,,,
L25,stratum,179,Ahms,Salt marsh,17A,17B,,,,name,,,Stratum 1,,,,,
L25,stratum,179,Ahms,Salt marsh,17A,17B,,,,description,,,Vegetation 1,,,,,
L25,stratum,179,Ahms,Salt marsh,17A,17B,,,,presence_type,,,Mandatory,,,,,
L25,stratum,179,Ahms,Salt marsh,17A,17B,,,,@ontop,,,0,,,,,
L25,element,179,Ahms,Salt marsh,17A,17B,1,,LC_HerbaceousGrowthForm,lccs3_type,,,LC_HerbaceousGrowthForms,,,,,
L25,element,179,Ahms,Salt marsh,17A,17B,1,,LC_HerbaceousGrowthForm,name,,,Herbaceous growth forms,,,,,
L25,element,179,Ahms,Salt marsh,17A,17B,1,,LC_HerbaceousGrowthForm,description,,,Describe a vegetation element of herbaceous growth form type,,,,,
L25,element,179,Ahms,Salt marsh,17A,17B,1,,LC_HerbaceousGrowthForm,presence_type,,,Mandatory,,,,,
L25,element,179,Ahms,Salt marsh,17A,17B,1,,LC_HerbaceousGrowthForm,cover,20.0,100.0,,,,,,
L25,characteristic,179,Ahms,Salt marsh,17A,17B,1,1,LC_VegetationArtificialityCharacteristic,lccs3_type,,,LC_NaturalOrSeminaturalVegetation,,,,,value: Natural or Seminatural
L25,characteristic,179,Ahms,Salt marsh,17A,17B,1,1,LC_VegetationArtificialityCharacteristic,name,,,Natural Or Seminatural Vegetation,,,,,
L25,characteristic,179,Ahms,Salt marsh,17A,17B,1,1,LC_VegetationArtificialityCharacteristic,description,,,Describe the natural or seminatural vegetation,,,,,
L25,stratum,179,Ahms,Salt marsh,17A,17E,,,,name,,,Stratum 2,,,,,
L25,stratum,179,Ahms,Salt marsh,17A,17E,,,,description,,,Abiotic surface 2,,,,,
L25,stratum,179,Ahms,Salt marsh,17A,17E,,,,presence_type,,,Mandatory,,,,,
L25,stratum,179,Ahms,Salt marsh,17A,17E,,,,@ontop,,,0,,,,,
L25,element,179,Ahms,Salt marsh,17A,17E,1,,LC_WaterBody,lccs3_type,,,LC_WaterBody,,,,,
L25,element,179,Ahms,Salt marsh,17A,17E,1,,LC_WaterBody,name,,,Water Body,,,,,
L25,element,179,Ahms,Salt marsh,17A,17E,1,,LC_WaterBody,description,,,Describe a water body surface element,,,,,
L25,element,179,Ahms,Salt marsh,17A,17E,1,,LC_WaterBody,presence_type,,,Mandatory,,,,,
L25,characteristic,179,Ahms,Salt marsh,17A,17E,1,1,LC_ArtificialityCharacteristic,lccs3_type,,,LC_Artificiality,,,,,
L25,characteristic,179,Ahms,Salt marsh,17A,17E,1,1,LC_ArtificialityCharacteristic,name,,,Artificiality,,,,,
L25,characteristic,179,Ahms,Salt marsh,17A,17E,1,1,LC_ArtificialityCharacteristic,description,,,Describe the artificiality characteristic,,,,,
L25,characteristic,179,Ahms,Salt marsh,17A,17E,1,1,LC_ArtificialityCharacteristic,type,,,Natural,,,,,
L25,characteristic,179,Ahms,Salt marsh,17A,17E,1,2,LC_WaterSalinityCharacteristic,lccs3_type,,,LC_WaterSalinity,,,,,
L25,characteristic,179,Ahms,Salt marsh,17A,17E,1,2,LC_WaterSalinityCharacteristic,name,,,Water Salinity,,,,,
L25,characteristic,179,Ahms,Salt marsh,17A,17E,1,2,LC_WaterSalinityCharacteristic,description,,,Describe the water salinity characteristic,,,,,
L25,characteristic,179,Ahms,Salt marsh,17A,17E,1,2,LC_WaterSalinityCharacteristic,type,,,Brackish,,,,,
L25,stratum,179,Ahms,Salt marsh,17A,182,,,,name,,,Stratum 3,,,,,
L25,stratum,179,Ahms,Salt marsh,17A,182,,,,description,,,Vegetation 3,,,,,
L25,stratum,179,Ahms,Salt marsh,17A,182,,,,presence_type,,,Optional,,,,,
L25,stratum,179,Ahms,Salt marsh,17A,182,,,,@ontop,,,0,,,,,
L25,element,179,Ahms,Salt marsh,17A,182,1,,LC_GrowthForm,lccs3_type,,,LC_GrowthForms,,,,,
L25,element,179,Ahms,Salt marsh,17A,182,1,,LC_GrowthForm,name,,,Growth Forms,,,,,
L25,element,179,Ahms,Salt marsh,17A,182,1,,LC_GrowthForm,description,,,Describe a vegetation element of growth form type,,,,,
L25,element,179,Ahms,Salt marsh,17A,182,1,,LC_GrowthForm,presence_type,,,Mandatory,,,,,
L25,element,179,Ahms,Salt marsh,17A,182,1,,LC_GrowthForm,cover,1.0,10.0,,,,,,
L25,characteristic,179,Ahms,Salt marsh,17A,182,1,1,LC_VegetationArtificialityCharacteristic,lccs3_type,,,LC_NaturalOrSeminaturalVegetation,,,,,value: Natural or Seminatural
L25,characteristic,179,Ahms,Salt marsh,17A,182,1,1,LC_VegetationArtificialityCharacteristic,name,,,Natural Or Seminatural Vegetation,,,,,
L25,characteristic,179,Ahms,Salt marsh,17A,182,1,1,LC_VegetationArtificialityCharacteristic,description,,,Describe the natural or seminatural vegetation,,,,,
L25,class,185,Carf,Tree crop plantation,,,,,,class_name,,,Tree crop plantation,,,,,
L25,class,185,Carf,Tree crop plantation,,,,,,class_description,,,Describe the land cover class,,,,,
L25,class,185,Carf,Tree crop plantation,,,,,,class_map_code,,,Carf,,,,,
L25,class,185,Carf,Tree crop plantation,,,,,,uuid,,,56962e13-9e39-11ec-8ea3-988d46a27cb4,,,,,
L25,hp,185,Carf,Tree crop plantation,186,,,,,name,,,Horizontal Pattern 1,,,,,
L25,hp,185,Carf,Tree crop plantation,186,,,,,description,,,Describe the horizontal pattern,,,,,
L25,stratum,185,Carf,Tree crop plantation,186,187,,,,name,,,Stratum 1,,,,,
L25,stratum,185,Carf,Tree crop plantation,186,187,,,,description,,,Vegetation 1,,,,,
L25,stratum,185,Carf,Tree crop plantation,186,187,,,,presence_type,,,Mandatory,,,,,
L25,stratum,185,Carf,Tree crop plantation,186,187,,,,@ontop,,,0,,,,,
L25,element,185,Carf,Tree crop plantation,186,187,1,,LC_Tree,lccs3_type,,,LC_Trees,,,,,
L25,element,185,Carf,Tree crop plantation,186,187,1,,LC_Tree,name,,,Trees,,,,,
L25,element,185,Carf,Tree crop plantation,186,187,1,,LC_Tree,description,,,Describe a vegetation element of trees type,,,,,
L25,element,185,Carf,Tree crop plantation,186,187,1,,LC_Tree,presence_type,,,Mandatory,,,,,
L25,characteristic,185,Carf,Tree crop plantation,186,187,1,1,LC_CultivatedAndManagedVegetationCharacteristics,lccs3_type,,,LC_CultivatedAndManagedVegetation,,,,,
L25,characteristic,185,Carf,Tree crop plantation,186,187,1,1,LC_CultivatedAndManagedVegetationCharacteristics,name,,,Cultivated And Managed Vegetation,,,,,
L25,characteristic,185,Carf,Tree crop plantation,186,187,1,1,LC_CultivatedAndManagedVegetationCharacteristics,description,,,Describe the cultivated and managed vegetation,,,,,
L25,characteristic,185,Carf,Tree crop plantation,186,187,1,1,LC_CultivatedAndManagedVegetationCharacteristics,elements/LC_Characteristic[LC_Plantation]/name,,,Plantation,,,,,
L25,characteristic,185,Carf,Tree crop plantation,186,187,1,1,LC_CultivatedAndManagedVegetationCharacteristics,elements/LC_Characteristic[LC_Plantation]/description,,,Describe the plantation,,,,,
L25,characteristic,185,Carf,Tree crop plantation,186,187,1,1,LC_CultivatedAndManagedVegetationCharacteristics,elements/LC_Characteristic[LC_Rainfed]/name,,,Rainfed,,,,,
L25,characteristic,185,Carf,Tree crop plantation,186,187,1,1,LC_CultivatedAndManagedVegetationCharacteristics,elements/LC_Characteristic[LC_Rainfed]/description,,,Describe the rainfed,,,,,
L25,class,18C,Cpf,Forest plantation,,,,,,class_name,,,Forest plantation,,,,,
L25,class,18C,Cpf,Forest plantation,,,,,,class_description,,,Describe the land cover class,,,,,
L25,class,18C,Cpf,Forest plantation,,,,,,class_map_code,,,Cpf,,,,,
L25,class,18C,Cpf,Forest plantation,,,,,,uuid,,,5ce79c93-9e39-11ec-8ea3-988d46a27cb4,,,,,
L25,hp,18C,Cpf,Forest plantation,18D,,,,,name,,,Horizontal Pattern 1,,,,,
L25,hp,18C,Cpf,Forest plantation,18D,,,,,description,,,Describe the horizontal pattern,,,,,
L25,stratum,18C,Cpf,Forest plantation,18D,18E,,,,name,,,Stratum 1,,,,,
L25,stratum,18C,Cpf,Forest plantation,18D,18E,,,,description,,,Vegetation 1,,,,,
L25,stratum,18C,Cpf,Forest plantation,18D,18E,,,,presence_type,,,Mandatory,,,,,
L25,stratum,18C,Cpf,Forest plantation,18D,18E,,,,@ontop,,,0,,,,,
L25,element,18C,Cpf,Forest plantation,18D,18E,1,,LC_Tree,lccs3_type,,,LC_Trees,,,,,
L25,element,18C,Cpf,Forest plantation,18D,18E,1,,LC_Tree,name,,,Trees,,,,,
L25,element,18C,Cpf,Forest plantation,18D,18E,1,,LC_Tree,description,,,Describe a vegetation element of trees type,,,,,
L25,element,18C,Cpf,Forest plantation,18D,18E,1,,LC_Tree,presence_type,,,Mandatory,,,,,
L25,characteristic,18C,Cpf,Forest plantation,18D,18E,1,1,LC_CultivatedAndManagedVegetationCharacteristics,lccs3_type,,,LC_CultivatedAndManagedVegetation,,,,,
L25,characteristic,18C,Cpf,Forest plantation,18D,18E,1,1,LC_CultivatedAndManagedVegetationCharacteristics,name,,,Cultivated And Managed Vegetation,,,,,
L25,characteristic,18C,Cpf,Forest plantation,18D,18E,1,1,LC_CultivatedAndManagedVegetationCharacteristics,description,,,Describe the cultivated and managed vegetation,,,,,
L25,characteristic,18C,Cpf,Forest plantation,18D,18E,1,1,LC_CultivatedAndManagedVegetationCharacteristics,elements/LC_Characteristic[LC_Rainfed]/name,,,Rainfed,,,,,
L25,characteristic,18C,Cpf,Forest plantation,18D,18E,1,1,LC_CultivatedAndManagedVegetationCharacteristics,elements/LC_Characteristic[LC_Rainfed]/description,,,Describe the rainfed,,,,,
L25,characteristic,18C,Cpf,Forest plantation,18D,18E,1,1,LC_CultivatedAndManagedVegetationCharacteristics,elements/LC_Characteristic[LC_Plantation]/name,,,Plantation,,,,,
L25,characteristic,18C,Cpf,Forest plantation,18D,18E,1,1,LC_CultivatedAndManagedVegetationCharacteristics,elements/LC_Characteristic[LC_Plantation]/description,,,Describe the plantation,,,,,
L25,characteristic,18C,Cpf,Forest plantation,18D,18E,1,1,LC_CultivatedAndManagedVegetationCharacteristics,elements/LC_Characteristic[LC_ForestPlantation]/name,,,Forest Plantation,,,,,
L25,characteristic,18C,Cpf,Forest plantation,18D,18E,1,1,LC_CultivatedAndManagedVegetationCharacteristics,elements/LC_Characteristic[LC_ForestPlantation]/description,,,Describe the forest plantation,,,,,
L25,class,194,Cfp,Forest plantation evergreen,,,,,,class_name,,,Forest plantation evergreen,,,,,
L25,class,194,Cfp,Forest plantation evergreen,,,,,,class_description,,,Describe the land cover class,,,,,
L25,class,194,Cfp,Forest plantation evergreen,,,,,,class_map_code,,,Cfp,,,,,
L25,class,194,Cfp,Forest plantation evergreen,,,,,,uuid,,,68644913-9e39-11ec-8ea3-988d46a27cb4,,,,,
L25,hp,194,Cfp,Forest plantation evergreen,195,,,,,name,,,Horizontal Pattern 1,,,,,
L25,hp,194,Cfp,Forest plantation evergreen,195,,,,,description,,,Describe the horizontal pattern,,,,,
L25,stratum,194,Cfp,Forest plantation evergreen,195,196,,,,name,,,Stratum 1,,,,,
L25,stratum,194,Cfp,Forest plantation evergreen,195,196,,,,description,,,Vegetation 1,,,,,
L25,stratum,194,Cfp,Forest plantation evergreen,195,196,,,,presence_type,,,Mandatory,,,,,
L25,stratum,194,Cfp,Forest plantation evergreen,195,196,,,,@ontop,,,0,,,,,
L25,element,194,Cfp,Forest plantation evergreen,195,196,1,,LC_Tree,lccs3_type,,,LC_Trees,,,,,
L25,element,194,Cfp,Forest plantation evergreen,195,196,1,,LC_Tree,name,,,Trees,,,,,
L25,element,194,Cfp,Forest plantation evergreen,195,196,1,,LC_Tree,description,,,Describe a vegetation element of trees type,,,,,
L25,element,194,Cfp,Forest plantation evergreen,195,196,1,,LC_Tree,presence_type,,,Mandatory,,,,,
L25,element,194,Cfp,Forest plantation evergreen,195,196,1,,LC_Tree,LC_WoodyGrowthLeafPhenology[LC_WoodyGrowthLeafPhenology]/name,,,Woody Growth Leaf Phenology,,,,,
L25,element,194,Cfp,Forest plantation evergreen,195,196,1,,LC_Tree,LC_WoodyGrowthLeafPhenology[LC_WoodyGrowthLeafPhenology]/description,,,Contains the elements of Woody Growth Leaf Phenology,,,,,
L25,element,194,Cfp,Forest plantation evergreen,195,196,1,,LC_Tree,LC_WoodyGrowthLeafPhenology[LC_WoodyGrowthLeafPhenology]/elements/LC_WoodyLeafPhenology[LC_Evergreen]/name,,,Evergreen,,,,,
L25,element,194,Cfp,Forest plantation evergreen,195,196,1,,LC_Tree,LC_WoodyGrowthLeafPhenology[LC_WoodyGrowthLeafPhenology]/elements/LC_WoodyLeafPhenology[LC_Evergreen]/description,,,Describe an Evergreen leaf phenology element,,,,,
L25,characteristic,194,Cfp,Forest plantation evergreen,195,196,1,1,LC_CultivatedAndManagedVegetationCharacteristics,lccs3_type,,,LC_CultivatedAndManagedVegetation,,,,,
L25,characteristic,194,Cfp,Forest plantation evergreen,195,196,1,1,LC_CultivatedAndManagedVegetationCharacteristics,name,,,Cultivated And Managed Vegetation,,,,,
L25,characteristic,194,Cfp,Forest plantation evergreen,195,196,1,1,LC_CultivatedAndManagedVegetationCharacteristics,description,,,Describe the cultivated and managed vegetation,,,,,
L25,characteristic,194,Cfp,Forest plantation evergreen,195,196,1,1,LC_CultivatedAndManagedVegetationCharacteristics,elements/LC_Characteristic[LC_Rainfed]/name,,,Rainfed,,,,,
L25,characteristic,194,Cfp,Forest plantation evergreen,195,196,1,1,LC_CultivatedAndManagedVegetationCharacteristics,elements/LC_Characteristic[LC_Rainfed]/description,,,Describe the rainfed,,,,,
L25,characteristic,194,Cfp,Forest plantation evergreen,195,196,1,1,LC_CultivatedAndManagedVegetationCharacteristics,elements/LC_Characteristic[LC_Plantation]/name,,,Plantation,,,,,
L25,characteristic,194,Cfp,Forest plantation evergreen,195,196,1,1,LC_CultivatedAndManagedVegetationCharacteristics,elements/LC_Characteristic[LC_Plantation]/description,,,Describe the plantation,,,,,
L25,characteristic,194,Cfp,Forest plantation evergreen,195,196,1,1,LC_CultivatedAndManagedVegetationCharacteristics,elements/LC_Characteristic[LC_ForestPlantation]/name,,,Forest Plantation,,,,,
L25,characteristic,194,Cfp,Forest plantation evergreen,195,196,1,1,LC_CultivatedAndManagedVegetationCharacteristics,elements/LC_Characteristic[LC_ForestPlantation]/description,,,Describe the forest plantation,,,,,
L25,class,19C,Cfm,Forest plantation mixed,,,,,,class_name,,,Forest plantation mixed,,,,,
L25,class,19C,Cfm,Forest plantation mixed,,,,,,class_description,,,Describe the land cover class,,,,,
L25,class,19C,Cfm,Forest plantation mixed,,,,,,class_map_code,,,Cfm,,,,,
L25,class,19C,Cfm,Forest plantation mixed,,,,,,uuid,,,7fd2f923-9e39-11ec-8ea3-988d46a27cb4,,,,,
L25,hp,19C,Cfm,Forest plantation mixed,19D,,,,,name,,,Horizontal Pattern 1,,,,,
L25,hp,19C,Cfm,Forest plantation mixed,19D,,,,,description,,,Describe the horizontal pattern,,,,,
L25,stratum,19C,Cfm,Forest plantation mixed,19D,19E,,,,name,,,Stratum 1,,,,,
L25,stratum,19C,Cfm,Forest plantation mixed,19D,19E,,,,description,,,Vegetation 1,,,,,
L25,stratum,19C,Cfm,Forest plantation mixed,19D,19E,,,,presence_type,,,Mandatory,,,,,
L25,stratum,19C,Cfm,Forest plantation mixed,19D,19E,,,,@ontop,,,0,,,,,
L25,element,19C,Cfm,Forest plantation mixed,19D,19E,1,,LC_Tree,lccs3_type,,,LC_Trees,,,,,
L25,element,19C,Cfm,Forest plantation mixed,19D,19E,1,,LC_Tree,name,,,Trees,,,,,
L25,element,19C,Cfm,Forest plantation mixed,19D,19E,1,,LC_Tree,description,,,Describe a vegetation element of trees type,,,,,
L25,element,19C,Cfm,Forest plantation mixed,19D,19E,1,,LC_Tree,presence_type,,,Mandatory,,,,,
L25,element,19C,Cfm,Forest plantation mixed,19D,19E,1,,LC_Tree,LC_WoodyGrowthLeafPhenology[LC_WoodyGrowthLeafPhenology]/name,,,Woody Growth Leaf Phenology,,,,,
L25,element,19C,Cfm,Forest plantation mixed,19D,19E,1,,LC_Tree,LC_WoodyGrowthLeafPhenology[LC_WoodyGrowthLeafPhenology]/description,,,Contains the elements of Woody Growth Leaf Phenology,,,,,
L25,element,19C,Cfm,Forest plantation mixed,19D,19E,1,,LC_Tree,LC_WoodyGrowthLeafPhenology[LC_WoodyGrowthLeafPhenology]/elements/LC_WoodyLeafPhenology[LC_Evergreen]/name,,,Evergreen,,,,,
L25,element,19C,Cfm,Forest plantation mixed,19D,19E,1,,LC_Tree,LC_WoodyGrowthLeafPhenology[LC_WoodyGrowthLeafPhenology]/elements/LC_WoodyLeafPhenology[LC_Evergreen]/description,,,Describe an Evergreen leaf phenology element,,,,,
L25,element,19C,Cfm,Forest plantation mixed,19D,19E,1,,LC_Tree,LC_WoodyGrowthLeafPhenology[LC_WoodyGrowthLeafPhenology]/elements/LC_WoodyLeafPhenology[LC_Evergreen]/percentage,40.0,60.0,,,,,,
L25,element,19C,Cfm,Forest plantation mixed,19D,19E,1,,LC_Tree,LC_WoodyGrowthLeafPhenology[LC_WoodyGrowthLeafPhenology]/elements/LC_WoodyLeafPhenology[LC_Deciduous]/name,,,Deciduous,,,,,
L25,element,19C,Cfm,Forest plantation mixed,19D,19E,1,,LC_Tree,LC_WoodyGrowthLeafPhenology[LC_WoodyGrowthLeafPhenology]/elements/LC_WoodyLeafPhenology[LC_Deciduous]/description,,,Describe a Deciduous leaf phenology element,,,,,
L25,element,19C,Cfm,Forest plantation mixed,19D,19E,1,,LC_Tree,LC_WoodyGrowthLeafPhenology[LC_WoodyGrowthLeafPhenology]/elements/LC_WoodyLeafPhenology[LC_Deciduous]/percentage,40.0,60.0,,,,,,
L25,characteristic,19C,Cfm,Forest plantation mixed,19D,19E,1,1,LC_CultivatedAndManagedVegetationCharacteristics,lccs3_type,,,LC_CultivatedAndManagedVegetation,,,,,
L25,characteristic,19C,Cfm,Forest plantation mixed,19D,19E,1,1,LC_CultivatedAndManagedVegetationCharacteristics,name,,,Cultivated And Managed Vegetation,,,,,
L25,characteristic,19C,Cfm,Forest plantation mixed,19D,19E,1,1,LC_CultivatedAndManagedVegetationCharacteristics,description,,,Describe the cultivated and managed vegetation,,,,,
L25,characteristic,19C,Cfm,Forest plantation mixed,19D,19E,1,1,LC_CultivatedAndManagedVegetationCharacteristics,elements/LC_Characteristic[LC_Rainfed]/name,,,Rainfed,,,,,
L25,characteristic,19C,Cfm,Forest plantation mixed,19D,19E,1,1,LC_CultivatedAndManagedVegetationCharacteristics,elements/LC_Characteristic[LC_Rainfed]/description,,,Describe the rainfed,,,,,
L25,characteristic,19C,Cfm,Forest plantation mixed,19D,19E,1,1,LC_CultivatedAndManagedVegetationCharacteristics,elements/LC_Characteristic[LC_Plantation]/name,,,Plantation,,,,,
L25,characteristic,19C,Cfm,Forest plantation mixed,19D,19E,1,1,LC_CultivatedAndManagedVegetationCharacteristics,elements/LC_Characteristic[LC_Plantation]/description,,,Describe the plantation,,,,,
L25,characteristic,19C,Cfm,Forest plantation mixed,19D,19E,1,1,LC_CultivatedAndManagedVegetationCharacteristics,elements/LC_Characteristic[LC_ForestPlantation]/name,,,Forest Plantation,,,,,
L25,characteristic,19C,Cfm,Forest plantation mixed,19D,19E,1,1,LC_CultivatedAndManagedVegetationCharacteristics,elements/LC_Characteristic[LC_ForestPlantation]/description,,,Describe the forest plantation,,,,,
L25,class,1A4,Cfc,Forest plantation deciduous,,,,,,class_name,,,Forest plantation deciduous,,,,,
L25,class,1A4,Cfc,Forest plantation deciduous,,,,,,class_description,,,Describe the land cover class,,,,,
L25,class,1A4,Cfc,Forest plantation deciduous,,,,,,class_map_code,,,Cfc,,,,,
L25,class,1A4,Cfc,Forest plantation deciduous,,,,,,uuid,,,7fd431a3-9e39-11ec-8ea3-988d46a27cb4,,,,,
L25,hp,1A4,Cfc,Forest plantation deciduous,1A5,,,,,name,,,Horizontal Pattern 1,,,,,
L25,hp,1A4,Cfc,Forest plantation deciduous,1A5,,,,,description,,,Describe the horizontal pattern,,,,,
L25,stratum,1A4,Cfc,Forest plantation deciduous,1A5,1A6,,,,name,,,Stratum 1,,,,,
L25,stratum,1A4,Cfc,Forest plantation deciduous,1A5,1A6,,,,description,,,Vegetation 1,,,,,
L25,stratum,1A4,Cfc,Forest plantation deciduous,1A5,1A6,,,,presence_type,,,Mandatory,,,,,
L25,stratum,1A4,Cfc,Forest plantation deciduous,1A5,1A6,,,,@ontop,,,0,,,,,
L25,element,1A4,Cfc,Forest plantation deciduous,1A5,1A6,1,,LC_Tree,lccs3_type,,,LC_Trees,,,,,
L25,element,1A4,Cfc,Forest plantation deciduous,1A5,1A6,1,,LC_Tree,name,,,Trees,,,,,
L25,element,1A4,Cfc,Forest plantation deciduous,1A5,1A6,1,,LC_Tree,description,,,Describe a vegetation element of trees type,,,,,
L25,element,1A4,Cfc,Forest plantation deciduous,1A5,1A6,1,,LC_Tree,presence_type,,,Mandatory,,,,,
L25,element,1A4,Cfc,Forest plantation deciduous,1A5,1A6,1,,LC_Tree,LC_WoodyGrowthLeafPhenology[LC_WoodyGrowthLeafPhenology]/name,,,Woody Growth Leaf Phenology,,,,,
L25,element,1A4,Cfc,Forest plantation deciduous,1A5,1A6,1,,LC_Tree,LC_WoodyGrowthLeafPhenology[LC_WoodyGrowthLeafPhenology]/description,,,Contains the elements of Woody Growth Leaf Phenology,,,,,
L25,element,1A4,Cfc,Forest plantation deciduous,1A5,1A6,1,,LC_Tree,LC_WoodyGrowthLeafPhenology[LC_WoodyGrowthLeafPhenology]/elements/LC_WoodyLeafPhenology[LC_Deciduous]/name,,,Deciduous,,,,,
L25,element,1A4,Cfc,Forest plantation deciduous,1A5,1A6,1,,LC_Tree,LC_WoodyGrowthLeafPhenology[LC_WoodyGrowthLeafPhenology]/elements/LC_WoodyLeafPhenology[LC_Deciduous]/description,,,Describe a Deciduous leaf phenology element,,,,,
L25,characteristic,1A4,Cfc,Forest plantation deciduous,1A5,1A6,1,1,LC_CultivatedAndManagedVegetationCharacteristics,lccs3_type,,,LC_CultivatedAndManagedVegetation,,,,,
L25,characteristic,1A4,Cfc,Forest plantation deciduous,1A5,1A6,1,1,LC_CultivatedAndManagedVegetationCharacteristics,name,,,Cultivated And Managed Vegetation,,,,,
L25,characteristic,1A4,Cfc,Forest plantation deciduous,1A5,1A6,1,1,LC_CultivatedAndManagedVegetationCharacteristics,description,,,Describe the cultivated and managed vegetation,,,,,
L25,characteristic,1A4,Cfc,Forest plantation deciduous,1A5,1A6,1,1,LC_CultivatedAndManagedVegetationCharacteristics,elements/LC_Characteristic[LC_Rainfed]/name,,,Rainfed,,,,,
L25,characteristic,1A4,Cfc,Forest plantation deciduous,1A5,1A6,1,1,LC_CultivatedAndManagedVegetationCharacteristics,elements/LC_Characteristic[LC_Rainfed]/description,,,Describe the rainfed,,,,,
L25,characteristic,1A4,Cfc,Forest plantation deciduous,1A5,1A6,1,1,LC_CultivatedAndManagedVegetationCharacteristics,elements/LC_Characteristic[LC_Plantation]/name,,,Plantation,,,,,
L25,characteristic,1A4,Cfc,Forest plantation deciduous,1A5,1A6,1,1,LC_CultivatedAndManagedVegetationCharacteristics,elements/LC_Characteristic[LC_Plantation]/description,,,Describe the plantation,,,,,
L25,characteristic,1A4,Cfc,Forest plantation deciduous,1A5,1A6,1,1,LC_CultivatedAndManagedVegetationCharacteristics,elements/LC_Characteristic[LC_ForestPlantation]/name,,,Forest Plantation,,,,,
L25,characteristic,1A4,Cfc,Forest plantation deciduous,1A5,1A6,1,1,LC_CultivatedAndManagedVegetationCharacteristics,elements/LC_Characteristic[LC_ForestPlantation]/description,,,Describe the forest plantation,,,,,
L25,class,1AC,V,Orchards,,,,,,class_name,,,Orchards,,,,,
L25,class,1AC,V,Orchards,,,,,,class_description,,,Describe the land cover class,,,,,
L25,class,1AC,V,Orchards,,,,,,class_map_code,,,V,,,,,
L25,class,1AC,V,Orchards,,,,,,uuid,,,8c1d07c0-9e39-11ec-8ea3-988d46a27cb4,,,,,
L25,hp,1AC,V,Orchards,1AD,,,,,name,,,Horizontal Pattern 1,,,,,
L25,hp,1AC,V,Orchards,1AD,,,,,description,,,Describe the horizontal pattern,,,,,
L25,stratum,1AC,V,Orchards,1AD,1AE,,,,name,,,Stratum 1,,,,,
L25,stratum,1AC,V,Orchards,1AD,1AE,,,,description,,,Vegetation 1,,,,,
L25,stratum,1AC,V,Orchards,1AD,1AE,,,,presence_type,,,Mandatory,,,,,
L25,stratum,1AC,V,Orchards,1AD,1AE,,,,@ontop,,,0,,,,,
L25,element,1AC,V,Orchards,1AD,1AE,1,,LC_Tree,lccs3_type,,,LC_Trees,,,,,
L25,element,1AC,V,Orchards,1AD,1AE,1,,LC_Tree,name,,,Trees,,,,,
L25,element,1AC,V,Orchards,1AD,1AE,1,,LC_Tree,description,,,Describe a vegetation element of trees type,,,,,
L25,element,1AC,V,Orchards,1AD,1AE,1,,LC_Tree,presence_type,,,Mandatory,,,,,
L25,characteristic,1AC,V,Orchards,1AD,1AE,1,1,LC_CultivatedAndManagedVegetationCharacteristics,lccs3_type,,,LC_CultivatedAndManagedVegetation,,,,,
L25,characteristic,1AC,V,Orchards,1AD,1AE,1,1,LC_CultivatedAndManagedVegetationCharacteristics,name,,,Cultivated And Managed Vegetation,,,,,
L25,characteristic,1AC,V,Orchards,1AD,1AE,1,1,LC_CultivatedAndManagedVegetationCharacteristics,description,,,Describe the cultivated and managed vegetation,,,,,
L25,characteristic,1AC,V,Orchards,1AD,1AE,1,1,LC_CultivatedAndManagedVegetationCharacteristics,elements/LC_Characteristic[LC_Rainfed]/name,,,Rainfed,,,,,
L25,characteristic,1AC,V,Orchards,1AD,1AE,1,1,LC_CultivatedAndManagedVegetationCharacteristics,elements/LC_Characteristic[LC_Rainfed]/description,,,Describe the rainfed,,,,,
L25,characteristic,1AC,V,Orchards,1AD,1AE,1,1,LC_CultivatedAndManagedVegetationCharacteristics,elements/LC_Characteristic[LC_Plantation]/name,,,Plantation,,,,,
L25,characteristic,1AC,V,Orchards,1AD,1AE,1,1,LC_CultivatedAndManagedVegetationCharacteristics,elements/LC_Characteristic[LC_Plantation]/description,,,Describe the plantation,,,,,
L25,characteristic,1AC,V,Orchards,1AD,1AE,1,1,LC_CultivatedAndManagedVegetationCharacteristics,elements/LC_Characteristic[LC_OrchardAndOtherPlantation]/name,,,Orchard And Other Plantation,,,,,
L25,characteristic,1AC,V,Orchards,1AD,1AE,1,1,LC_CultivatedAndManagedVegetationCharacteristics,elements/LC_Characteristic[LC_OrchardAndOtherPlantation]/description,,,Describe the orchard and other plantation,,,,,
L25,stratum,1AC,V,Orchards,1AD,1B4,,,,name,,,Stratum 2,,,,,
L25,stratum,1AC,V,Orchards,1AD,1B4,,,,description,,,Vegetation 2,,,,,
L25,stratum,1AC,V,Orchards,1AD,1B4,,,,presence_type,,,Optional,,,,,
L25,stratum,1AC,V,Orchards,1AD,1B4,,,,@ontop,,,0,,,,,
L25,element,1AC,V,Orchards,1AD,1B4,1,,LC_HerbaceousGrowthForm,lccs3_type,,,LC_HerbaceousGrowthForms,,,,,
L25,element,1AC,V,Orchards,1AD,1B4,1,,LC_HerbaceousGrowthForm,name,,,Herbaceous growth forms,,,,,
L25,element,1AC,V,Orchards,1AD,1B4,1,,LC_HerbaceousGrowthForm,description,,,Describe a vegetation element of herbaceous growth form type,,,,,
L25,element,1AC,V,Orchards,1AD,1B4,1,,LC_HerbaceousGrowthForm,presence_type,,,Mandatory,,,,,
L25,characteristic,1AC,V,Orchards,1AD,1B4,1,1,LC_CultivatedAndManagedVegetationCharacteristics,lccs3_type,,,LC_CultivatedAndManagedVegetation,,,,,
L25,characteristic,1AC,V,Orchards,1AD,1B4,1,1,LC_CultivatedAndManagedVegetationCharacteristics,name,,,Cultivated And Managed Vegetation,,,,,
L25,characteristic,1AC,V,Orchards,1AD,1B4,1,1,LC_CultivatedAndManagedVegetationCharacteristics,description,,,Describe the cultivated and managed vegetation,,,,,
L25,class,1B7,Vmp,Orchards (single crop) - rainfed,,,,,,class_name,,,Orchards (single crop) - rainfed,,,,,
L25,class,1B7,Vmp,Orchards (single crop) - rainfed,,,,,,class_description,,,Describe the land cover class,,,,,
L25,class,1B7,Vmp,Orchards (single crop) - rainfed,,,,,,class_map_code,,,Vmp,,,,,
L25,class,1B7,Vmp,Orchards (single crop) - rainfed,,,,,,uuid,,,a98876a3-9e39-11ec-8ea3-988d46a27cb4,,,,,
L25,hp,1B7,Vmp,Orchards (single crop) - rainfed,1B8,,,,,name,,,Horizontal Pattern 1,,,,,
L25,hp,1B7,Vmp,Orchards (single crop) - rainfed,1B8,,,,,description,,,Describe the horizontal pattern,,,,,
L25,stratum,1B7,Vmp,Orchards (single crop) - rainfed,1B8,1B9,,,,name,,,Stratum 1,,,,,
L25,stratum,1B7,Vmp,Orchards (single crop) - rainfed,1B8,1B9,,,,description,,,Vegetation 1,,,,,
L25,stratum,1B7,Vmp,Orchards (single crop) - rainfed,1B8,1B9,,,,presence_type,,,Mandatory,,,,,
L25,stratum,1B7,Vmp,Orchards (single crop) - rainfed,1B8,1B9,,,,@ontop,,,0,,,,,
L25,element,1B7,Vmp,Orchards (single crop) - rainfed,1B8,1B9,1,,LC_Tree,lccs3_type,,,LC_Trees,,,,,
L25,element,1B7,Vmp,Orchards (single crop) - rainfed,1B8,1B9,1,,LC_Tree,name,,,Trees,,,,,
L25,element,1B7,Vmp,Orchards (single crop) - rainfed,1B8,1B9,1,,LC_Tree,description,,,Describe a vegetation element of trees type,,,,,
L25,element,1B7,Vmp,Orchards (single crop) - rainfed,1B8,1B9,1,,LC_Tree,presence_type,,,Mandatory,,,,,
L25,characteristic,1B7,Vmp,Orchards (single crop) - rainfed,1B8,1B9,1,1,LC_CultivatedAndManagedVegetationCharacteristics,lccs3_type,,,LC_CultivatedAndManagedVegetation,,,,,
L25,characteristic,1B7,Vmp,Orchards (single crop) - rainfed,1B8,1B9,1,1,LC_CultivatedAndManagedVegetationCharacteristics,name,,,Cultivated And Managed Vegetation,,,,,
L25,characteristic,1B7,Vmp,Orchards (single crop) - rainfed,1B8,1B9,1,1,LC_CultivatedAndManagedVegetationCharacteristics,description,,,Describe the cultivated and managed vegetation,,,,,
L25,characteristic,1B7,Vmp,Orchards (single crop) - rainfed,1B8,1B9,1,1,LC_CultivatedAndManagedVegetationCharacteristics,elements/LC_Characteristic[LC_Rainfed]/name,,,Rainfed,,,,,
L25,characteristic,1B7,Vmp,Orchards (single crop) - rainfed,1B8,1B9,1,1,LC_CultivatedAndManagedVegetationCharacteristics,elements/LC_Characteristic[LC_Rainfed]/description,,,Describe the rainfed,,,,,
L25,characteristic,1B7,Vmp,Orchards (single crop) - rainfed,1B8,1B9,1,1,LC_CultivatedAndManagedVegetationCharacteristics,elements/LC_Characteristic[LC_Plantation]/name,,,Plantation,,,,,
L25,characteristic,1B7,Vmp,Orchards (single crop) - rainfed,1B8,1B9,1,1,LC_CultivatedAndManagedVegetationCharacteristics,elements/LC_Characteristic[LC_Plantation]/description,,,Describe the plantation,,,,,
L25,characteristic,1B7,Vmp,Orchards (single crop) - rainfed,1B8,1B9,1,1,LC_CultivatedAndManagedVegetationCharacteristics,elements/LC_Characteristic[LC_OrchardAndOtherPlantation]/name,,,Orchard And Other Plantation,,,,,
L25,characteristic,1B7,Vmp,Orchards (single crop) - rainfed,1B8,1B9,1,1,LC_CultivatedAndManagedVegetationCharacteristics,elements/LC_Characteristic[LC_OrchardAndOtherPlantation]/description,,,Describe the orchard and other plantation,,,,,
L25,class,1BF,Vcp,Orchards (multiple crop) - rainfed,,,,,,class_name,,,Orchards (multiple crop) - rainfed,,,,,
L25,class,1BF,Vcp,Orchards (multiple crop) - rainfed,,,,,,class_description,,,Describe the land cover class,,,,,
L25,class,1BF,Vcp,Orchards (multiple crop) - rainfed,,,,,,class_map_code,,,Vcp,,,,,
L25,class,1BF,Vcp,Orchards (multiple crop) - rainfed,,,,,,uuid,,,a9898813-9e39-11ec-8ea3-988d46a27cb4,,,,,
L25,hp,1BF,Vcp,Orchards (multiple crop) - rainfed,1C0,,,,,name,,,Horizontal Pattern 1,,,,,
L25,hp,1BF,Vcp,Orchards (multiple crop) - rainfed,1C0,,,,,description,,,Describe the horizontal pattern,,,,,
L25,stratum,1BF,Vcp,Orchards (multiple crop) - rainfed,1C0,1C1,,,,name,,,Stratum 1,,,,,
L25,stratum,1BF,Vcp,Orchards (multiple crop) - rainfed,1C0,1C1,,,,description,,,Vegetation 1,,,,,
L25,stratum,1BF,Vcp,Orchards (multiple crop) - rainfed,1C0,1C1,,,,presence_type,,,Mandatory,,,,,
L25,stratum,1BF,Vcp,Orchards (multiple crop) - rainfed,1C0,1C1,,,,@ontop,,,0,,,,,
L25,element,1BF,Vcp,Orchards (multiple crop) - rainfed,1C0,1C1,1,,LC_Tree,lccs3_type,,,LC_Trees,,,,,
L25,element,1BF,Vcp,Orchards (multiple crop) - rainfed,1C0,1C1,1,,LC_Tree,name,,,Trees,,,,,
L25,element,1BF,Vcp,Orchards (multiple crop) - rainfed,1C0,1C1,1,,LC_Tree,description,,,Describe a vegetation element of trees type,,,,,
L25,element,1BF,Vcp,Orchards (multiple crop) - rainfed,1C0,1C1,1,,LC_Tree,presence_type,,,Mandatory,,,,,
L25,characteristic,1BF,Vcp,Orchards (multiple crop) - rainfed,1C0,1C1,1,1,LC_CultivatedAndManagedVegetationCharacteristics,lccs3_type,,,LC_CultivatedAndManagedVegetation,,,,,
L25,characteristic,1BF,Vcp,Orchards (multiple crop) - rainfed,1C0,1C1,1,1,LC_CultivatedAndManagedVegetationCharacteristics,name,,,Cultivated And Managed Vegetation,,,,,
L25,characteristic,1BF,Vcp,Orchards (multiple crop) - rainfed,1C0,1C1,1,1,LC_CultivatedAndManagedVegetationCharacteristics,description,,,Describe the cultivated and managed vegetation,,,,,
L25,characteristic,1BF,Vcp,Orchards (multiple crop) - rainfed,1C0,1C1,1,1,LC_CultivatedAndManagedVegetationCharacteristics,elements/LC_Characteristic[LC_Rainfed]/name,,,Rainfed,,,,,
L25,characteristic,1BF,Vcp,Orchards (multiple crop) - rainfed,1C0,1C1,1,1,LC_CultivatedAndManagedVegetationCharacteristics,elements/LC_Characteristic[LC_Rainfed]/description,,,Describe the rainfed,,,,,
L25,characteristic,1BF,Vcp,Orchards (multiple crop) - rainfed,1C0,1C1,1,1,LC_CultivatedAndManagedVegetationCharacteristics,elements/LC_Characteristic[LC_Plantation]/name,,,Plantation,,,,,
L25,characteristic,1BF,Vcp,Orchards (multiple crop) - rainfed,1C0,1C1,1,1,LC_CultivatedAndManagedVegetationCharacteristics,elements/LC_Characteristic[LC_Plantation]/description,,,Describe the plantation,,,,,
L25,characteristic,1BF,Vcp,Orchards (multiple crop) - rainfed,1C0,1C1,1,1,LC_CultivatedAndManagedVegetationCharacteristics,elements/LC_Characteristic[LC_OrchardAndOtherPlantation]/name,,,Orchard And Other Plantation,,,,,
L25,characteristic,1BF,Vcp,Orchards (multiple crop) - rainfed,1C0,1C1,1,1,LC_CultivatedAndManagedVegetationCharacteristics,elements/LC_Characteristic[LC_OrchardAndOtherPlantation]/description,,,Describe the orchard and other plantation,,,,,
L25,stratum,1BF,Vcp,Orchards (multiple crop) - rainfed,1C0,1C7,,,,name,,,Stratum 2,,,,,
L25,stratum,1BF,Vcp,Orchards (multiple crop) - rainfed,1C0,1C7,,,,description,,,Vegetation 2,,,,,
L25,stratum,1BF,Vcp,Orchards (multiple crop) - rainfed,1C0,1C7,,,,presence_type,,,Mandatory,,,,,
L25,stratum,1BF,Vcp,Orchards (multiple crop) - rainfed,1C0,1C7,,,,@ontop,,,0,,,,,
L25,element,1BF,Vcp,Orchards (multiple crop) - rainfed,1C0,1C7,1,,LC_HerbaceousGrowthForm,lccs3_type,,,LC_HerbaceousGrowthForms,,,,,
L25,element,1BF,Vcp,Orchards (multiple crop) - rainfed,1C0,1C7,1,,LC_HerbaceousGrowthForm,name,,,Herbaceous growth forms,,,,,
L25,element,1BF,Vcp,Orchards (multiple crop) - rainfed,1C0,1C7,1,,LC_HerbaceousGrowthForm,description,,,Describe a vegetation element of herbaceous growth form type,,,,,
L25,element,1BF,Vcp,Orchards (multiple crop) - rainfed,1C0,1C7,1,,LC_HerbaceousGrowthForm,presence_type,,,Mandatory,,,,,
L25,characteristic,1BF,Vcp,Orchards (multiple crop) - rainfed,1C0,1C7,1,1,LC_CultivatedAndManagedVegetationCharacteristics,lccs3_type,,,LC_CultivatedAndManagedVegetation,,,,,
L25,characteristic,1BF,Vcp,Orchards (multiple crop) - rainfed,1C0,1C7,1,1,LC_CultivatedAndManagedVegetationCharacteristics,name,,,Cultivated And Managed Vegetation,,,,,
L25,characteristic,1BF,Vcp,Orchards (multiple crop) - rainfed,1C0,1C7,1,1,LC_CultivatedAndManagedVegetationCharacteristics,description,,,Describe the cultivated and managed vegetation,,,,,
L25,class,1CA,Cab,Shrub crop plantation,,,,,,class_name,,,Shrub crop plantation,,,,,
L25,class,1CA,Cab,Shrub crop plantation,,,,,,class_description,,,Describe the land cover class,,,,,
L25,class,1CA,Cab,Shrub crop plantation,,,,,,class_map_code,,,Cab,,,,,
L25,class,1CA,Cab,Shrub crop plantation,,,,,,uuid,,,bdddb1b3-9e39-11ec-8ea3-988d46a27cb4,,,,,
L25,hp,1CA,Cab,Shrub crop plantation,1CB,,,,,name,,,Horizontal Pattern 1,,,,,
L25,hp,1CA,Cab,Shrub crop plantation,1CB,,,,,description,,,Describe the horizontal pattern,,,,,
L25,stratum,1CA,Cab,Shrub crop plantation,1CB,1CC,,,,name,,,Stratum 1,,,,,
L25,stratum,1CA,Cab,Shrub crop plantation,1CB,1CC,,,,description,,,Vegetation 1,,,,,
L25,stratum,1CA,Cab,Shrub crop plantation,1CB,1CC,,,,presence_type,,,Mandatory,,,,,
L25,stratum,1CA,Cab,Shrub crop plantation,1CB,1CC,,,,@ontop,,,0,,,,,
L25,element,1CA,Cab,Shrub crop plantation,1CB,1CC,1,,LC_Shrub,lccs3_type,,,LC_Shrubs,,,,,
L25,element,1CA,Cab,Shrub crop plantation,1CB,1CC,1,,LC_Shrub,name,,,Shrubs,,,,,
L25,element,1CA,Cab,Shrub crop plantation,1CB,1CC,1,,LC_Shrub,description,,,Describe a vegetation element of shrubs type,,,,,
L25,element,1CA,Cab,Shrub crop plantation,1CB,1CC,1,,LC_Shrub,presence_type,,,Mandatory,,,,,
L25,characteristic,1CA,Cab,Shrub crop plantation,1CB,1CC,1,1,LC_CultivatedAndManagedVegetationCharacteristics,lccs3_type,,,LC_CultivatedAndManagedVegetation,,,,,
L25,characteristic,1CA,Cab,Shrub crop plantation,1CB,1CC,1,1,LC_CultivatedAndManagedVegetationCharacteristics,name,,,Cultivated And Managed Vegetation,,,,,
L25,characteristic,1CA,Cab,Shrub crop plantation,1CB,1CC,1,1,LC_CultivatedAndManagedVegetationCharacteristics,description,,,Describe the cultivated and managed vegetation,,,,,
L25,characteristic,1CA,Cab,Shrub crop plantation,1CB,1CC,1,1,LC_CultivatedAndManagedVegetationCharacteristics,elements/LC_Characteristic[LC_Rainfed]/name,,,Rainfed,,,,,
L25,characteristic,1CA,Cab,Shrub crop plantation,1CB,1CC,1,1,LC_CultivatedAndManagedVegetationCharacteristics,elements/LC_Characteristic[LC_Rainfed]/description,,,Describe the rainfed,,,,,
L25,stratum,1CA,Cab,Shrub crop plantation,1CB,1D0,,,,name,,,Stratum 2,,,,,
L25,stratum,1CA,Cab,Shrub crop plantation,1CB,1D0,,,,description,,,Vegetation 2,,,,,
L25,stratum,1CA,Cab,Shrub crop plantation,1CB,1D0,,,,presence_type,,,Optional,,,,,
L25,stratum,1CA,Cab,Shrub crop plantation,1CB,1D0,,,,@ontop,,,0,,,,,
L25,element,1CA,Cab,Shrub crop plantation,1CB,1D0,1,,LC_Tree,lccs3_type,,,LC_Trees,,,,,
L25,element,1CA,Cab,Shrub crop plantation,1CB,1D0,1,,LC_Tree,name,,,Trees,,,,,
L25,element,1CA,Cab,Shrub crop plantation,1CB,1D0,1,,LC_Tree,description,,,Describe a vegetation element of trees type,,,,,
L25,element,1CA,Cab,Shrub crop plantation,1CB,1D0,1,,LC_Tree,presence_type,,,Mandatory,,,,,
L25,element,1CA,Cab,Shrub crop plantation,1CB,1D0,1,,LC_Tree,cover,5.0,20.0,,,,,,
L25,characteristic,1CA,Cab,Shrub crop plantation,1CB,1D0,1,1,LC_VegetationArtificialityCharacteristic,lccs3_type,,,LC_NaturalOrSeminaturalVegetation,,,,,value: Natural or Seminatural
L25,characteristic,1CA,Cab,Shrub crop plantation,1CB,1D0,1,1,LC_VegetationArtificialityCharacteristic,name,,,Natural Or Seminatural Vegetation,,,,,
L25,characteristic,1CA,Cab,Shrub crop plantation,1CB,1D0,1,1,LC_VegetationArtificialityCharacteristic,description,,,Describe the natural or seminatural vegetation,,,,,
L25,class,1D3,Cabs,Single layer shrub crop,,,,,,class_name,,,Single layer shrub crop,,,,,
L25,class,1D3,Cabs,Single layer shrub crop,,,,,,class_description,,,Describe the land cover class,,,,,
L25,class,1D3,Cabs,Single layer shrub crop,,,,,,class_map_code,,,Cabs,,,,,
L25,class,1D3,Cabs,Single layer shrub crop,,,,,,uuid,,,bddeea33-9e39-11ec-8ea3-988d46a27cb4,,,,,
L25,hp,1D3,Cabs,Single layer shrub crop,1D4,,,,,name,,,Horizontal Pattern 1,,,,,
L25,hp,1D3,Cabs,Single layer shrub crop,1D4,,,,,description,,,Describe the horizontal pattern,,,,,
L25,stratum,1D3,Cabs,Single layer shrub crop,1D4,1D5,,,,name,,,Stratum 1,,,,,
L25,stratum,1D3,Cabs,Single layer shrub crop,1D4,1D5,,,,description,,,Vegetation 1,,,,,
L25,stratum,1D3,Cabs,Single layer shrub crop,1D4,1D5,,,,presence_type,,,Mandatory,,,,,
L25,stratum,1D3,Cabs,Single layer shrub crop,1D4,1D5,,,,@ontop,,,0,,,,,
L25,element,1D3,Cabs,Single layer shrub crop,1D4,1D5,1,,LC_Shrub,lccs3_type,,,LC_Shrubs,,,,,
L25,element,1D3,Cabs,Single layer shrub crop,1D4,1D5,1,,LC_Shrub,name,,,Shrubs,,,,,
L25,element,1D3,Cabs,Single layer shrub crop,1D4,1D5,1,,LC_Shrub,description,,,Describe a vegetation element of shrubs type,,,,,
L25,element,1D3,Cabs,Single layer shrub crop,1D4,1D5,1,,LC_Shrub,presence_type,,,Mandatory,,,,,
L25,characteristic,1D3,Cabs,Single layer shrub crop,1D4,1D5,1,1,LC_CultivatedAndManagedVegetationCharacteristics,lccs3_type,,,LC_CultivatedAndManagedVegetation,,,,,
L25,characteristic,1D3,Cabs,Single layer shrub crop,1D4,1D5,1,1,LC_CultivatedAndManagedVegetationCharacteristics,name,,,Cultivated And Managed Vegetation,,,,,
L25,characteristic,1D3,Cabs,Single layer shrub crop,1D4,1D5,1,1,LC_CultivatedAndManagedVegetationCharacteristics,description,,,Describe the cultivated and managed vegetation,,,,,
L25,characteristic,1D3,Cabs,Single layer shrub crop,1D4,1D5,1,1,LC_CultivatedAndManagedVegetationCharacteristics,elements/LC_Characteristic[LC_Rainfed]/name,,,Rainfed,,,,,
L25,characteristic,1D3,Cabs,Single layer shrub crop,1D4,1D5,1,1,LC_CultivatedAndManagedVegetationCharacteristics,elements/LC_Characteristic[LC_Rainfed]/description,,,Describe the rainfed,,,,,
L25,class,1D9,Cabo,Shadowed shrub crop,,,,,,class_name,,,Shadowed shrub crop,,,,,
L25,class,1D9,Cabo,Shadowed shrub crop,,,,,,class_description,,,Describe the land cover class,,,,,
L25,class,1D9,Cabo,Shadowed shrub crop,,,,,,class_map_code,,,Cabo,,,,,
L25,class,1D9,Cabo,Shadowed shrub crop,,,,,,uuid,,,bde049c3-9e39-11ec-8ea3-988d46a27cb4,,,,,
L25,hp,1D9,Cabo,Shadowed shrub crop,1DA,,,,,name,,,Horizontal Pattern 1,,,,,
L25,hp,1D9,Cabo,Shadowed shrub crop,1DA,,,,,description,,,Describe the horizontal pattern,,,,,
L25,stratum,1D9,Cabo,Shadowed shrub crop,1DA,1DB,,,,name,,,Stratum 1,,,,,
L25,stratum,1D9,Cabo,Shadowed shrub crop,1DA,1DB,,,,description,,,Vegetation 1,,,,,
L25,stratum,1D9,Cabo,Shadowed shrub crop,1DA,1DB,,,,presence_type,,,Mandatory,,,,,
L25,stratum,1D9,Cabo,Shadowed shrub crop,1DA,1DB,,,,@ontop,,,0,,,,,
L25,element,1D9,Cabo,Shadowed shrub crop,1DA,1DB,1,,LC_Shrub,lccs3_type,,,LC_Shrubs,,,,,
L25,element,1D9,Cabo,Shadowed shrub crop,1DA,1DB,1,,LC_Shrub,name,,,Shrubs,,,,,
L25,element,1D9,Cabo,Shadowed shrub crop,1DA,1DB,1,,LC_Shrub,description,,,Describe a vegetation element of shrubs type,,,,,
L25,element,1D9,Cabo,Shadowed shrub crop,1DA,1DB,1,,LC_Shrub,presence_type,,,Mandatory,,,,,
L25,characteristic,1D9,Cabo,Shadowed shrub crop,1DA,1DB,1,1,LC_CultivatedAndManagedVegetationCharacteristics,lccs3_type,,,LC_CultivatedAndManagedVegetation,,,,,
L25,characteristic,1D9,Cabo,Shadowed shrub crop,1DA,1DB,1,1,LC_CultivatedAndManagedVegetationCharacteristics,name,,,Cultivated And Managed Vegetation,,,,,
L25,characteristic,1D9,Cabo,Shadowed shrub crop,1DA,1DB,1,1,LC_CultivatedAndManagedVegetationCharacteristics,description,,,Describe the cultivated and managed vegetation,,,,,
L25,characteristic,1D9,Cabo,Shadowed shrub crop,1DA,1DB,1,1,LC_CultivatedAndManagedVegetationCharacteristics,elements/LC_Characteristic[LC_Rainfed]/name,,,Rainfed,,,,,
L25,characteristic,1D9,Cabo,Shadowed shrub crop,1DA,1DB,1,1,LC_CultivatedAndManagedVegetationCharacteristics,elements/LC_Characteristic[LC_Rainfed]/description,,,Describe the rainfed,,,,,
L25,stratum,1D9,Cabo,Shadowed shrub crop,1DA,1DF,,,,name,,,Stratum 2,,,,,
L25,stratum,1D9,Cabo,Shadowed shrub crop,1DA,1DF,,,,description,,,Vegetation 2,,,,,
L25,stratum,1D9,Cabo,Shadowed shrub crop,1DA,1DF,,,,presence_type,,,Mandatory,,,,,
L25,stratum,1D9,Cabo,Shadowed shrub crop,1DA,1DF,,,,@ontop,,,0,,,,,
L25,element,1D9,Cabo,Shadowed shrub crop,1DA,1DF,1,,LC_Tree,lccs3_type,,,LC_Trees,,,,,
L25,element,1D9,Cabo,Shadowed shrub crop,1DA,1DF,1,,LC_Tree,name,,,Trees,,,,,
L25,element,1D9,Cabo,Shadowed shrub crop,1DA,1DF,1,,LC_Tree,description,,,Describe a vegetation element of trees type,,,,,
L25,element,1D9,Cabo,Shadowed shrub crop,1DA,1DF,1,,LC_Tree,presence_type,,,Mandatory,,,,,
L25,element,1D9,Cabo,Shadowed shrub crop,1DA,1DF,1,,LC_Tree,cover,5.0,20.0,,,,,,
L25,characteristic,1D9,Cabo,Shadowed shrub crop,1DA,1DF,1,1,LC_VegetationArtificialityCharacteristic,lccs3_type,,,LC_NaturalOrSeminaturalVegetation,,,,,value: Natural or Seminatural
L25,characteristic,1D9,Cabo,Shadowed shrub crop,1DA,1DF,1,1,LC_VegetationArtificialityCharacteristic,name,,,Natural Or Seminatural Vegetation,,,,,
L25,characteristic,1D9,Cabo,Shadowed shrub crop,1DA,1DF,1,1,LC_VegetationArtificialityCharacteristic,description,,,Describe the natural or seminatural vegetation,,,,,
L25,class,1E2,Ch,Herbaceous crops,,,,,,class_name,,,Herbaceous crops,,,,,
L25,class,1E2,Ch,Herbaceous crops,,,,,,class_description,,,Describe the land cover class,,,,,
L25,class,1E2,Ch,Herbaceous crops,,,,,,class_map_code,,,Ch,,,,,
L25,class,1E2,Ch,Herbaceous crops,,,,,,uuid,,,d7fd9f13-9e39-11ec-8ea3-988d46a27cb4,,,,,
L25,hp,1E2,Ch,Herbaceous crops,1E3,,,,,name,,,Horizontal Pattern 1,,,,,
L25,hp,1E2,Ch,Herbaceous crops,1E3,,,,,description,,,Describe the horizontal pattern,,,,,
L25,stratum,1E2,Ch,Herbaceous crops,1E3,1E4,,,,name,,,Stratum 1,,,,,
L25,stratum,1E2,Ch,Herbaceous crops,1E3,1E4,,,,description,,,Vegetation 1,,,,,
L25,stratum,1E2,Ch,Herbaceous crops,1E3,1E4,,,,presence_type,,,Mandatory,,,,,
L25,stratum,1E2,Ch,Herbaceous crops,1E3,1E4,,,,@ontop,,,0,,,,,
L25,element,1E2,Ch,Herbaceous crops,1E3,1E4,1,,LC_HerbaceousGrowthForm,lccs3_type,,,LC_HerbaceousGrowthForms,,,,,
L25,element,1E2,Ch,Herbaceous crops,1E3,1E4,1,,LC_HerbaceousGrowthForm,name,,,Herbaceous growth forms,,,,,
L25,element,1E2,Ch,Herbaceous crops,1E3,1E4,1,,LC_HerbaceousGrowthForm,description,,,Describe a vegetation element of herbaceous growth form type,,,,,
L25,element,1E2,Ch,Herbaceous crops,1E3,1E4,1,,LC_HerbaceousGrowthForm,presence_type,,,Mandatory,,,,,
L25,characteristic,1E2,Ch,Herbaceous crops,1E3,1E4,1,1,LC_CultivatedAndManagedVegetationCharacteristics,lccs3_type,,,LC_CultivatedAndManagedVegetation,,,,,
L25,characteristic,1E2,Ch,Herbaceous crops,1E3,1E4,1,1,LC_CultivatedAndManagedVegetationCharacteristics,name,,,Cultivated And Managed Vegetation,,,,,
L25,characteristic,1E2,Ch,Herbaceous crops,1E3,1E4,1,1,LC_CultivatedAndManagedVegetationCharacteristics,description,,,Describe the cultivated and managed vegetation,,,,,
L25,characteristic,1E2,Ch,Herbaceous crops,1E3,1E4,1,1,LC_CultivatedAndManagedVegetationCharacteristics,elements/LC_Characteristic[LC_Rainfed]/name,,,Rainfed,,,,,
L25,characteristic,1E2,Ch,Herbaceous crops,1E3,1E4,1,1,LC_CultivatedAndManagedVegetationCharacteristics,elements/LC_Characteristic[LC_Rainfed]/description,,,Describe the rainfed,,,,,
L25,class,1E8,Canh,Annual herb cultivation,,,,,,class_name,,,Annual herb cultivation,,,,,
L25,class,1E8,Canh,Annual herb cultivation,,,,,,class_description,,,Describe the land cover class,,,,,
L25,class,1E8,Canh,Annual herb cultivation,,,,,,class_map_code,,,Canh,,,,,
L25,class,1E8,Canh,Annual herb cultivation,,,,,,uuid,,,d7fed793-9e39-11ec-8ea3-988d46a27cb4,,,,,
L25,hp,1E8,Canh,Annual herb cultivation,1E9,,,,,name,,,Horizontal Pattern 1,,,,,
L25,hp,1E8,Canh,Annual herb cultivation,1E9,,,,,description,,,Describe the horizontal pattern,,,,,
L25,stratum,1E8,Canh,Annual herb cultivation,1E9,1EA,,,,name,,,Stratum 1,,,,,
L25,stratum,1E8,Canh,Annual herb cultivation,1E9,1EA,,,,description,,,Vegetation 1,,,,,
L25,stratum,1E8,Canh,Annual herb cultivation,1E9,1EA,,,,presence_type,,,Mandatory,,,,,
L25,stratum,1E8,Canh,Annual herb cultivation,1E9,1EA,,,,@ontop,,,0,,,,,
L25,element,1E8,Canh,Annual herb cultivation,1E9,1EA,1,,LC_HerbaceousGrowthForm,lccs3_type,,,LC_HerbaceousGrowthForms,,,,,
L25,element,1E8,Canh,Annual herb cultivation,1E9,1EA,1,,LC_HerbaceousGrowthForm,name,,,Herbaceous growth forms,,,,,
L25,element,1E8,Canh,Annual herb cultivation,1E9,1EA,1,,LC_HerbaceousGrowthForm,description,,,Describe a vegetation element of herbaceous growth form type,,,,,
L25,element,1E8,Canh,Annual herb cultivation,1E9,1EA,1,,LC_HerbaceousGrowthForm,presence_type,,,Mandatory,,,,,
L25,characteristic,1E8,Canh,Annual herb cultivation,1E9,1EA,1,1,LC_CultivatedAndManagedVegetationCharacteristics,lccs3_type,,,LC_CultivatedAndManagedVegetation,,,,,
L25,characteristic,1E8,Canh,Annual herb cultivation,1E9,1EA,1,1,LC_CultivatedAndManagedVegetationCharacteristics,name,,,Cultivated And Managed Vegetation,,,,,
L25,characteristic,1E8,Canh,Annual herb cultivation,1E9,1EA,1,1,LC_CultivatedAndManagedVegetationCharacteristics,description,,,Describe the cultivated and managed vegetation,,,,,
L25,characteristic,1E8,Canh,Annual herb cultivation,1E9,1EA,1,1,LC_CultivatedAndManagedVegetationCharacteristics,elements/LC_Characteristic[LC_Rainfed]/name,,,Rainfed,,,,,
L25,characteristic,1E8,Canh,Annual herb cultivation,1E9,1EA,1,1,LC_CultivatedAndManagedVegetationCharacteristics,elements/LC_Characteristic[LC_Rainfed]/description,,,Describe the rainfed,,,,,
L25,characteristic,1E8,Canh,Annual herb cultivation,1E9,1EA,1,1,LC_CultivatedAndManagedVegetationCharacteristics,elements/LC_Characteristic[LC_CropRotation]/name,,,Crop Rotation,,,,,
L25,characteristic,1E8,Canh,Annual herb cultivation,1E9,1EA,1,1,LC_CultivatedAndManagedVegetationCharacteristics,elements/LC_Characteristic[LC_CropRotation]/description,,,Describe the crop rotation,,,,,
L25,characteristic,1E8,Canh,Annual herb cultivation,1E9,1EA,1,1,LC_CultivatedAndManagedVegetationCharacteristics,elements/LC_Characteristic[LC_CropRotation]/rotation_period,1.0,3.0,,,,,,
L25,class,1EF,Cith,Shifting herb cultivation,,,,,,class_name,,,Shifting herb cultivation,,,,,
L25,class,1EF,Cith,Shifting herb cultivation,,,,,,class_description,,,Describe the land cover class,,,,,
L25,class,1EF,Cith,Shifting herb cultivation,,,,,,class_map_code,,,Cith,,,,,
L25,class,1EF,Cith,Shifting herb cultivation,,,,,,uuid,,,d7ffe903-9e39-11ec-8ea3-988d46a27cb4,,,,,
L25,hp,1EF,Cith,Shifting herb cultivation,1F0,,,,,name,,,Horizontal Pattern 1,,,,,
L25,hp,1EF,Cith,Shifting herb cultivation,1F0,,,,,description,,,Describe the horizontal pattern,,,,,
L25,hp,1EF,Cith,Shifting herb cultivation,1F0,,,,,cover,15.0,30.0,,,,,,
L25,hp,1EF,Cith,Shifting herb cultivation,1F0,,,,,occurance,100.0,100.0,,,,,,
L25,stratum,1EF,Cith,Shifting herb cultivation,1F0,1F1,,,,name,,,Stratum 1,,,,,
L25,stratum,1EF,Cith,Shifting herb cultivation,1F0,1F1,,,,description,,,Vegetation 1,,,,,
L25,stratum,1EF,Cith,Shifting herb cultivation,1F0,1F1,,,,presence_type,,,Mandatory,,,,,
L25,stratum,1EF,Cith,Shifting herb cultivation,1F0,1F1,,,,@ontop,,,0,,,,,
L25,element,1EF,Cith,Shifting herb cultivation,1F0,1F1,1,,LC_HerbaceousGrowthForm,lccs3_type,,,LC_HerbaceousGrowthForms,,,,,
L25,element,1EF,Cith,Shifting herb cultivation,1F0,1F1,1,,LC_HerbaceousGrowthForm,name,,,Herbaceous growth forms,,,,,
L25,element,1EF,Cith,Shifting herb cultivation,1F0,1F1,1,,LC_HerbaceousGrowthForm,description,,,Describe a vegetation element of herbaceous growth form type,,,,,
L25,element,1EF,Cith,Shifting herb cultivation,1F0,1F1,1,,LC_HerbaceousGrowthForm,presence_type,,,Mandatory,,,,,
L25,characteristic,1EF,Cith,Shifting herb cultivation,1F0,1F1,1,1,LC_CultivatedAndManagedVegetationCharacteristics,lccs3_type,,,LC_CultivatedAndManagedVegetation,,,,,
L25,characteristic,1EF,Cith,Shifting herb cultivation,1F0,1F1,1,1,LC_CultivatedAndManagedVegetationCharacteristics,name,,,Cultivated And Managed Vegetation,,,,,
L25,characteristic,1EF,Cith,Shifting herb cultivation,1F0,1F1,1,1,LC_CultivatedAndManagedVegetationCharacteristics,description,,,Describe the cultivated and managed vegetation,,,,,
L25,characteristic,1EF,Cith,Shifting herb cultivation,1F0,1F1,1,1,LC_CultivatedAndManagedVegetationCharacteristics,elements/LC_Characteristic[LC_Rainfed]/name,,,Rainfed,,,,,
L25,characteristic,1EF,Cith,Shifting herb cultivation,1F0,1F1,1,1,LC_CultivatedAndManagedVegetationCharacteristics,elements/LC_Characteristic[LC_Rainfed]/description,,,Describe the rainfed,,,,,
L25,characteristic,1EF,Cith,Shifting herb cultivation,1F0,1F1,1,1,LC_CultivatedAndManagedVegetationCharacteristics,elements/LC_Characteristic[LC_CropRotation]/name,,,Crop Rotation,,,,,
L25,characteristic,1EF,Cith,Shifting herb cultivation,1F0,1F1,1,1,LC_CultivatedAndManagedVegetationCharacteristics,elements/LC_Characteristic[LC_CropRotation]/description,,,Describe the crop rotation,,,,,
L25,characteristic,1EF,Cith,Shifting herb cultivation,1F0,1F1,1,1,LC_CultivatedAndManagedVegetationCharacteristics,elements/LC_Characteristic[LC_CropRotation]/rotation_period,1.0,2.0,,,,,,
L25,hp,1EF,Cith,Shifting herb cultivation,1F6,,,,,name,,,Horizontal Pattern 2,,,,,
L25,hp,1EF,Cith,Shifting herb cultivation,1F6,,,,,description,,,Describe the horizontal pattern,,,,,
L25,hp,1EF,Cith,Shifting herb cultivation,1F6,,,,,cover,30.0,85.0,,,,,,
L25,hp,1EF,Cith,Shifting herb cultivation,1F6,,,,,occurance,100.0,100.0,,,,,,
L25,stratum,1EF,Cith,Shifting herb cultivation,1F6,1F7,,,,name,,,Stratum 1,,,,,
L25,stratum,1EF,Cith,Shifting herb cultivation,1F6,1F7,,,,description,,,Vegetation 1,,,,,
L25,stratum,1EF,Cith,Shifting herb cultivation,1F6,1F7,,,,presence_type,,,Mandatory,,,,,
L25,stratum,1EF,Cith,Shifting herb cultivation,1F6,1F7,,,,@ontop,,,0,,,,,
L25,element,1EF,Cith,Shifting herb cultivation,1F6,1F7,1,,LC_GrowthForm,lccs3_type,,,LC_GrowthForms,,,,,
L25,element,1EF,Cith,Shifting herb cultivation,1F6,1F7,1,,LC_GrowthForm,name,,,Growth Forms,,,,,
L25,element,1EF,Cith,Shifting herb cultivation,1F6,1F7,1,,LC_GrowthForm,description,,,Describe a vegetation element of growth form type,,,,,
L25,element,1EF,Cith,Shifting herb cultivation,1F6,1F7,1,,LC_GrowthForm,presence_type,,,Mandatory,,,,,
L25,characteristic,1EF,Cith,Shifting herb cultivation,1F6,1F7,1,1,LC_VegetationArtificialityCharacteristic,lccs3_type,,,LC_NaturalOrSeminaturalVegetation,,,,,value: Natural or Seminatural
L25,characteristic,1EF,Cith,Shifting herb cultivation,1F6,1F7,1,1,LC_VegetationArtificialityCharacteristic,name,,,Natural Or Seminatural Vegetation,,,,,
L25,characteristic,1EF,Cith,Shifting herb cultivation,1F6,1F7,1,1,LC_VegetationArtificialityCharacteristic,description,,,Describe the natural or seminatural vegetation,,,,,
L25,class,1FA,Cia,Active shifting cultivation,,,,,,class_name,,,Active shifting cultivation,,,,,
L25,class,1FA,Cia,Active shifting cultivation,,,,,,class_description,,,Describe the land cover class,,,,,
L25,class,1FA,Cia,Active shifting cultivation,,,,,,class_map_code,,,Cia,,,,,
L25,class,1FA,Cia,Active shifting cultivation,,,,,,uuid,,,0410e2b3-9e3a-11ec-8ea3-988d46a27cb4,,,,,
L25,hp,1FA,Cia,Active shifting cultivation,1FB,,,,,name,,,Horizontal Pattern 1,,,,,
L25,hp,1FA,Cia,Active shifting cultivation,1FB,,,,,description,,,Describe the horizontal pattern,,,,,
L25,stratum,1FA,Cia,Active shifting cultivation,1FB,1FC,,,,name,,,Stratum 1,,,,,
L25,stratum,1FA,Cia,Active shifting cultivation,1FB,1FC,,,,description,,,Vegetation 1,,,,,
L25,stratum,1FA,Cia,Active shifting cultivation,1FB,1FC,,,,presence_type,,,Mandatory,,,,,
L25,stratum,1FA,Cia,Active shifting cultivation,1FB,1FC,,,,@ontop,,,0,,,,,
L25,element,1FA,Cia,Active shifting cultivation,1FB,1FC,1,,LC_HerbaceousGrowthForm,lccs3_type,,,LC_HerbaceousGrowthForms,,,,,
L25,element,1FA,Cia,Active shifting cultivation,1FB,1FC,1,,LC_HerbaceousGrowthForm,name,,,Herbaceous growth forms,,,,,
L25,element,1FA,Cia,Active shifting cultivation,1FB,1FC,1,,LC_HerbaceousGrowthForm,description,,,Describe a vegetation element of herbaceous growth form type,,,,,
L25,element,1FA,Cia,Active shifting cultivation,1FB,1FC,1,,LC_HerbaceousGrowthForm,sequential_temporal_relationship/type,,,Sequential Other Year,,,,,
L25,element,1FA,Cia,Active shifting cultivation,1FB,1FC,1,,LC_HerbaceousGrowthForm,sequential_temporal_relationship/length,1.0,2.0,,,,,,
L25,element,1FA,Cia,Active shifting cultivation,1FB,1FC,1,,LC_HerbaceousGrowthForm,presence_type,,,Temporal Sequence Depending,,,,,
L25,characteristic,1FA,Cia,Active shifting cultivation,1FB,1FC,1,1,LC_CultivatedAndManagedVegetationCharacteristics,lccs3_type,,,LC_CultivatedAndManagedVegetation,,,,,
L25,characteristic,1FA,Cia,Active shifting cultivation,1FB,1FC,1,1,LC_CultivatedAndManagedVegetationCharacteristics,name,,,Cultivated And Managed Vegetation,,,,,
L25,characteristic,1FA,Cia,Active shifting cultivation,1FB,1FC,1,1,LC_CultivatedAndManagedVegetationCharacteristics,description,,,Describe the cultivated and managed vegetation,,,,,
L25,characteristic,1FA,Cia,Active shifting cultivation,1FB,1FC,1,1,LC_CultivatedAndManagedVegetationCharacteristics,elements/LC_Characteristic[LC_Rainfed]/name,,,Rainfed,,,,,
L25,characteristic,1FA,Cia,Active shifting cultivation,1FB,1FC,1,1,LC_CultivatedAndManagedVegetationCharacteristics,elements/LC_Characteristic[LC_Rainfed]/description,,,Describe the rainfed,,,,,
L25,characteristic,1FA,Cia,Active shifting cultivation,1FB,1FC,1,1,LC_CultivatedAndManagedVegetationCharacteristics,elements/LC_Characteristic[LC_CropRotation]/name,,,Crop Rotation,,,,,
L25,characteristic,1FA,Cia,Active shifting cultivation,1FB,1FC,1,1,LC_CultivatedAndManagedVegetationCharacteristics,elements/LC_Characteristic[LC_CropRotation]/description,,,Describe the crop rotation,,,,,
L25,characteristic,1FA,Cia,Active shifting cultivation,1FB,1FC,1,1,LC_CultivatedAndManagedVegetationCharacteristics,elements/LC_Characteristic[LC_CropRotation]/rotation_period,4.0,6.0,,,,,,
L25,element,1FA,Cia,Active shifting cultivation,1FB,1FC,2,,LC_Shrub,lccs3_type,,,LC_Shrubs,,,,,
L25,element,1FA,Cia,Active shifting cultivation,1FB,1FC,2,,LC_Shrub,name,,,Shrubs,,,,,
L25,element,1FA,Cia,Active shifting cultivation,1FB,1FC,2,,LC_Shrub,description,,,Describe a vegetation element of shrubs type,,,,,
L25,element,1FA,Cia,Active shifting cultivation,1FB,1FC,2,,LC_Shrub,sequential_temporal_relationship/type,,,Sequential Other Year,,,,,
L25,element,1FA,Cia,Active shifting cultivation,1FB,1FC,2,,LC_Shrub,sequential_temporal_relationship/length,2.0,6.0,,,,,,
L25,element,1FA,Cia,Active shifting cultivation,1FB,1FC,2,,LC_Shrub,presence_type,,,Temporal Sequence Depending,,,,,
L25,element,1FA,Cia,Active shifting cultivation,1FB,1FC,2,,LC_Shrub,height,0.5,5.0,,,,,,
L25,characteristic,1FA,Cia,Active shifting cultivation,1FB,1FC,2,1,LC_CultivatedAndManagedVegetationCharacteristics,lccs3_type,,,LC_CultivatedAndManagedVegetation,,,,,
L25,characteristic,1FA,Cia,Active shifting cultivation,1FB,1FC,2,1,LC_CultivatedAndManagedVegetationCharacteristics,name,,,Cultivated And Managed Vegetation,,,,,
L25,characteristic,1FA,Cia,Active shifting cultivation,1FB,1FC,2,1,LC_CultivatedAndManagedVegetationCharacteristics,description,,,Describe the cultivated and managed vegetation,,,,,
L25,class,203,Cir,Regrowth shifting cultivation,,,,,,class_name,,,Regrowth shifting cultivation,,,,,
L25,class,203,Cir,Regrowth shifting cultivation,,,,,,class_description,,,Describe the land cover class,,,,,
L25,class,203,Cir,Regrowth shifting cultivation,,,,,,class_map_code,,,Cir,,,,,
L25,class,203,Cir,Regrowth shifting cultivation,,,,,,uuid,,,04121b32-9e3a-11ec-8ea3-988d46a27cb4,,,,,
L25,hp,203,Cir,Regrowth shifting cultivation,204,,,,,name,,,Horizontal Pattern 1,,,,,
L25,hp,203,Cir,Regrowth shifting cultivation,204,,,,,description,,,Describe the horizontal pattern,,,,,
L25,stratum,203,Cir,Regrowth shifting cultivation,204,205,,,,name,,,Stratum 1,,,,,
L25,stratum,203,Cir,Regrowth shifting cultivation,204,205,,,,description,,,Vegetation 1,,,,,
L25,stratum,203,Cir,Regrowth shifting cultivation,204,205,,,,presence_type,,,Mandatory,,,,,
L25,stratum,203,Cir,Regrowth shifting cultivation,204,205,,,,@ontop,,,0,,,,,
L25,element,203,Cir,Regrowth shifting cultivation,204,205,1,,LC_Shrub,lccs3_type,,,LC_Shrubs,,,,,
L25,element,203,Cir,Regrowth shifting cultivation,204,205,1,,LC_Shrub,name,,,Shrubs,,,,,
L25,element,203,Cir,Regrowth shifting cultivation,204,205,1,,LC_Shrub,description,,,Describe a vegetation element of shrubs type,,,,,
L25,element,203,Cir,Regrowth shifting cultivation,204,205,1,,LC_Shrub,sequential_temporal_relationship/type,,,Sequential Other Year,,,,,
L25,element,203,Cir,Regrowth shifting cultivation,204,205,1,,LC_Shrub,sequential_temporal_relationship/length,2.0,6.0,,,,,,
L25,element,203,Cir,Regrowth shifting cultivation,204,205,1,,LC_Shrub,presence_type,,,Temporal Sequence Depending,,,,,
L25,element,203,Cir,Regrowth shifting cultivation,204,205,1,,LC_Shrub,height,0.5,5.0,,,,,,
L25,characteristic,203,Cir,Regrowth shifting cultivation,204,205,1,1,LC_VegetationArtificialityCharacteristic,lccs3_type,,,LC_NaturalOrSeminaturalVegetation,,,,,value: Natural or Seminatural
L25,characteristic,203,Cir,Regrowth shifting cultivation,204,205,1,1,LC_VegetationArtificialityCharacteristic,name,,,Natural Or Seminatural Vegetation,,,,,
L25,characteristic,203,Cir,Regrowth shifting cultivation,204,205,1,1,LC_VegetationArtificialityCharacteristic,description,,,Describe the natural or seminatural vegetation,,,,,
L25,element,203,Cir,Regrowth shifting cultivation,204,205,2,,LC_HerbaceousGrowthForm,lccs3_type,,,LC_HerbaceousGrowthForms,,,,,
L25,element,203,Cir,Regrowth shifting cultivation,204,205,2,,LC_HerbaceousGrowthForm,name,,,Herbaceous growth forms,,,,,
L25,element,203,Cir,Regrowth shifting cultivation,204,205,2,,LC_HerbaceousGrowthForm,description,,,Describe a vegetation element of herbaceous growth form type,,,,,
L25,element,203,Cir,Regrowth shifting cultivation,204,205,2,,LC_HerbaceousGrowthForm,sequential_temporal_relationship/type,,,Sequential Other Year,,,,,
L25,element,203,Cir,Regrowth shifting cultivation,204,205,2,,LC_HerbaceousGrowthForm,sequential_temporal_relationship/length,1.0,2.0,,,,,,
L25,element,203,Cir,Regrowth shifting cultivation,204,205,2,,LC_HerbaceousGrowthForm,presence_type,,,Temporal Sequence Depending,,,,,
L25,characteristic,203,Cir,Regrowth shifting cultivation,204,205,2,1,LC_CultivatedAndManagedVegetationCharacteristics,lccs3_type,,,LC_CultivatedAndManagedVegetation,,,,,
L25,characteristic,203,Cir,Regrowth shifting cultivation,204,205,2,1,LC_CultivatedAndManagedVegetationCharacteristics,name,,,Cultivated And Managed Vegetation,,,,,
L25,characteristic,203,Cir,Regrowth shifting cultivation,204,205,2,1,LC_CultivatedAndManagedVegetationCharacteristics,description,,,Describe the cultivated and managed vegetation,,,,,
L25,class,20A,Cad,Tree crop dominated,,,,,,class_name,,,Tree crop dominated,,,,,
L25,class,20A,Cad,Tree crop dominated,,,,,,class_description,,,Describe the land cover class,,,,,
L25,class,20A,Cad,Tree crop dominated,,,,,,class_map_code,,,Cad,,,,,
L25,class,20A,Cad,Tree crop dominated,,,,,,uuid,,,04130593-9e3a-11ec-8ea3-988d46a27cb4,,,,,
L25,hp,20A,Cad,Tree crop dominated,20B,,,,,name,,,Horizontal Pattern 1,,,,,
L25,hp,20A,Cad,Tree crop dominated,20B,,,,,description,,,Describe the horizontal pattern,,,,,
L25,stratum,20A,Cad,Tree crop dominated,20B,20C,,,,name,,,Stratum 1,,,,,
L25,stratum,20A,Cad,Tree crop dominated,20B,20C,,,,description,,,Vegetation 1,,,,,
L25,stratum,20A,Cad,Tree crop dominated,20B,20C,,,,presence_type,,,Mandatory,,,,,
L25,stratum,20A,Cad,Tree crop dominated,20B,20C,,,,@ontop,,,0,,,,,
L25,element,20A,Cad,Tree crop dominated,20B,20C,1,,LC_Tree,lccs3_type,,,LC_Trees,,,,,
L25,element,20A,Cad,Tree crop dominated,20B,20C,1,,LC_Tree,name,,,Trees,,,,,
L25,element,20A,Cad,Tree crop dominated,20B,20C,1,,LC_Tree,description,,,Describe a vegetation element of trees type,,,,,
L25,element,20A,Cad,Tree crop dominated,20B,20C,1,,LC_Tree,presence_type,,,Mandatory,,,,,
L25,characteristic,20A,Cad,Tree crop dominated,20B,20C,1,1,LC_CultivatedAndManagedVegetationCharacteristics,lccs3_type,,,LC_CultivatedAndManagedVegetation,,,,,
L25,characteristic,20A,Cad,Tree crop dominated,20B,20C,1,1,LC_CultivatedAndManagedVegetationCharacteristics,name,,,Cultivated And Managed Vegetation,,,,,
L25,characteristic,20A,Cad,Tree crop dominated,20B,20C,1,1,LC_CultivatedAndManagedVegetationCharacteristics,description,,,Describe the cultivated and managed vegetation,,,,,
L25,characteristic,20A,Cad,Tree crop dominated,20B,20C,1,1,LC_CultivatedAndManagedVegetationCharacteristics,elements/LC_Characteristic[LC_Plantation]/name,,,Plantation,,,,,
L25,characteristic,20A,Cad,Tree crop dominated,20B,20C,1,1,LC_CultivatedAndManagedVegetationCharacteristics,elements/LC_Characteristic[LC_Plantation]/description,,,Describe the plantation,,,,,
L25,characteristic,20A,Cad,Tree crop dominated,20B,20C,1,1,LC_CultivatedAndManagedVegetationCharacteristics,elements/LC_Characteristic[LC_Irrigation]/name,,,Irrigation,,,,,
L25,characteristic,20A,Cad,Tree crop dominated,20B,20C,1,1,LC_CultivatedAndManagedVegetationCharacteristics,elements/LC_Characteristic[LC_Irrigation]/description,,,Describe the irrigation,,,,,
L25,class,211,Vmi,Orchards (single crop) - irrigated,,,,,,class_name,,,Orchards (single crop) - irrigated,,,,,
L25,class,211,Vmi,Orchards (single crop) - irrigated,,,,,,class_description,,,Describe the land cover class,,,,,
L25,class,211,Vmi,Orchards (single crop) - irrigated,,,,,,class_map_code,,,Vmi,,,,,
L25,class,211,Vmi,Orchards (single crop) - irrigated,,,,,,uuid,,,24f76e93-9e3a-11ec-8ea3-988d46a27cb4,,,,,
L25,hp,211,Vmi,Orchards (single crop) - irrigated,212,,,,,name,,,Horizontal Pattern 1,,,,,
L25,hp,211,Vmi,Orchards (single crop) - irrigated,212,,,,,description,,,Describe the horizontal pattern,,,,,
L25,stratum,211,Vmi,Orchards (single crop) - irrigated,212,213,,,,name,,,Stratum 1,,,,,
L25,stratum,211,Vmi,Orchards (single crop) - irrigated,212,213,,,,description,,,Vegetation 1,,,,,
L25,stratum,211,Vmi,Orchards (single crop) - irrigated,212,213,,,,presence_type,,,Mandatory,,,,,
L25,stratum,211,Vmi,Orchards (single crop) - irrigated,212,213,,,,@ontop,,,0,,,,,
L25,element,211,Vmi,Orchards (single crop) - irrigated,212,213,1,,LC_Tree,lccs3_type,,,LC_Trees,,,,,
L25,element,211,Vmi,Orchards (single crop) - irrigated,212,213,1,,LC_Tree,name,,,Trees,,,,,
L25,element,211,Vmi,Orchards (single crop) - irrigated,212,213,1,,LC_Tree,description,,,Describe a vegetation element of trees type,,,,,
L25,element,211,Vmi,Orchards (single crop) - irrigated,212,213,1,,LC_Tree,presence_type,,,Mandatory,,,,,
L25,characteristic,211,Vmi,Orchards (single crop) - irrigated,212,213,1,1,LC_CultivatedAndManagedVegetationCharacteristics,lccs3_type,,,LC_CultivatedAndManagedVegetation,,,,,
L25,characteristic,211,Vmi,Orchards (single crop) - irrigated,212,213,1,1,LC_CultivatedAndManagedVegetationCharacteristics,name,,,Cultivated And Managed Vegetation,,,,,
L25,characteristic,211,Vmi,Orchards (single crop) - irrigated,212,213,1,1,LC_CultivatedAndManagedVegetationCharacteristics,description,,,Describe the cultivated and managed vegetation,,,,,
L25,characteristic,211,Vmi,Orchards (single crop) - irrigated,212,213,1,1,LC_CultivatedAndManagedVegetationCharacteristics,elements/LC_Characteristic[LC_OrchardAndOtherPlantation]/name,,,Orchard And Other Plantation,,,,,
L25,characteristic,211,Vmi,Orchards (single crop) - irrigated,212,213,1,1,LC_CultivatedAndManagedVegetationCharacteristics,elements/LC_Characteristic[LC_OrchardAndOtherPlantation]/description,,,Describe the orchard and other plantation,,,,,
L25,class,217,Vci,Orchards (multiple crop) - irrigated,,,,,,class_name,,,Orchards (multiple crop) - irrigated,,,,,
L25,class,217,Vci,Orchards (multiple crop) - irrigated,,,,,,class_description,,,Describe the land cover class,,,,,
L25,class,217,Vci,Orchards (multiple crop) - irrigated,,,,,,class_map_code,,,Vci,,,,,
L25,class,217,Vci,Orchards (multiple crop) - irrigated,,,,,,uuid,,,24f8ce23-9e3a-11ec-8ea3-988d46a27cb4,,,,,
L25,hp,217,Vci,Orchards (multiple crop) - irrigated,218,,,,,name,,,Horizontal Pattern 1,,,,,
L25,hp,217,Vci,Orchards (multiple crop) - irrigated,218,,,,,description,,,Describe the horizontal pattern,,,,,
L25,stratum,217,Vci,Orchards (multiple crop) - irrigated,218,219,,,,name,,,Stratum 1,,,,,
L25,stratum,217,Vci,Orchards (multiple crop) - irrigated,218,219,,,,description,,,Vegetation 1,,,,,
L25,stratum,217,Vci,Orchards (multiple crop) - irrigated,218,219,,,,presence_type,,,Mandatory,,,,,
L25,stratum,217,Vci,Orchards (multiple crop) - irrigated,218,219,,,,@ontop,,,0,,,,,
L25,element,217,Vci,Orchards (multiple crop) - irrigated,218,219,1,,LC_Tree,lccs3_type,,,LC_Trees,,,,,
L25,element,217,Vci,Orchards (multiple crop) - irrigated,218,219,1,,LC_Tree,name,,,Trees,,,,,
L25,element,217,Vci,Orchards (multiple crop) - irrigated,218,219,1,,LC_Tree,description,,,Describe a vegetation element of trees type,,,,,
L25,element,217,Vci,Orchards (multiple crop) - irrigated,218,219,1,,LC_Tree,presence_type,,,Mandatory,,,,,
L25,characteristic,217,Vci,Orchards (multiple crop) - irrigated,218,219,1,1,LC_CultivatedAndManagedVegetationCharacteristics,lccs3_type,,,LC_CultivatedAndManagedVegetation,,,,,
L25,characteristic,217,Vci,Orchards (multiple crop) - irrigated,218,219,1,1,LC_CultivatedAndManagedVegetationCharacteristics,name,,,Cultivated And Managed Vegetation,,,,,
L25,characteristic,217,Vci,Orchards (multiple crop) - irrigated,218,219,1,1,LC_CultivatedAndManagedVegetationCharacteristics,description,,,Describe the cultivated and managed vegetation,,,,,
L25,characteristic,217,Vci,Orchards (multiple crop) - irrigated,218,219,1,1,LC_CultivatedAndManagedVegetationCharacteristics,elements/LC_Characteristic[LC_OrchardAndOtherPlantation]/name,,,Orchard And Other Plantation,,,,,
L25,characteristic,217,Vci,Orchards (multiple crop) - irrigated,218,219,1,1,LC_CultivatedAndManagedVegetationCharacteristics,elements/LC_Characteristic[LC_OrchardAndOtherPlantation]/description,,,Describe the orchard and other plantation,,,,,
L25,stratum,217,Vci,Orchards (multiple crop) - irrigated,218,21D,,,,name,,,Stratum 2,,,,,
L25,stratum,217,Vci,Orchards (multiple crop) - irrigated,218,21D,,,,description,,,Vegetation 2,,,,,
L25,stratum,217,Vci,Orchards (multiple crop) - irrigated,218,21D,,,,presence_type,,,Mandatory,,,,,
L25,stratum,217,Vci,Orchards (multiple crop) - irrigated,218,21D,,,,@ontop,,,0,,,,,
L25,element,217,Vci,Orchards (multiple crop) - irrigated,218,21D,1,,LC_HerbaceousGrowthForm,lccs3_type,,,LC_HerbaceousGrowthForms,,,,,
L25,element,217,Vci,Orchards (multiple crop) - irrigated,218,21D,1,,LC_HerbaceousGrowthForm,name,,,Herbaceous growth forms,,,,,
L25,element,217,Vci,Orchards (multiple crop) - irrigated,218,21D,1,,LC_HerbaceousGrowthForm,description,,,Describe a vegetation element of herbaceous growth form type,,,,,
L25,element,217,Vci,Orchards (multiple crop) - irrigated,218,21D,1,,LC_HerbaceousGrowthForm,presence_type,,,Mandatory,,,,,
L25,characteristic,217,Vci,Orchards (multiple crop) - irrigated,218,21D,1,1,LC_CultivatedAndManagedVegetationCharacteristics,lccs3_type,,,LC_CultivatedAndManagedVegetation,,,,,
L25,characteristic,217,Vci,Orchards (multiple crop) - irrigated,218,21D,1,1,LC_CultivatedAndManagedVegetationCharacteristics,name,,,Cultivated And Managed Vegetation,,,,,
L25,characteristic,217,Vci,Orchards (multiple crop) - irrigated,218,21D,1,1,LC_CultivatedAndManagedVegetationCharacteristics,description,,,Describe the cultivated and managed vegetation,,,,,
L25,class,250,Ciab,Shrub crop dominated,,,,,,class_name,,,Shrub crop dominated,,,,,
L25,class,250,Ciab,Shrub crop dominated,,,,,,class_description,,,Describe the land cover class,,,,,
L25,class,250,Ciab,Shrub crop dominated,,,,,,class_map_code,,,Ciab,,,,,
L25,class,250,Ciab,Shrub crop dominated,,,,,,uuid,,,7f7adc23-9e3b-11ec-8ea3-988d46a27cb4,,,,,
L25,hp,250,Ciab,Shrub crop dominated,251,,,,,name,,,Horizontal Pattern 1,,,,,
L25,hp,250,Ciab,Shrub crop dominated,251,,,,,description,,,Describe the horizontal pattern,,,,,
L25,stratum,250,Ciab,Shrub crop dominated,251,252,,,,name,,,Stratum 1,,,,,
L25,stratum,250,Ciab,Shrub crop dominated,251,252,,,,description,,,Vegetation 1,,,,,
L25,stratum,250,Ciab,Shrub crop dominated,251,252,,,,presence_type,,,Mandatory,,,,,
L25,stratum,250,Ciab,Shrub crop dominated,251,252,,,,@ontop,,,0,,,,,
L25,element,250,Ciab,Shrub crop dominated,251,252,1,,LC_Shrub,lccs3_type,,,LC_Shrubs,,,,,
L25,element,250,Ciab,Shrub crop dominated,251,252,1,,LC_Shrub,name,,,Shrubs,,,,,
L25,element,250,Ciab,Shrub crop dominated,251,252,1,,LC_Shrub,description,,,Describe a vegetation element of shrubs type,,,,,
L25,element,250,Ciab,Shrub crop dominated,251,252,1,,LC_Shrub,presence_type,,,Mandatory,,,,,
L25,characteristic,250,Ciab,Shrub crop dominated,251,252,1,1,LC_CultivatedAndManagedVegetationCharacteristics,lccs3_type,,,LC_CultivatedAndManagedVegetation,,,,,
L25,characteristic,250,Ciab,Shrub crop dominated,251,252,1,1,LC_CultivatedAndManagedVegetationCharacteristics,name,,,Cultivated And Managed Vegetation,,,,,
L25,characteristic,250,Ciab,Shrub crop dominated,251,252,1,1,LC_CultivatedAndManagedVegetationCharacteristics,description,,,Describe the cultivated and managed vegetation,,,,,
L25,characteristic,250,Ciab,Shrub crop dominated,251,252,1,1,LC_CultivatedAndManagedVegetationCharacteristics,elements/LC_Characteristic[LC_Irrigation]/name,,,Irrigation,,,,,
L25,characteristic,250,Ciab,Shrub crop dominated,251,252,1,1,LC_CultivatedAndManagedVegetationCharacteristics,elements/LC_Characteristic[LC_Irrigation]/description,,,Describe the irrigation,,,,,
L25,class,256,Cih,Herbaceous crop dominated,,,,,,class_name,,,Herbaceous crop dominated,,,,,
L25,class,256,Cih,Herbaceous crop dominated,,,,,,class_description,,,Describe the land cover class,,,,,
L25,class,256,Cih,Herbaceous crop dominated,,,,,,class_map_code,,,Cih,,,,,
L25,class,256,Cih,Herbaceous crop dominated,,,,,,uuid,,,a0753e23-9e3b-11ec-8ea3-988d46a27cb4,,,,,
L25,hp,256,Cih,Herbaceous crop dominated,257,,,,,name,,,Horizontal Pattern 1,,,,,
L25,hp,256,Cih,Herbaceous crop dominated,257,,,,,description,,,Describe the horizontal pattern,,,,,
L25,stratum,256,Cih,Herbaceous crop dominated,257,258,,,,name,,,Stratum 1,,,,,
L25,stratum,256,Cih,Herbaceous crop dominated,257,258,,,,description,,,Vegetation 1,,,,,
L25,stratum,256,Cih,Herbaceous crop dominated,257,258,,,,presence_type,,,Mandatory,,,,,
L25,stratum,256,Cih,Herbaceous crop dominated,257,258,,,,@ontop,,,0,,,,,
L25,element,256,Cih,Herbaceous crop dominated,257,258,1,,LC_HerbaceousGrowthForm,lccs3_type,,,LC_HerbaceousGrowthForms,,,,,
L25,element,256,Cih,Herbaceous crop dominated,257,258,1,,LC_HerbaceousGrowthForm,name,,,Herbaceous growth forms,,,,,
L25,element,256,Cih,Herbaceous crop dominated,257,258,1,,LC_HerbaceousGrowthForm,description,,,Describe a vegetation element of herbaceous growth form type,,,,,
L25,element,256,Cih,Herbaceous crop dominated,257,258,1,,LC_HerbaceousGrowthForm,presence_type,,,Mandatory,,,,,
L25,characteristic,256,Cih,Herbaceous crop dominated,257,258,1,1,LC_CultivatedAndManagedVegetationCharacteristics,lccs3_type,,,LC_CultivatedAndManagedVegetation,,,,,
L25,characteristic,256,Cih,Herbaceous crop dominated,257,258,1,1,LC_CultivatedAndManagedVegetationCharacteristics,name,,,Cultivated And Managed Vegetation,,,,,
L25,characteristic,256,Cih,Herbaceous crop dominated,257,258,1,1,LC_CultivatedAndManagedVegetationCharacteristics,description,,,Describe the cultivated and managed vegetation,,,,,
L25,characteristic,256,Cih,Herbaceous crop dominated,257,258,1,1,LC_CultivatedAndManagedVegetationCharacteristics,elements/LC_Characteristic[LC_Irrigation]/name,,,Irrigation,,,,,
L25,characteristic,256,Cih,Herbaceous crop dominated,257,258,1,1,LC_CultivatedAndManagedVegetationCharacteristics,elements/LC_Characteristic[LC_Irrigation]/description,,,Describe the irrigation,,,,,
L25,class,25C,Mohi,Single crop - herbaceous irrigated,,,,,,class_name,,,Single crop - herbaceous irrigated,,,,,
L25,class,25C,Mohi,Single crop - herbaceous irrigated,,,,,,class_description,,,Describe the land cover class,,,,,
L25,class,25C,Mohi,Single crop - herbaceous irrigated,,,,,,class_map_code,,,Mohi,,,,,
L25,class,25C,Mohi,Single crop - herbaceous irrigated,,,,,,uuid,,,a0764f93-9e3b-11ec-8ea3-988d46a27cb4,,,,,
L25,hp,25C,Mohi,Single crop - herbaceous irrigated,25D,,,,,name,,,Horizontal Pattern 1,,,,,
L25,hp,25C,Mohi,Single crop - herbaceous irrigated,25D,,,,,description,,,Describe the horizontal pattern,,,,,
L25,stratum,25C,Mohi,Single crop - herbaceous irrigated,25D,25E,,,,name,,,Stratum 1,,,,,
L25,stratum,25C,Mohi,Single crop - herbaceous irrigated,25D,25E,,,,description,,,Vegetation 1,,,,,
L25,stratum,25C,Mohi,Single crop - herbaceous irrigated,25D,25E,,,,presence_type,,,Mandatory,,,,,
L25,stratum,25C,Mohi,Single crop - herbaceous irrigated,25D,25E,,,,@ontop,,,0,,,,,
L25,element,25C,Mohi,Single crop - herbaceous irrigated,25D,25E,1,,LC_HerbaceousGrowthForm,lccs3_type,,,LC_HerbaceousGrowthForms,,,,,
L25,element,25C,Mohi,Single crop - herbaceous irrigated,25D,25E,1,,LC_HerbaceousGrowthForm,name,,,Herbaceous growth forms,,,,,
L25,element,25C,Mohi,Single crop - herbaceous irrigated,25D,25E,1,,LC_HerbaceousGrowthForm,description,,,Describe a vegetation element of herbaceous growth form type,,,,,
L25,element,25C,Mohi,Single crop - herbaceous irrigated,25D,25E,1,,LC_HerbaceousGrowthForm,presence_type,,,Mandatory,,,,,
L25,characteristic,25C,Mohi,Single crop - herbaceous irrigated,25D,25E,1,1,LC_CultivatedAndManagedVegetationCharacteristics,lccs3_type,,,LC_CultivatedAndManagedVegetation,,,,,
L25,characteristic,25C,Mohi,Single crop - herbaceous irrigated,25D,25E,1,1,LC_CultivatedAndManagedVegetationCharacteristics,name,,,Cultivated And Managed Vegetation,,,,,
L25,characteristic,25C,Mohi,Single crop - herbaceous irrigated,25D,25E,1,1,LC_CultivatedAndManagedVegetationCharacteristics,description,,,Describe the cultivated and managed vegetation,,,,,
L25,characteristic,25C,Mohi,Single crop - herbaceous irrigated,25D,25E,1,1,LC_CultivatedAndManagedVegetationCharacteristics,elements/LC_Characteristic[LC_Irrigation]/name,,,Irrigation,,,,,
L25,characteristic,25C,Mohi,Single crop - herbaceous irrigated,25D,25E,1,1,LC_CultivatedAndManagedVegetationCharacteristics,elements/LC_Characteristic[LC_Irrigation]/description,,,Describe the irrigation,,,,,
L25,class,262,Muhi,Multiple crop - herbaceous irrigated,,,,,,class_name,,,Multiple crop - herbaceous irrigated,,,,,
L25,class,262,Muhi,Multiple crop - herbaceous irrigated,,,,,,class_description,,,Describe the land cover class,,,,,
L25,class,262,Muhi,Multiple crop - herbaceous irrigated,,,,,,class_map_code,,,Muhi,,,,,
L25,class,262,Muhi,Multiple crop - herbaceous irrigated,,,,,,uuid,,,a0776103-9e3b-11ec-8ea3-988d46a27cb4,,,,,
L25,hp,262,Muhi,Multiple crop - herbaceous irrigated,263,,,,,name,,,Horizontal Pattern 1,,,,,
L25,hp,262,Muhi,Multiple crop - herbaceous irrigated,263,,,,,description,,,Describe the horizontal pattern,,,,,
L25,stratum,262,Muhi,Multiple crop - herbaceous irrigated,263,264,,,,name,,,Stratum 1,,,,,
L25,stratum,262,Muhi,Multiple crop - herbaceous irrigated,263,264,,,,description,,,Vegetation 1,,,,,
L25,stratum,262,Muhi,Multiple crop - herbaceous irrigated,263,264,,,,presence_type,,,Mandatory,,,,,
L25,stratum,262,Muhi,Multiple crop - herbaceous irrigated,263,264,,,,@ontop,,,0,,,,,
L25,element,262,Muhi,Multiple crop - herbaceous irrigated,263,264,1,,LC_HerbaceousGrowthForm,lccs3_type,,,LC_HerbaceousGrowthForms,,,,,
L25,element,262,Muhi,Multiple crop - herbaceous irrigated,263,264,1,,LC_HerbaceousGrowthForm,name,,,Herbaceous growth forms,,,,,
L25,element,262,Muhi,Multiple crop - herbaceous irrigated,263,264,1,,LC_HerbaceousGrowthForm,description,,,Describe a vegetation element of herbaceous growth form type,,,,,
L25,element,262,Muhi,Multiple crop - herbaceous irrigated,263,264,1,,LC_HerbaceousGrowthForm,sequential_temporal_relationship/type,,,Sequential Same Year,,,,,
L25,element,262,Muhi,Multiple crop - herbaceous irrigated,263,264,1,,LC_HerbaceousGrowthForm,sequential_temporal_relationship/length,3.0,6.0,,,,,,
L25,element,262,Muhi,Multiple crop - herbaceous irrigated,263,264,1,,LC_HerbaceousGrowthForm,presence_type,,,Temporal Sequence Depending,,,,,
L25,characteristic,262,Muhi,Multiple crop - herbaceous irrigated,263,264,1,1,LC_CultivatedAndManagedVegetationCharacteristics,lccs3_type,,,LC_CultivatedAndManagedVegetation,,,,,
L25,characteristic,262,Muhi,Multiple crop - herbaceous irrigated,263,264,1,1,LC_CultivatedAndManagedVegetationCharacteristics,name,,,Cultivated And Managed Vegetation,,,,,
L25,characteristic,262,Muhi,Multiple crop - herbaceous irrigated,263,264,1,1,LC_CultivatedAndManagedVegetationCharacteristics,description,,,Describe the cultivated and managed vegetation,,,,,
L25,characteristic,262,Muhi,Multiple crop - herbaceous irrigated,263,264,1,1,LC_CultivatedAndManagedVegetationCharacteristics,elements/LC_Characteristic[LC_Irrigation]/name,,,Irrigation,,,,,
L25,characteristic,262,Muhi,Multiple crop - herbaceous irrigated,263,264,1,1,LC_CultivatedAndManagedVegetationCharacteristics,elements/LC_Characteristic[LC_Irrigation]/description,,,Describe the irrigation,,,,,
L25,element,262,Muhi,Multiple crop - herbaceous irrigated,263,264,2,,LC_HerbaceousGrowthForm,lccs3_type,,,LC_HerbaceousGrowthForms,,,,,
L25,element,262,Muhi,Multiple crop - herbaceous irrigated,263,264,2,,LC_HerbaceousGrowthForm,name,,,Herbaceous growth forms,,,,,
L25,element,262,Muhi,Multiple crop - herbaceous irrigated,263,264,2,,LC_HerbaceousGrowthForm,description,,,Describe a vegetation element of herbaceous growth form type,,,,,
L25,element,262,Muhi,Multiple crop - herbaceous irrigated,263,264,2,,LC_HerbaceousGrowthForm,sequential_temporal_relationship/type,,,Sequential Same Year,,,,,
L25,element,262,Muhi,Multiple crop - herbaceous irrigated,263,264,2,,LC_HerbaceousGrowthForm,sequential_temporal_relationship/length,3.0,6.0,,,,,,
L25,element,262,Muhi,Multiple crop - herbaceous irrigated,263,264,2,,LC_HerbaceousGrowthForm,presence_type,,,Temporal Sequence Depending,,,,,
L25,characteristic,262,Muhi,Multiple crop - herbaceous irrigated,263,264,2,1,LC_CultivatedAndManagedVegetationCharacteristics,lccs3_type,,,LC_CultivatedAndManagedVegetation,,,,,
L25,characteristic,262,Muhi,Multiple crop - herbaceous irrigated,263,264,2,1,LC_CultivatedAndManagedVegetationCharacteristics,name,,,Cultivated And Managed Vegetation,,,,,
L25,characteristic,262,Muhi,Multiple crop - herbaceous irrigated,263,264,2,1,LC_CultivatedAndManagedVegetationCharacteristics,description,,,Describe the cultivated and managed vegetation,,,,,
L25,characteristic,262,Muhi,Multiple crop - herbaceous irrigated,263,264,2,1,LC_CultivatedAndManagedVegetationCharacteristics,elements/LC_Characteristic[LC_Irrigation]/name,,,Irrigation,,,,,
L25,characteristic,262,Muhi,Multiple crop - herbaceous irrigated,263,264,2,1,LC_CultivatedAndManagedVegetationCharacteristics,elements/LC_Characteristic[LC_Irrigation]/description,,,Describe the irrigation,,,,,
L25,class,274,Chai,Postflooded herbaceous cultivation,,,,,,class_name,,,Postflooded herbaceous cultivation,,,,,
L25,class,274,Chai,Postflooded herbaceous cultivation,,,,,,class_description,,,Describe the land cover class,,,,,
L25,class,274,Chai,Postflooded herbaceous cultivation,,,,,,class_map_code,,,Chai,,,,,
L25,class,274,Chai,Postflooded herbaceous cultivation,,,,,,uuid,,,a07a2023-9e3b-11ec-8ea3-988d46a27cb4,,,,,
L25,hp,274,Chai,Postflooded herbaceous cultivation,275,,,,,name,,,Horizontal Pattern 1,,,,,
L25,hp,274,Chai,Postflooded herbaceous cultivation,275,,,,,description,,,Describe the horizontal pattern,,,,,
L25,stratum,274,Chai,Postflooded herbaceous cultivation,275,276,,,,name,,,Stratum 1,,,,,
L25,stratum,274,Chai,Postflooded herbaceous cultivation,275,276,,,,description,,,Vegetation 1,,,,,
L25,stratum,274,Chai,Postflooded herbaceous cultivation,275,276,,,,presence_type,,,Mandatory,,,,,
L25,stratum,274,Chai,Postflooded herbaceous cultivation,275,276,,,,@ontop,,,0,,,,,
L25,element,274,Chai,Postflooded herbaceous cultivation,275,276,1,,LC_HerbaceousGrowthForm,lccs3_type,,,LC_HerbaceousGrowthForms,,,,,
L25,element,274,Chai,Postflooded herbaceous cultivation,275,276,1,,LC_HerbaceousGrowthForm,name,,,Herbaceous growth forms,,,,,
L25,element,274,Chai,Postflooded herbaceous cultivation,275,276,1,,LC_HerbaceousGrowthForm,description,,,Describe a vegetation element of herbaceous growth form type,,,,,
L25,element,274,Chai,Postflooded herbaceous cultivation,275,276,1,,LC_HerbaceousGrowthForm,presence_type,,,Mandatory,,,,,
L25,characteristic,274,Chai,Postflooded herbaceous cultivation,275,276,1,1,LC_CultivatedAndManagedVegetationCharacteristics,lccs3_type,,,LC_CultivatedAndManagedVegetation,,,,,
L25,characteristic,274,Chai,Postflooded herbaceous cultivation,275,276,1,1,LC_CultivatedAndManagedVegetationCharacteristics,name,,,Cultivated And Managed Vegetation,,,,,
L25,characteristic,274,Chai,Postflooded herbaceous cultivation,275,276,1,1,LC_CultivatedAndManagedVegetationCharacteristics,description,,,Describe the cultivated and managed vegetation,,,,,
L25,characteristic,274,Chai,Postflooded herbaceous cultivation,275,276,1,1,LC_CultivatedAndManagedVegetationCharacteristics,elements/LC_Characteristic[LC_Postflooding]/name,,,Postflooding,,,,,
L25,characteristic,274,Chai,Postflooded herbaceous cultivation,275,276,1,1,LC_CultivatedAndManagedVegetationCharacteristics,elements/LC_Characteristic[LC_Postflooding]/description,,,Describe the postflooding,,,,,
L25,stratum,274,Chai,Postflooded herbaceous cultivation,275,27A,,,,name,,,Stratum 2,,,,,
L25,stratum,274,Chai,Postflooded herbaceous cultivation,275,27A,,,,description,,,Abiotic surface 2,,,,,
L25,stratum,274,Chai,Postflooded herbaceous cultivation,275,27A,,,,presence_type,,,Mandatory,,,,,
L25,stratum,274,Chai,Postflooded herbaceous cultivation,275,27A,,,,@ontop,,,0,,,,,
L25,element,274,Chai,Postflooded herbaceous cultivation,275,27A,1,,LC_WaterBody,lccs3_type,,,LC_WaterBody,,,,,
L25,element,274,Chai,Postflooded herbaceous cultivation,275,27A,1,,LC_WaterBody,name,,,Water Body,,,,,
L25,element,274,Chai,Postflooded herbaceous cultivation,275,27A,1,,LC_WaterBody,description,,,Describe a water body surface element,,,,,
L25,element,274,Chai,Postflooded herbaceous cultivation,275,27A,1,,LC_WaterBody,presence_type,,,Mandatory,,,,,
L25,element,274,Chai,Postflooded herbaceous cultivation,275,27A,1,,LC_WaterBody,periodic_variation[LC_PeriodicVariations]/name,,,Periodic Variations,,,,,
L25,element,274,Chai,Postflooded herbaceous cultivation,275,27A,1,,LC_WaterBody,periodic_variation[LC_PeriodicVariations]/description,,,Contains the elements of Periodic Variation,,,,,
L25,element,274,Chai,Postflooded herbaceous cultivation,275,27A,1,,LC_WaterBody,periodic_variation[LC_PeriodicVariations]/elements/LC_PeriodicVariation[LC_PeriodicVariation]/name,,,Periodic Variation,,,,,
L25,element,274,Chai,Postflooded herbaceous cultivation,275,27A,1,,LC_WaterBody,periodic_variation[LC_PeriodicVariations]/elements/LC_PeriodicVariation[LC_PeriodicVariation]/description,,,Describe a periodic variation element,,,,,
L25,element,274,Chai,Postflooded herbaceous cultivation,275,27A,1,,LC_WaterBody,periodic_variation[LC_PeriodicVariations]/elements/LC_PeriodicVariation[LC_PeriodicVariation]/persistence_units,,,Months,,,,,
L25,characteristic,274,Chai,Postflooded herbaceous cultivation,275,27A,1,1,LC_ArtificialityCharacteristic,lccs3_type,,,LC_Artificiality,,,,,
L25,characteristic,274,Chai,Postflooded herbaceous cultivation,275,27A,1,1,LC_ArtificialityCharacteristic,name,,,Artificiality,,,,,
L25,characteristic,274,Chai,Postflooded herbaceous cultivation,275,27A,1,1,LC_ArtificialityCharacteristic,description,,,Describe the artificiality characteristic,,,,,
L25,characteristic,274,Chai,Postflooded herbaceous cultivation,275,27A,1,1,LC_ArtificialityCharacteristic,type,,,Natural,,,,,
L25,characteristic,274,Chai,Postflooded herbaceous cultivation,275,27A,1,2,LC_WaterSalinityCharacteristic,lccs3_type,,,LC_WaterSalinity,,,,,
L25,characteristic,274,Chai,Postflooded herbaceous cultivation,275,27A,1,2,LC_WaterSalinityCharacteristic,name,,,Water Salinity,,,,,
L25,characteristic,274,Chai,Postflooded herbaceous cultivation,275,27A,1,2,LC_WaterSalinityCharacteristic,description,,,Describe the water salinity characteristic,,,,,
L25,characteristic,274,Chai,Postflooded herbaceous cultivation,275,27A,1,2,LC_WaterSalinityCharacteristic,type,,,Fresh,,,,,
L25,class,27E,Chi,Flooded herbacuous cultivation,,,,,,class_name,,,Flooded herbacuous cultivation,,,,,
L25,class,27E,Chi,Flooded herbacuous cultivation,,,,,,class_description,,,Describe the land cover class,,,,,
L25,class,27E,Chi,Flooded herbacuous cultivation,,,,,,class_map_code,,,Chi,,,,,
L25,class,27E,Chi,Flooded herbacuous cultivation,,,,,,uuid,,,a07ba6c3-9e3b-11ec-8ea3-988d46a27cb4,,,,,
L25,hp,27E,Chi,Flooded herbacuous cultivation,27F,,,,,name,,,Horizontal Pattern 1,,,,,
L25,hp,27E,Chi,Flooded herbacuous cultivation,27F,,,,,description,,,Describe the horizontal pattern,,,,,
L25,stratum,27E,Chi,Flooded herbacuous cultivation,27F,280,,,,name,,,Stratum 1,,,,,
L25,stratum,27E,Chi,Flooded herbacuous cultivation,27F,280,,,,description,,,Vegetation 1,,,,,
L25,stratum,27E,Chi,Flooded herbacuous cultivation,27F,280,,,,presence_type,,,Mandatory,,,,,
L25,stratum,27E,Chi,Flooded herbacuous cultivation,27F,280,,,,@ontop,,,0,,,,,
L25,element,27E,Chi,Flooded herbacuous cultivation,27F,280,1,,LC_HerbaceousGrowthForm,lccs3_type,,,LC_HerbaceousGrowthForms,,,,,
L25,element,27E,Chi,Flooded herbacuous cultivation,27F,280,1,,LC_HerbaceousGrowthForm,name,,,Herbaceous growth forms,,,,,
L25,element,27E,Chi,Flooded herbacuous cultivation,27F,280,1,,LC_HerbaceousGrowthForm,description,,,Describe a vegetation element of herbaceous growth form type,,,,,
L25,element,27E,Chi,Flooded herbacuous cultivation,27F,280,1,,LC_HerbaceousGrowthForm,presence_type,,,Mandatory,,,,,
L25,characteristic,27E,Chi,Flooded herbacuous cultivation,27F,280,1,1,LC_CultivatedAndManagedVegetationCharacteristics,lccs3_type,,,LC_CultivatedAndManagedVegetation,,,,,
L25,characteristic,27E,Chi,Flooded herbacuous cultivation,27F,280,1,1,LC_CultivatedAndManagedVegetationCharacteristics,name,,,Cultivated And Managed Vegetation,,,,,
L25,characteristic,27E,Chi,Flooded herbacuous cultivation,27F,280,1,1,LC_CultivatedAndManagedVegetationCharacteristics,description,,,Describe the cultivated and managed vegetation,,,,,
L25,characteristic,27E,Chi,Flooded herbacuous cultivation,27F,280,1,2,LC_FloristicAspectsCharacteristic,lccs3_type,,,LC_FloristicAspect,,,,,
L25,characteristic,27E,Chi,Flooded herbacuous cultivation,27F,280,1,2,LC_FloristicAspectsCharacteristic,name,,,Floristic Aspect,,,,,
L25,characteristic,27E,Chi,Flooded herbacuous cultivation,27F,280,1,2,LC_FloristicAspectsCharacteristic,description,,,Describe the floristic aspect,,,,,
L25,characteristic,27E,Chi,Flooded herbacuous cultivation,27F,280,1,2,LC_FloristicAspectsCharacteristic,elements/LC_Characteristic[LC_FloristicAspectSpecies]/name,,,Floristic Aspect Species,,,,,
L25,characteristic,27E,Chi,Flooded herbacuous cultivation,27F,280,1,2,LC_FloristicAspectsCharacteristic,elements/LC_Characteristic[LC_FloristicAspectSpecies]/description,,,Describe the floristic aspect species,,,,,
L25,characteristic,27E,Chi,Flooded herbacuous cultivation,27F,280,1,2,LC_FloristicAspectsCharacteristic,elements/LC_Characteristic[LC_FloristicAspectSpecies]/species_name,,,Rice,,,,,
L25,stratum,27E,Chi,Flooded herbacuous cultivation,27F,285,,,,name,,,Stratum 2,,,,,
L25,stratum,27E,Chi,Flooded herbacuous cultivation,27F,285,,,,description,,,Abiotic surface 2,,,,,
L25,stratum,27E,Chi,Flooded herbacuous cultivation,27F,285,,,,presence_type,,,Mandatory,,,,,
L25,stratum,27E,Chi,Flooded herbacuous cultivation,27F,285,,,,@ontop,,,0,,,,,
L25,element,27E,Chi,Flooded herbacuous cultivation,27F,285,1,,LC_WaterBody,lccs3_type,,,LC_WaterBody,,,,,
L25,element,27E,Chi,Flooded herbacuous cultivation,27F,285,1,,LC_WaterBody,name,,,Water Body,,,,,
L25,element,27E,Chi,Flooded herbacuous cultivation,27F,285,1,,LC_WaterBody,description,,,Describe a water body surface element,,,,,
L25,element,27E,Chi,Flooded herbacuous cultivation,27F,285,1,,LC_WaterBody,presence_type,,,Mandatory,,,,,
L25,element,27E,Chi,Flooded herbacuous cultivation,27F,285,1,,LC_WaterBody,periodic_variation[LC_PeriodicVariations]/name,,,Periodic Variations,,,,,
L25,element,27E,Chi,Flooded herbacuous cultivation,27F,285,1,,LC_WaterBody,periodic_variation[LC_PeriodicVariations]/description,,,Contains the elements of Periodic Variation,,,,,
L25,element,27E,Chi,Flooded herbacuous cultivation,27F,285,1,,LC_WaterBody,periodic_variation[LC_PeriodicVariations]/elements/LC_PeriodicVariation[LC_PeriodicVariation]/name,,,Periodic Variation,,,,,
L25,element,27E,Chi,Flooded herbacuous cultivation,27F,285,1,,LC_WaterBody,periodic_variation[LC_PeriodicVariations]/elements/LC_PeriodicVariation[LC_PeriodicVariation]/description,,,Describe a periodic variation element,,,,,
L25,element,27E,Chi,Flooded herbacuous cultivation,27F,285,1,,LC_WaterBody,periodic_variation[LC_PeriodicVariations]/elements/LC_PeriodicVariation[LC_PeriodicVariation]/persistence_units,,,Months,,,,,
L25,characteristic,27E,Chi,Flooded herbacuous cultivation,27F,285,1,1,LC_ArtificialityCharacteristic,lccs3_type,,,LC_Artificiality,,,,,
L25,characteristic,27E,Chi,Flooded herbacuous cultivation,27F,285,1,1,LC_ArtificialityCharacteristic,name,,,Artificiality,,,,,
L25,characteristic,27E,Chi,Flooded herbacuous cultivation,27F,285,1,1,LC_ArtificialityCharacteristic,description,,,Describe the artificiality characteristic,,,,,
L25,characteristic,27E,Chi,Flooded herbacuous cultivation,27F,285,1,1,LC_ArtificialityCharacteristic,type,,,Natural,,,,,
L25,characteristic,27E,Chi,Flooded herbacuous cultivation,27F,285,1,2,LC_WaterSalinityCharacteristic,lccs3_type,,,LC_WaterSalinity,,,,,
L25,characteristic,27E,Chi,Flooded herbacuous cultivation,27F,285,1,2,LC_WaterSalinityCharacteristic,name,,,Water Salinity,,,,,
L25,characteristic,27E,Chi,Flooded herbacuous cultivation,27F,285,1,2,LC_WaterSalinityCharacteristic,description,,,Describe the water salinity characteristic,,,,,
L25,characteristic,27E,Chi,Flooded herbacuous cultivation,27F,285,1,2,LC_WaterSalinityCharacteristic,type,,,Fresh,,,,,
L25,class,2A8,Tr,Rocks coarse fragments,,,,,,class_name,,,Rocks coarse fragments,,,,,
L25,class,2A8,Tr,Rocks coarse fragments,,,,,,class_description,,,Describe the land cover class,,,,,
L25,class,2A8,Tr,Rocks coarse fragments,,,,,,class_map_code,,,Tr,,,,,
L25,class,2A8,Tr,Rocks coarse fragments,,,,,,uuid,,,a8d0a643-c573-11ec-9eb7-988d46a27cb4,,,,,
L25,hp,2A8,Tr,Rocks coarse fragments,2A9,,,,,name,,,Horizontal Pattern 1,,,,,
L25,hp,2A8,Tr,Rocks coarse fragments,2A9,,,,,description,,,Describe the horizontal pattern,,,,,
L25,stratum,2A8,Tr,Rocks coarse fragments,2A9,2AA,,,,name,,,Stratum 1,,,,,
L25,stratum,2A8,Tr,Rocks coarse fragments,2A9,2AA,,,,description,,,Abiotic surface 1,,,,,
L25,stratum,2A8,Tr,Rocks coarse fragments,2A9,2AA,,,,presence_type,,,Mandatory,,,,,
L25,stratum,2A8,Tr,Rocks coarse fragments,2A9,2AA,,,,@ontop,,,0,,,,,
L25,element,2A8,Tr,Rocks coarse fragments,2A9,2AA,1,,LC_RocksSurfaceElement,lccs3_type,,,LC_RocksSurface,,,,,
L25,element,2A8,Tr,Rocks coarse fragments,2A9,2AA,1,,LC_RocksSurfaceElement,name,,,Rocks Surface,,,,,
L25,element,2A8,Tr,Rocks coarse fragments,2A9,2AA,1,,LC_RocksSurfaceElement,description,,,Describe a rocks surface element,,,,,
L25,element,2A8,Tr,Rocks coarse fragments,2A9,2AA,1,,LC_RocksSurfaceElement,presence_type,,,Exclusive,,,,,
L25,element,2A8,Tr,Rocks coarse fragments,2A9,2AA,2,,LC_CoarseMineralFragments,lccs3_type,,,LC_CoarseMineralFragments,,,,,
L25,element,2A8,Tr,Rocks coarse fragments,2A9,2AA,2,,LC_CoarseMineralFragments,name,,,Coarse Mineral Fragments,,,,,
L25,element,2A8,Tr,Rocks coarse fragments,2A9,2AA,2,,LC_CoarseMineralFragments,description,,,Describe coarse mineral fragments surface element,,,,,
L25,element,2A8,Tr,Rocks coarse fragments,2A9,2AA,2,,LC_CoarseMineralFragments,presence_type,,,Exclusive,,,,,
L25,class,2AD,Sr,Bare rocks,,,,,,class_name,,,Bare rocks,,,,,
L25,class,2AD,Sr,Bare rocks,,,,,,class_description,,,Describe the land cover class,,,,,
L25,class,2AD,Sr,Bare rocks,,,,,,class_map_code,,,Sr,,,,,
L25,class,2AD,Sr,Bare rocks,,,,,,uuid,,,a8d27b09-c573-11ec-9eb7-988d46a27cb4,,,,,
L25,hp,2AD,Sr,Bare rocks,2AE,,,,,name,,,Horizontal Pattern 1,,,,,
L25,hp,2AD,Sr,Bare rocks,2AE,,,,,description,,,Describe the horizontal pattern,,,,,
L25,stratum,2AD,Sr,Bare rocks,2AE,2AF,,,,name,,,Stratum 1,,,,,
L25,stratum,2AD,Sr,Bare rocks,2AE,2AF,,,,description,,,Abiotic surface 1,,,,,
L25,stratum,2AD,Sr,Bare rocks,2AE,2AF,,,,presence_type,,,Mandatory,,,,,
L25,stratum,2AD,Sr,Bare rocks,2AE,2AF,,,,@ontop,,,0,,,,,
L25,element,2AD,Sr,Bare rocks,2AE,2AF,1,,LC_BareRock,lccs3_type,,,LC_BareRocks,,,,,
L25,element,2AD,Sr,Bare rocks,2AE,2AF,1,,LC_BareRock,name,,,Bare Rocks,,,,,
L25,element,2AD,Sr,Bare rocks,2AE,2AF,1,,LC_BareRock,description,,,Describe bare rocks surface element,,,,,
L25,element,2AD,Sr,Bare rocks,2AE,2AF,1,,LC_BareRock,presence_type,,,Mandatory,,,,,
L25,class,2B1,Cl,Bowal lateritic crust,,,,,,class_name,,,Bowal lateritic crust,,,,,
L25,class,2B1,Cl,Bowal lateritic crust,,,,,,class_description,,,Describe the land cover class,,,,,
L25,class,2B1,Cl,Bowal lateritic crust,,,,,,class_map_code,,,Cl,,,,,
L25,class,2B1,Cl,Bowal lateritic crust,,,,,,uuid,,,a8d401a3-c573-11ec-9eb7-988d46a27cb4,,,,,
L25,hp,2B1,Cl,Bowal lateritic crust,2B2,,,,,name,,,Horizontal Pattern 1,,,,,
L25,hp,2B1,Cl,Bowal lateritic crust,2B2,,,,,description,,,Describe the horizontal pattern,,,,,
L25,stratum,2B1,Cl,Bowal lateritic crust,2B2,2B3,,,,name,,,Stratum 1,,,,,
L25,stratum,2B1,Cl,Bowal lateritic crust,2B2,2B3,,,,description,,,Abiotic surface 1,,,,,
L25,stratum,2B1,Cl,Bowal lateritic crust,2B2,2B3,,,,presence_type,,,Mandatory,,,,,
L25,stratum,2B1,Cl,Bowal lateritic crust,2B2,2B3,,,,@ontop,,,0,,,,,
L25,element,2B1,Cl,Bowal lateritic crust,2B2,2B3,1,,LC_Hardpan,lccs3_type,,,LC_HardPans,,,,,
L25,element,2B1,Cl,Bowal lateritic crust,2B2,2B3,1,,LC_Hardpan,name,,,Hard Pans,,,,,
L25,element,2B1,Cl,Bowal lateritic crust,2B2,2B3,1,,LC_Hardpan,description,,,Describe hard pans surface element,,,,,
L25,element,2B1,Cl,Bowal lateritic crust,2B2,2B3,1,,LC_Hardpan,presence_type,,,Mandatory,,,,,
L25,element,2B1,Cl,Bowal lateritic crust,2B2,2B3,1,,LC_Hardpan,type,,,Ironpan/Laterite,,,,,
L25,class,2B5,Dp,Stony desert,,,,,,class_name,,,Stony desert,,,,,
L25,class,2B5,Dp,Stony desert,,,,,,class_description,,,Describe the land cover class,,,,,
L25,class,2B5,Dp,Stony desert,,,,,,class_map_code,,,Dp,,,,,
L25,class,2B5,Dp,Stony desert,,,,,,uuid,,,a8d56133-c573-11ec-9eb7-988d46a27cb4,,,,,
L25,hp,2B5,Dp,Stony desert,2B6,,,,,name,,,Horizontal Pattern 1,,,,,
L25,hp,2B5,Dp,Stony desert,2B6,,,,,description,,,Describe the horizontal pattern,,,,,
L25,stratum,2B5,Dp,Stony desert,2B6,2B7,,,,name,,,Stratum 1,,,,,
L25,stratum,2B5,Dp,Stony desert,2B6,2B7,,,,description,,,Abiotic surface 1,,,,,
L25,stratum,2B5,Dp,Stony desert,2B6,2B7,,,,presence_type,,,Mandatory,,,,,
L25,stratum,2B5,Dp,Stony desert,2B6,2B7,,,,@ontop,,,0,,,,,
L25,element,2B5,Dp,Stony desert,2B6,2B7,1,,LC_CoarseMineralFragments,lccs3_type,,,LC_CoarseMineralFragments,,,,,
L25,element,2B5,Dp,Stony desert,2B6,2B7,1,,LC_CoarseMineralFragments,name,,,Coarse Mineral Fragments,,,,,
L25,element,2B5,Dp,Stony desert,2B6,2B7,1,,LC_CoarseMineralFragments,description,,,Describe coarse mineral fragments surface element,,,,,
L25,element,2B5,Dp,Stony desert,2B6,2B7,1,,LC_CoarseMineralFragments,presence_type,,,Mandatory,,,,,
L25,class,2B9,Ss,"Soil, sand deposit",,,,,,class_name,,,"Soil, sand deposit",,,,,
L25,class,2B9,Ss,"Soil, sand deposit",,,,,,class_description,,,Describe the land cover class,,,,,
L25,class,2B9,Ss,"Soil, sand deposit",,,,,,class_map_code,,,Ss,,,,,
L25,class,2B9,Ss,"Soil, sand deposit",,,,,,uuid,,,a8d6c0cc-c573-11ec-9eb7-988d46a27cb4,,,,,
L25,hp,2B9,Ss,"Soil, sand deposit",2BA,,,,,name,,,Horizontal Pattern 1,,,,,
L25,hp,2B9,Ss,"Soil, sand deposit",2BA,,,,,description,,,Describe the horizontal pattern,,,,,
L25,stratum,2B9,Ss,"Soil, sand deposit",2BA,2BB,,,,name,,,Stratum 1,,,,,
L25,stratum,2B9,Ss,"Soil, sand deposit",2BA,2BB,,,,description,,,Abiotic surface 1,,,,,
L25,stratum,2B9,Ss,"Soil, sand deposit",2BA,2BB,,,,presence_type,,,Mandatory,,,,,
L25,stratum,2B9,Ss,"Soil, sand deposit",2BA,2BB,,,,@ontop,,,0,,,,,
L25,element,2B9,Ss,"Soil, sand deposit",2BA,2BB,1,,LC_SoilSandDepositsSurfaceElement,lccs3_type,,,LC_SoilSandDepositSurface,,,,,
L25,element,2B9,Ss,"Soil, sand deposit",2BA,2BB,1,,LC_SoilSandDepositsSurfaceElement,name,,,Soil Sand Deposit Surface,,,,,
L25,element,2B9,Ss,"Soil, sand deposit",2BA,2BB,1,,LC_SoilSandDepositsSurfaceElement,description,,,Describe a soil sand deposit surface element,,,,,
L25,element,2B9,Ss,"Soil, sand deposit",2BA,2BB,1,,LC_SoilSandDepositsSurfaceElement,presence_type,,,Mandatory,,,,,
L25,class,2BD,Dsa,Sandy desert,,,,,,class_name,,,Sandy desert,,,,,
L25,class,2BD,Dsa,Sandy desert,,,,,,class_description,,,Describe the land cover class,,,,,
L25,class,2BD,Dsa,Sandy desert,,,,,,class_map_code,,,Dsa,,,,,
L25,class,2BD,Dsa,Sandy desert,,,,,,uuid,,,a8d84767-c573-11ec-9eb7-988d46a27cb4,,,,,
L25,hp,2BD,Dsa,Sandy desert,2BE,,,,,name,,,Horizontal Pattern 1,,,,,
L25,hp,2BD,Dsa,Sandy desert,2BE,,,,,description,,,Describe the horizontal pattern,,,,,
L25,stratum,2BD,Dsa,Sandy desert,2BE,2BF,,,,name,,,Stratum 1,,,,,
L25,stratum,2BD,Dsa,Sandy desert,2BE,2BF,,,,description,,,Abiotic surface 1,,,,,
L25,stratum,2BD,Dsa,Sandy desert,2BE,2BF,,,,presence_type,,,Mandatory,,,,,
L25,stratum,2BD,Dsa,Sandy desert,2BE,2BF,,,,@ontop,,,0,,,,,
L25,element,2BD,Dsa,Sandy desert,2BE,2BF,1,,LC_LooseAndShiftingSand,lccs3_type,,,LC_LooseAndShiftingSand,,,,,
L25,element,2BD,Dsa,Sandy desert,2BE,2BF,1,,LC_LooseAndShiftingSand,name,,,Loose and Shifting Sand,,,,,
L25,element,2BD,Dsa,Sandy desert,2BE,2BF,1,,LC_LooseAndShiftingSand,description,,,Describe a loose and shifting sand surface element,,,,,
L25,element,2BD,Dsa,Sandy desert,2BE,2BF,1,,LC_LooseAndShiftingSand,presence_type,,,Mandatory,,,,,
L25,class,2C1,Er,Erg (dunes),,,,,,class_name,,,Erg (dunes),,,,,
L25,class,2C1,Er,Erg (dunes),,,,,,class_description,,,Describe the land cover class,,,,,
L25,class,2C1,Er,Erg (dunes),,,,,,class_map_code,,,Er,,,,,
L25,class,2C1,Er,Erg (dunes),,,,,,uuid,,,a8d9a6fc-c573-11ec-9eb7-988d46a27cb4,,,,,
L25,hp,2C1,Er,Erg (dunes),2C2,,,,,name,,,Horizontal Pattern 1,,,,,
L25,hp,2C1,Er,Erg (dunes),2C2,,,,,description,,,Describe the horizontal pattern,,,,,
L25,stratum,2C1,Er,Erg (dunes),2C2,2C3,,,,name,,,Stratum 1,,,,,
L25,stratum,2C1,Er,Erg (dunes),2C2,2C3,,,,description,,,Abiotic surface 1,,,,,
L25,stratum,2C1,Er,Erg (dunes),2C2,2C3,,,,presence_type,,,Mandatory,,,,,
L25,stratum,2C1,Er,Erg (dunes),2C2,2C3,,,,@ontop,,,0,,,,,
L25,element,2C1,Er,Erg (dunes),2C2,2C3,1,,LC_Dune,lccs3_type,,,LC_Dune,,,,,
L25,element,2C1,Er,Erg (dunes),2C2,2C3,1,,LC_Dune,name,,,Dune,,,,,
L25,element,2C1,Er,Erg (dunes),2C2,2C3,1,,LC_Dune,description,,,Describe a dune surface element,,,,,
L25,element,2C1,Er,Erg (dunes),2C2,2C3,1,,LC_Dune,presence_type,,,Mandatory,,,,,
L25,class,2C5,El,Erg (dunes) longitudinal,,,,,,class_name,,,Erg (dunes) longitudinal,,,,,
L25,class,2C5,El,Erg (dunes) longitudinal,,,,,,class_description,,,Describe the land cover class,,,,,
L25,class,2C5,El,Erg (dunes) longitudinal,,,,,,class_map_code,,,El,,,,,
L25,class,2C5,El,Erg (dunes) longitudinal,,,,,,uuid,,,a8db2da8-c573-11ec-9eb7-988d46a27cb4,,,,,
L25,hp,2C5,El,Erg (dunes) longitudinal,2C6,,,,,name,,,Horizontal Pattern 1,,,,,
L25,hp,2C5,El,Erg (dunes) longitudinal,2C6,,,,,description,,,Describe the horizontal pattern,,,,,
L25,stratum,2C5,El,Erg (dunes) longitudinal,2C6,2C7,,,,name,,,Stratum 1,,,,,
L25,stratum,2C5,El,Erg (dunes) longitudinal,2C6,2C7,,,,description,,,Abiotic surface 1,,,,,
L25,stratum,2C5,El,Erg (dunes) longitudinal,2C6,2C7,,,,presence_type,,,Mandatory,,,,,
L25,stratum,2C5,El,Erg (dunes) longitudinal,2C6,2C7,,,,@ontop,,,0,,,,,
L25,element,2C5,El,Erg (dunes) longitudinal,2C6,2C7,1,,LC_Dune,lccs3_type,,,LC_Dune,,,,,
L25,element,2C5,El,Erg (dunes) longitudinal,2C6,2C7,1,,LC_Dune,name,,,Dune,,,,,
L25,element,2C5,El,Erg (dunes) longitudinal,2C6,2C7,1,,LC_Dune,description,,,Describe a dune surface element,,,,,
L25,element,2C5,El,Erg (dunes) longitudinal,2C6,2C7,1,,LC_Dune,presence_type,,,Mandatory,,,,,
L25,class,2C9,Eb,Erg (dunes) barchan,,,,,,class_name,,,Erg (dunes) barchan,,,,,
L25,class,2C9,Eb,Erg (dunes) barchan,,,,,,class_description,,,Describe the land cover class,,,,,
L25,class,2C9,Eb,Erg (dunes) barchan,,,,,,class_map_code,,,Eb,,,,,
L25,class,2C9,Eb,Erg (dunes) barchan,,,,,,uuid,,,a8dc8d30-c573-11ec-9eb7-988d46a27cb4,,,,,
L25,hp,2C9,Eb,Erg (dunes) barchan,2CA,,,,,name,,,Horizontal Pattern 1,,,,,
L25,hp,2C9,Eb,Erg (dunes) barchan,2CA,,,,,description,,,Describe the horizontal pattern,,,,,
L25,stratum,2C9,Eb,Erg (dunes) barchan,2CA,2CB,,,,name,,,Stratum 1,,,,,
L25,stratum,2C9,Eb,Erg (dunes) barchan,2CA,2CB,,,,description,,,Abiotic surface 1,,,,,
L25,stratum,2C9,Eb,Erg (dunes) barchan,2CA,2CB,,,,presence_type,,,Mandatory,,,,,
L25,stratum,2C9,Eb,Erg (dunes) barchan,2CA,2CB,,,,@ontop,,,0,,,,,
L25,element,2C9,Eb,Erg (dunes) barchan,2CA,2CB,1,,LC_Dune,lccs3_type,,,LC_Dune,,,,,
L25,element,2C9,Eb,Erg (dunes) barchan,2CA,2CB,1,,LC_Dune,name,,,Dune,,,,,
L25,element,2C9,Eb,Erg (dunes) barchan,2CA,2CB,1,,LC_Dune,description,,,Describe a dune surface element,,,,,
L25,element,2C9,Eb,Erg (dunes) barchan,2CA,2CB,1,,LC_Dune,presence_type,,,Mandatory,,,,,
L25,element,2C9,Eb,Erg (dunes) barchan,2CA,2CB,1,,LC_Dune,type,,,Barchan,,,,,
L25,class,2CD,Ep,Erg (dunes) parabolic,,,,,,class_name,,,Erg (dunes) parabolic,,,,,
L25,class,2CD,Ep,Erg (dunes) parabolic,,,,,,class_description,,,Describe the land cover class,,,,,
L25,class,2CD,Ep,Erg (dunes) parabolic,,,,,,class_map_code,,,Ep,,,,,
L25,class,2CD,Ep,Erg (dunes) parabolic,,,,,,uuid,,,a8de13cd-c573-11ec-9eb7-988d46a27cb4,,,,,
L25,hp,2CD,Ep,Erg (dunes) parabolic,2CE,,,,,name,,,Horizontal Pattern 1,,,,,
L25,hp,2CD,Ep,Erg (dunes) parabolic,2CE,,,,,description,,,Describe the horizontal pattern,,,,,
L25,stratum,2CD,Ep,Erg (dunes) parabolic,2CE,2CF,,,,name,,,Stratum 1,,,,,
L25,stratum,2CD,Ep,Erg (dunes) parabolic,2CE,2CF,,,,description,,,Abiotic surface 1,,,,,
L25,stratum,2CD,Ep,Erg (dunes) parabolic,2CE,2CF,,,,presence_type,,,Mandatory,,,,,
L25,stratum,2CD,Ep,Erg (dunes) parabolic,2CE,2CF,,,,@ontop,,,0,,,,,
L25,element,2CD,Ep,Erg (dunes) parabolic,2CE,2CF,1,,LC_Dune,lccs3_type,,,LC_Dune,,,,,
L25,element,2CD,Ep,Erg (dunes) parabolic,2CE,2CF,1,,LC_Dune,name,,,Dune,,,,,
L25,element,2CD,Ep,Erg (dunes) parabolic,2CE,2CF,1,,LC_Dune,description,,,Describe a dune surface element,,,,,
L25,element,2CD,Ep,Erg (dunes) parabolic,2CE,2CF,1,,LC_Dune,presence_type,,,Mandatory,,,,,
L25,element,2CD,Ep,Erg (dunes) parabolic,2CE,2CF,1,,LC_Dune,type,,,Parabolic,,,,,
L25,class,2D1,Ds,Salt deposits,,,,,,class_name,,,Salt deposits,,,,,
L25,class,2D1,Ds,Salt deposits,,,,,,class_description,,,Describe the land cover class,,,,,
L25,class,2D1,Ds,Salt deposits,,,,,,class_map_code,,,Ds,,,,,
L25,class,2D1,Ds,Salt deposits,,,,,,uuid,,,a8df9a65-c573-11ec-9eb7-988d46a27cb4,,,,,
L25,hp,2D1,Ds,Salt deposits,2D2,,,,,name,,,Horizontal Pattern 1,,,,,
L25,hp,2D1,Ds,Salt deposits,2D2,,,,,description,,,Describe the horizontal pattern,,,,,
L25,stratum,2D1,Ds,Salt deposits,2D2,2D3,,,,name,,,Stratum 1,,,,,
L25,stratum,2D1,Ds,Salt deposits,2D2,2D3,,,,description,,,Abiotic surface 1,,,,,
L25,stratum,2D1,Ds,Salt deposits,2D2,2D3,,,,presence_type,,,Mandatory,,,,,
L25,stratum,2D1,Ds,Salt deposits,2D2,2D3,,,,@ontop,,,0,,,,,
L25,element,2D1,Ds,Salt deposits,2D2,2D3,1,,LC_InorganicDeposits,lccs3_type,,,LC_InorganicDeposits,,,,,
L25,element,2D1,Ds,Salt deposits,2D2,2D3,1,,LC_InorganicDeposits,name,,,Inorganic Deposits,,,,,
L25,element,2D1,Ds,Salt deposits,2D2,2D3,1,,LC_InorganicDeposits,description,,,Describe deposits of inorganic elements,,,,,
L25,element,2D1,Ds,Salt deposits,2D2,2D3,1,,LC_InorganicDeposits,presence_type,,,Mandatory,,,,,
L25,element,2D1,Ds,Salt deposits,2D2,2D3,1,,LC_InorganicDeposits,type,,,Salt Flat,,,,,
L25,class,2D5,Sn,Bare soil,,,,,,class_name,,,Bare soil,,,,,
L25,class,2D5,Sn,Bare soil,,,,,,class_description,,,Describe the land cover class,,,,,
L25,class,2D5,Sn,Bare soil,,,,,,class_map_code,,,Sn,,,,,
L25,class,2D5,Sn,Bare soil,,,,,,uuid,,,a8e0f9f7-c573-11ec-9eb7-988d46a27cb4,,,,,
L25,hp,2D5,Sn,Bare soil,2D6,,,,,name,,,Horizontal Pattern 1,,,,,
L25,hp,2D5,Sn,Bare soil,2D6,,,,,description,,,Describe the horizontal pattern,,,,,
L25,stratum,2D5,Sn,Bare soil,2D6,2D7,,,,name,,,Stratum 1,,,,,
L25,stratum,2D5,Sn,Bare soil,2D6,2D7,,,,description,,,Abiotic surface 1,,,,,
L25,stratum,2D5,Sn,Bare soil,2D6,2D7,,,,presence_type,,,Mandatory,,,,,
L25,stratum,2D5,Sn,Bare soil,2D6,2D7,,,,@ontop,,,0,,,,,
L25,element,2D5,Sn,Bare soil,2D6,2D7,1,,LC_BareSoil,lccs3_type,,,LC_BareSoil,,,,,
L25,element,2D5,Sn,Bare soil,2D6,2D7,1,,LC_BareSoil,name,,,Bare Soil,,,,,
L25,element,2D5,Sn,Bare soil,2D6,2D7,1,,LC_BareSoil,description,,,Describe a bare soil surface type,,,,,
L25,element,2D5,Sn,Bare soil,2D6,2D7,1,,LC_BareSoil,presence_type,,,Mandatory,,,,,
L25,class,2D9,P,Beaches,,,,,,class_name,,,Beaches,,,,,
L25,class,2D9,P,Beaches,,,,,,class_description,,,Describe the land cover class,,,,,
L25,class,2D9,P,Beaches,,,,,,class_map_code,,,P,,,,,
L25,class,2D9,P,Beaches,,,,,,uuid,,,a8e2598c-c573-11ec-9eb7-988d46a27cb4,,,,,
L25,class_char,2D9,P,Beaches,,,,1,LC_GeographicalAspects,name,,,Geographical Aspects,,,,,
L25,class_char,2D9,P,Beaches,,,,1,LC_GeographicalAspects,description,,,Describe the geographical aspects,,,,,
L25,class_char,2D9,P,Beaches,,,,1,LC_GeographicalAspects,type,,,Beach,,,,,
L25,hp,2D9,P,Beaches,2DB,,,,,name,,,Horizontal Pattern 1,,,,,
L25,hp,2D9,P,Beaches,2DB,,,,,description,,,Describe the horizontal pattern,,,,,
L25,stratum,2D9,P,Beaches,2DB,2DC,,,,name,,,Stratum 1,,,,,
L25,stratum,2D9,P,Beaches,2DB,2DC,,,,description,,,Abiotic surface 1,,,,,
L25,stratum,2D9,P,Beaches,2DB,2DC,,,,presence_type,,,Mandatory,,,,,
L25,stratum,2D9,P,Beaches,2DB,2DC,,,,@ontop,,,0,,,,,
L25,element,2D9,P,Beaches,2DB,2DC,1,,LC_LooseAndShiftingSand,lccs3_type,,,LC_LooseAndShiftingSand,,,,,
L25,element,2D9,P,Beaches,2DB,2DC,1,,LC_LooseAndShiftingSand,name,,,Loose and Shifting Sand,,,,,
L25,element,2D9,P,Beaches,2DB,2DC,1,,LC_LooseAndShiftingSand,description,,,Describe a loose and shifting sand surface element,,,,,
L25,element,2D9,P,Beaches,2DB,2DC,1,,LC_LooseAndShiftingSand,presence_type,,,Exclusive,,,,,
L25,element,2D9,P,Beaches,2DB,2DC,2,,LC_CoarseMineralFragments,lccs3_type,,,LC_CoarseMineralFragments,,,,,
L25,element,2D9,P,Beaches,2DB,2DC,2,,LC_CoarseMineralFragments,name,,,Coarse Mineral Fragments,,,,,
L25,element,2D9,P,Beaches,2DB,2DC,2,,LC_CoarseMineralFragments,description,,,Describe coarse mineral fragments surface element,,,,,
L25,element,2D9,P,Beaches,2DB,2DC,2,,LC_CoarseMineralFragments,presence_type,,,Exclusive,,,,,
L25,class,2DF,Bnl,Builtup non linear,,,,,,class_name,,,Builtup non linear,,,,,
L25,class,2DF,Bnl,Builtup non linear,,,,,,class_description,,,Describe the land cover class,,,,,
L25,class,2DF,Bnl,Builtup non linear,,,,,,class_map_code,,,Bnl,,,,,
L25,class,2DF,Bnl,Builtup non linear,,,,,,uuid,,,a8e3e028-c573-11ec-9eb7-988d46a27cb4,,,,,
L25,hp,2DF,Bnl,Builtup non linear,2E0,,,,,name,,,Horizontal Pattern 1,,,,,
L25,hp,2DF,Bnl,Builtup non linear,2E0,,,,,description,,,Describe the horizontal pattern,,,,,
L25,stratum,2DF,Bnl,Builtup non linear,2E0,2E1,,,,name,,,Stratum 1,,,,,
L25,stratum,2DF,Bnl,Builtup non linear,2E0,2E1,,,,description,,,Abiotic surface 1,,,,,
L25,stratum,2DF,Bnl,Builtup non linear,2E0,2E1,,,,presence_type,,,Mandatory,,,,,
L25,stratum,2DF,Bnl,Builtup non linear,2E0,2E1,,,,@ontop,,,0,,,,,
L25,element,2DF,Bnl,Builtup non linear,2E0,2E1,1,,LC_NonLinearSurface,lccs3_type,,,LC_NonLinearSurface,,,,,
L25,element,2DF,Bnl,Builtup non linear,2E0,2E1,1,,LC_NonLinearSurface,name,,,Non Linear Surface,,,,,
L25,element,2DF,Bnl,Builtup non linear,2E0,2E1,1,,LC_NonLinearSurface,description,,,Describe a non-linear built-up surface element,,,,,
L25,element,2DF,Bnl,Builtup non linear,2E0,2E1,1,,LC_NonLinearSurface,presence_type,,,Mandatory,,,,,
L25,class,2E3,Vr,Rural villages,,,,,,class_name,,,Rural villages,,,,,
L25,class,2E3,Vr,Rural villages,,,,,,class_description,,,Describe the land cover class,,,,,
L25,class,2E3,Vr,Rural villages,,,,,,class_map_code,,,Vr,,,,,
L25,class,2E3,Vr,Rural villages,,,,,,uuid,,,a8e62a13-c573-11ec-9eb7-988d46a27cb4,,,,,
L25,class_char,2E3,Vr,Rural villages,,,,1,LC_GeographicalAspects,name,,,Geographical Aspects,,,,,
L25,class_char,2E3,Vr,Rural villages,,,,1,LC_GeographicalAspects,description,,,Describe the geographical aspects,,,,,
L25,class_char,2E3,Vr,Rural villages,,,,1,LC_GeographicalAspects,type,,,Rural village,,,,,
L25,hp,2E3,Vr,Rural villages,2E5,,,,,name,,,Horizontal Pattern 1,,,,,
L25,hp,2E3,Vr,Rural villages,2E5,,,,,description,,,Describe the horizontal pattern,,,,,
L25,stratum,2E3,Vr,Rural villages,2E5,2E6,,,,name,,,Stratum 1,,,,,
L25,stratum,2E3,Vr,Rural villages,2E5,2E6,,,,description,,,Abiotic surface 1,,,,,
L25,stratum,2E3,Vr,Rural villages,2E5,2E6,,,,presence_type,,,Mandatory,,,,,
L25,stratum,2E3,Vr,Rural villages,2E5,2E6,,,,@ontop,,,0,,,,,
L25,element,2E3,Vr,Rural villages,2E5,2E6,1,,LC_Building,lccs3_type,,,LC_Building,,,,,
L25,element,2E3,Vr,Rural villages,2E5,2E6,1,,LC_Building,name,,,Building,,,,,
L25,element,2E3,Vr,Rural villages,2E5,2E6,1,,LC_Building,description,,,Describe a building element,,,,,
L25,element,2E3,Vr,Rural villages,2E5,2E6,1,,LC_Building,presence_type,,,Mandatory,,,,,
L25,hp,2E3,Vr,Rural villages,2E8,,,,,name,,,Horizontal Pattern 2,,,,,
L25,hp,2E3,Vr,Rural villages,2E8,,,,,description,,,Describe the horizontal pattern,,,,,
L25,stratum,2E3,Vr,Rural villages,2E8,2E9,,,,name,,,Stratum 1,,,,,
L25,stratum,2E3,Vr,Rural villages,2E8,2E9,,,,description,,,Abiotic surface 1,,,,,
L25,stratum,2E3,Vr,Rural villages,2E8,2E9,,,,presence_type,,,Mandatory,,,,,
L25,stratum,2E3,Vr,Rural villages,2E8,2E9,,,,@ontop,,,0,,,,,
L25,element,2E3,Vr,Rural villages,2E8,2E9,1,,LC_OtherArtificialSurface,lccs3_type,,,LC_OtherArtificialSurface,,,,,
L25,element,2E3,Vr,Rural villages,2E8,2E9,1,,LC_OtherArtificialSurface,name,,,Other Artificial Surface,,,,,
L25,element,2E3,Vr,Rural villages,2E8,2E9,1,,LC_OtherArtificialSurface,description,,,Describe a non linear surface of other type than buildings or other constructions,,,,,
L25,element,2E3,Vr,Rural villages,2E8,2E9,1,,LC_OtherArtificialSurface,presence_type,,,Mandatory,,,,,
L25,class,2EB,Zu,Urban areas,,,,,,class_name,,,Urban areas,,,,,
L25,class,2EB,Zu,Urban areas,,,,,,class_description,,,Describe the land cover class,,,,,
L25,class,2EB,Zu,Urban areas,,,,,,class_map_code,,,Zu,,,,,
L25,class,2EB,Zu,Urban areas,,,,,,uuid,,,a8eabdf3-c573-11ec-9eb7-988d46a27cb4,,,,,
L25,class_char,2EB,Zu,Urban areas,,,,1,LC_GeographicalAspects,name,,,Geographical Aspects,,,,,
L25,class_char,2EB,Zu,Urban areas,,,,1,LC_GeographicalAspects,description,,,Describe the geographical aspects,,,,,
L25,class_char,2EB,Zu,Urban areas,,,,1,LC_GeographicalAspects,type,,,Urban area,,,,,
L25,hp,2EB,Zu,Urban areas,2ED,,,,,name,,,Horizontal Pattern 1,,,,,
L25,hp,2EB,Zu,Urban areas,2ED,,,,,description,,,Describe the horizontal pattern,,,,,
L25,stratum,2EB,Zu,Urban areas,2ED,2EE,,,,name,,,Stratum 1,,,,,
L25,stratum,2EB,Zu,Urban areas,2ED,2EE,,,,description,,,Abiotic surface 1,,,,,
L25,stratum,2EB,Zu,Urban areas,2ED,2EE,,,,presence_type,,,Mandatory,,,,,
L25,stratum,2EB,Zu,Urban areas,2ED,2EE,,,,@ontop,,,0,,,,,
L25,element,2EB,Zu,Urban areas,2ED,2EE,1,,LC_Building,lccs3_type,,,LC_Building,,,,,
L25,element,2EB,Zu,Urban areas,2ED,2EE,1,,LC_Building,name,,,Building,,,,,
L25,element,2EB,Zu,Urban areas,2ED,2EE,1,,LC_Building,description,,,Describe a building element,,,,,
L25,element,2EB,Zu,Urban areas,2ED,2EE,1,,LC_Building,presence_type,,,Mandatory,,,,,
L25,hp,2EB,Zu,Urban areas,2F0,,,,,name,,,Horizontal Pattern 2,,,,,
L25,hp,2EB,Zu,Urban areas,2F0,,,,,description,,,Describe the horizontal pattern,,,,,
L25,stratum,2EB,Zu,Urban areas,2F0,2F1,,,,name,,,Stratum 1,,,,,
L25,stratum,2EB,Zu,Urban areas,2F0,2F1,,,,description,,,Abiotic surface 1,,,,,
L25,stratum,2EB,Zu,Urban areas,2F0,2F1,,,,presence_type,,,Mandatory,,,,,
L25,stratum,2EB,Zu,Urban areas,2F0,2F1,,,,@ontop,,,0,,,,,
L25,element,2EB,Zu,Urban areas,2F0,2F1,1,,LC_OtherConstruction,lccs3_type,,,LC_OtherConstruction,,,,,
L25,element,2EB,Zu,Urban areas,2F0,2F1,1,,LC_OtherConstruction,name,,,Other Constructions,,,,,
L25,element,2EB,Zu,Urban areas,2F0,2F1,1,,LC_OtherConstruction,description,,,Describe a non-linear surface type of other construction type than buildings,,,,,
L25,element,2EB,Zu,Urban areas,2F0,2F1,1,,LC_OtherConstruction,presence_type,,,Mandatory,,,,,
L25,hp,2EB,Zu,Urban areas,2F3,,,,,name,,,Horizontal Pattern 3,,,,,
L25,hp,2EB,Zu,Urban areas,2F3,,,,,description,,,Describe the horizontal pattern,,,,,
L25,stratum,2EB,Zu,Urban areas,2F3,2F4,,,,name,,,Stratum 1,,,,,
L25,stratum,2EB,Zu,Urban areas,2F3,2F4,,,,description,,,Abiotic surface 1,,,,,
L25,stratum,2EB,Zu,Urban areas,2F3,2F4,,,,presence_type,,,Mandatory,,,,,
L25,stratum,2EB,Zu,Urban areas,2F3,2F4,,,,@ontop,,,0,,,,,
L25,element,2EB,Zu,Urban areas,2F3,2F4,1,,LC_OtherArtificialSurface,lccs3_type,,,LC_OtherArtificialSurface,,,,,
L25,element,2EB,Zu,Urban areas,2F3,2F4,1,,LC_OtherArtificialSurface,name,,,Other Artificial Surface,,,,,
L25,element,2EB,Zu,Urban areas,2F3,2F4,1,,LC_OtherArtificialSurface,description,,,Describe a non linear surface of other type than buildings or other constructions,,,,,
L25,element,2EB,Zu,Urban areas,2F3,2F4,1,,LC_OtherArtificialSurface,presence_type,,,Mandatory,,,,,
L25,class,2F6,Ia,Industrial and other,,,,,,class_name,,,Industrial and other,,,,,
L25,class,2F6,Ia,Industrial and other,,,,,,class_description,,,Describe the land cover class,,,,,
L25,class,2F6,Ia,Industrial and other,,,,,,class_map_code,,,Ia,,,,,
L25,class,2F6,Ia,Industrial and other,,,,,,uuid,,,a8ec92bd-c573-11ec-9eb7-988d46a27cb4,,,,,
L25,hp,2F6,Ia,Industrial and other,2F7,,,,,name,,,Horizontal Pattern 1,,,,,
L25,hp,2F6,Ia,Industrial and other,2F7,,,,,description,,,Describe the horizontal pattern,,,,,
L25,stratum,2F6,Ia,Industrial and other,2F7,2F8,,,,name,,,Stratum 1,,,,,
L25,stratum,2F6,Ia,Industrial and other,2F7,2F8,,,,description,,,Abiotic surface 1,,,,,
L25,stratum,2F6,Ia,Industrial and other,2F7,2F8,,,,presence_type,,,Mandatory,,,,,
L25,stratum,2F6,Ia,Industrial and other,2F7,2F8,,,,@ontop,,,0,,,,,
L25,element,2F6,Ia,Industrial and other,2F7,2F8,1,,LC_OtherConstruction,lccs3_type,,,LC_OtherConstruction,,,,,
L25,element,2F6,Ia,Industrial and other,2F7,2F8,1,,LC_OtherConstruction,name,,,Other Constructions,,,,,
L25,element,2F6,Ia,Industrial and other,2F7,2F8,1,,LC_OtherConstruction,description,,,Describe a non-linear surface type of other construction type than buildings,,,,,
L25,element,2F6,Ia,Industrial and other,2F7,2F8,1,,LC_OtherConstruction,presence_type,,,Mandatory,,,,,
L25,characteristic,2F6,Ia,Industrial and other,2F7,2F8,1,1,LC_ConstructionUse,lccs3_type,,,LC_ConstructionUse,,,,,
L25,characteristic,2F6,Ia,Industrial and other,2F7,2F8,1,1,LC_ConstructionUse,name,,,Construction Use,,,,,
L25,characteristic,2F6,Ia,Industrial and other,2F7,2F8,1,1,LC_ConstructionUse,description,,,Describe the construction use characteristic,,,,,
L25,characteristic,2F6,Ia,Industrial and other,2F7,2F8,1,1,LC_ConstructionUse,type,,,Industrial,,,,,
L25,hp,2F6,Ia,Industrial and other,2FB,,,,,name,,,Horizontal Pattern 2,,,,,
L25,hp,2F6,Ia,Industrial and other,2FB,,,,,description,,,Describe the horizontal pattern,,,,,
L25,stratum,2F6,Ia,Industrial and other,2FB,2FC,,,,name,,,Stratum 1,,,,,
L25,stratum,2F6,Ia,Industrial and other,2FB,2FC,,,,description,,,Abiotic surface 1,,,,,
L25,stratum,2F6,Ia,Industrial and other,2FB,2FC,,,,presence_type,,,Mandatory,,,,,
L25,stratum,2F6,Ia,Industrial and other,2FB,2FC,,,,@ontop,,,0,,,,,
L25,element,2F6,Ia,Industrial and other,2FB,2FC,1,,LC_OtherArtificialSurface,lccs3_type,,,LC_OtherArtificialSurface,,,,,
L25,element,2F6,Ia,Industrial and other,2FB,2FC,1,,LC_OtherArtificialSurface,name,,,Other Artificial Surface,,,,,
L25,element,2F6,Ia,Industrial and other,2FB,2FC,1,,LC_OtherArtificialSurface,description,,,Describe a non linear surface of other type than buildings or other constructions,,,,,
L25,element,2F6,Ia,Industrial and other,2FB,2FC,1,,LC_OtherArtificialSurface,presence_type,,,Mandatory,,,,,
L25,class,2FE,I,Infrastructure,,,,,,class_name,,,Infrastructure,,,,,
L25,class,2FE,I,Infrastructure,,,,,,class_description,,,Describe the land cover class,,,,,
L25,class,2FE,I,Infrastructure,,,,,,class_map_code,,,I,,,,,
L25,class,2FE,I,Infrastructure,,,,,,uuid,,,a8ee8e92-c573-11ec-9eb7-988d46a27cb4,,,,,
L25,hp,2FE,I,Infrastructure,2FF,,,,,name,,,Horizontal Pattern 1,,,,,
L25,hp,2FE,I,Infrastructure,2FF,,,,,description,,,Describe the horizontal pattern,,,,,
L25,stratum,2FE,I,Infrastructure,2FF,300,,,,name,,,Stratum 1,,,,,
L25,stratum,2FE,I,Infrastructure,2FF,300,,,,description,,,Abiotic surface 1,,,,,
L25,stratum,2FE,I,Infrastructure,2FF,300,,,,presence_type,,,Mandatory,,,,,
L25,stratum,2FE,I,Infrastructure,2FF,300,,,,@ontop,,,0,,,,,
L25,element,2FE,I,Infrastructure,2FF,300,1,,LC_OtherConstruction,lccs3_type,,,LC_OtherConstruction,,,,,
L25,element,2FE,I,Infrastructure,2FF,300,1,,LC_OtherConstruction,name,,,Other Constructions,,,,,
L25,element,2FE,I,Infrastructure,2FF,300,1,,LC_OtherConstruction,description,,,Describe a non-linear surface type of other construction type than buildings,,,,,
L25,element,2FE,I,Infrastructure,2FF,300,1,,LC_OtherConstruction,presence_type,,,Mandatory,,,,,
L25,characteristic,2FE,I,Infrastructure,2FF,300,1,1,LC_ConstructionUse,lccs3_type,,,LC_ConstructionUse,,,,,
L25,characteristic,2FE,I,Infrastructure,2FF,300,1,1,LC_ConstructionUse,name,,,Construction Use,,,,,
L25,characteristic,2FE,I,Infrastructure,2FF,300,1,1,LC_ConstructionUse,description,,,Describe the construction use characteristic,,,,,
L25,characteristic,2FE,I,Infrastructure,2FF,300,1,1,LC_ConstructionUse,type,,,Infrastructures,,,,,
L25,hp,2FE,I,Infrastructure,303,,,,,name,,,Horizontal Pattern 2,,,,,
L25,hp,2FE,I,Infrastructure,303,,,,,description,,,Describe the horizontal pattern,,,,,
L25,stratum,2FE,I,Infrastructure,303,304,,,,name,,,Stratum 1,,,,,
L25,stratum,2FE,I,Infrastructure,303,304,,,,description,,,Abiotic surface 1,,,,,
L25,stratum,2FE,I,Infrastructure,303,304,,,,presence_type,,,Mandatory,,,,,
L25,stratum,2FE,I,Infrastructure,303,304,,,,@ontop,,,0,,,,,
L25,element,2FE,I,Infrastructure,303,304,1,,LC_OtherArtificialSurface,lccs3_type,,,LC_OtherArtificialSurface,,,,,
L25,element,2FE,I,Infrastructure,303,304,1,,LC_OtherArtificialSurface,name,,,Other Artificial Surface,,,,,
L25,element,2FE,I,Infrastructure,303,304,1,,LC_OtherArtificialSurface,description,,,Describe a non linear surface of other type than buildings or other constructions,,,,,
L25,element,2FE,I,Infrastructure,303,304,1,,LC_OtherArtificialSurface,presence_type,,,Mandatory,,,,,
L25,class,306,Bo,Bomas,,,,,,class_name,,,Bomas,,,,,
L25,class,306,Bo,Bomas,,,,,,class_description,,,Describe the land cover class,,,,,
L25,class,306,Bo,Bomas,,,,,,class_map_code,,,Bo,,,,,
L25,class,306,Bo,Bomas,,,,,,uuid,,,a8f0b165-c573-11ec-9eb7-988d46a27cb4,,,,,
L25,hp,306,Bo,Bomas,307,,,,,name,,,Horizontal Pattern 1,,,,,
L25,hp,306,Bo,Bomas,307,,,,,description,,,Describe the horizontal pattern,,,,,
L25,stratum,306,Bo,Bomas,307,308,,,,name,,,Stratum 1,,,,,
L25,stratum,306,Bo,Bomas,307,308,,,,description,,,Abiotic surface 1,,,,,
L25,stratum,306,Bo,Bomas,307,308,,,,presence_type,,,Mandatory,,,,,
L25,stratum,306,Bo,Bomas,307,308,,,,@ontop,,,0,,,,,
L25,element,306,Bo,Bomas,307,308,1,,LC_Building,lccs3_type,,,LC_Building,,,,,
L25,element,306,Bo,Bomas,307,308,1,,LC_Building,name,,,Building,,,,,
L25,element,306,Bo,Bomas,307,308,1,,LC_Building,description,,,Describe a building element,,,,,
L25,element,306,Bo,Bomas,307,308,1,,LC_Building,presence_type,,,Mandatory,,,,,
L25,element,306,Bo,Bomas,307,308,1,,LC_Building,construction_material,,,Light Material,,,,,
L25,hp,306,Bo,Bomas,30A,,,,,name,,,Horizontal Pattern 2,,,,,
L25,hp,306,Bo,Bomas,30A,,,,,description,,,Describe the horizontal pattern,,,,,
L25,stratum,306,Bo,Bomas,30A,30B,,,,name,,,Stratum 1,,,,,
L25,stratum,306,Bo,Bomas,30A,30B,,,,description,,,Vegetation 1,,,,,
L25,stratum,306,Bo,Bomas,30A,30B,,,,presence_type,,,Mandatory,,,,,
L25,stratum,306,Bo,Bomas,30A,30B,,,,@ontop,,,0,,,,,
L25,element,306,Bo,Bomas,30A,30B,1,,LC_HerbaceousGrowthForm,lccs3_type,,,LC_HerbaceousGrowthForms,,,,,
L25,element,306,Bo,Bomas,30A,30B,1,,LC_HerbaceousGrowthForm,name,,,Herbaceous growth forms,,,,,
L25,element,306,Bo,Bomas,30A,30B,1,,LC_HerbaceousGrowthForm,description,,,Describe a vegetation element of herbaceous growth form type,,,,,
L25,element,306,Bo,Bomas,30A,30B,1,,LC_HerbaceousGrowthForm,presence_type,,,Mandatory,,,,,
L25,characteristic,306,Bo,Bomas,30A,30B,1,1,LC_CultivatedAndManagedVegetationCharacteristics,lccs3_type,,,LC_CultivatedAndManagedVegetation,,,,,
L25,characteristic,306,Bo,Bomas,30A,30B,1,1,LC_CultivatedAndManagedVegetationCharacteristics,name,,,Cultivated And Managed Vegetation,,,,,
L25,characteristic,306,Bo,Bomas,30A,30B,1,1,LC_CultivatedAndManagedVegetationCharacteristics,description,,,Describe the cultivated and managed vegetation,,,,,
L25,characteristic,306,Bo,Bomas,30A,30B,1,1,LC_CultivatedAndManagedVegetationCharacteristics,elements/LC_Characteristic[LC_FieldSize]/name,,,Field Size,,,,,
L25,characteristic,306,Bo,Bomas,30A,30B,1,1,LC_CultivatedAndManagedVegetationCharacteristics,elements/LC_Characteristic[LC_FieldSize]/description,,,Describe the field size,,,,,
L25,characteristic,306,Bo,Bomas,30A,30B,1,1,LC_CultivatedAndManagedVegetationCharacteristics,elements/LC_Characteristic[LC_FieldSize]/size,0.01,0.07,,,,,,
L25,hp,306,Bo,Bomas,30F,,,,,name,,,Horizontal Pattern 3,,,,,
L25,hp,306,Bo,Bomas,30F,,,,,description,,,Describe the horizontal pattern,,,,,
L25,stratum,306,Bo,Bomas,30F,310,,,,name,,,Stratum 1,,,,,
L25,stratum,306,Bo,Bomas,30F,310,,,,description,,,Abiotic surface 1,,,,,
L25,stratum,306,Bo,Bomas,30F,310,,,,presence_type,,,Mandatory,,,,,
L25,stratum,306,Bo,Bomas,30F,310,,,,@ontop,,,0,,,,,
L25,element,306,Bo,Bomas,30F,310,1,,LC_BareSoil,lccs3_type,,,LC_BareSoil,,,,,
L25,element,306,Bo,Bomas,30F,310,1,,LC_BareSoil,name,,,Bare Soil,,,,,
L25,element,306,Bo,Bomas,30F,310,1,,LC_BareSoil,description,,,Describe a bare soil surface type,,,,,
L25,element,306,Bo,Bomas,30F,310,1,,LC_BareSoil,presence_type,,,Mandatory,,,,,
L25,class,312,Po,Port,,,,,,class_name,,,Port,,,,,
L25,class,312,Po,Port,,,,,,class_description,,,Describe the land cover class,,,,,
L25,class,312,Po,Port,,,,,,class_map_code,,,Po,,,,,
L25,class,312,Po,Port,,,,,,uuid,,,a8f34973-c573-11ec-9eb7-988d46a27cb4,,,,,
L25,hp,312,Po,Port,313,,,,,name,,,Horizontal Pattern 1,,,,,
L25,hp,312,Po,Port,313,,,,,description,,,Describe the horizontal pattern,,,,,
L25,stratum,312,Po,Port,313,314,,,,name,,,Stratum 1,,,,,
L25,stratum,312,Po,Port,313,314,,,,description,,,Abiotic surface 1,,,,,
L25,stratum,312,Po,Port,313,314,,,,presence_type,,,Mandatory,,,,,
L25,stratum,312,Po,Port,313,314,,,,@ontop,,,0,,,,,
L25,element,312,Po,Port,313,314,1,,LC_OtherConstruction,lccs3_type,,,LC_OtherConstruction,,,,,
L25,element,312,Po,Port,313,314,1,,LC_OtherConstruction,name,,,Other Constructions,,,,,
L25,element,312,Po,Port,313,314,1,,LC_OtherConstruction,description,,,Describe a non-linear surface type of other construction type than buildings,,,,,
L25,element,312,Po,Port,313,314,1,,LC_OtherConstruction,presence_type,,,Mandatory,,,,,
L25,characteristic,312,Po,Port,313,314,1,1,LC_ConstructionUse,lccs3_type,,,LC_ConstructionUse,,,,,
L25,characteristic,312,Po,Port,313,314,1,1,LC_ConstructionUse,name,,,Construction Use,,,,,
L25,characteristic,312,Po,Port,313,314,1,1,LC_ConstructionUse,description,,,Describe the construction use characteristic,,,,,
L25,characteristic,312,Po,Port,313,314,1,1,LC_ConstructionUse,type,,,Port Area,,,,,
L25,hp,312,Po,Port,317,,,,,name,,,Horizontal Pattern 2,,,,,
L25,hp,312,Po,Port,317,,,,,description,,,Describe the horizontal pattern,,,,,
L25,stratum,312,Po,Port,317,318,,,,name,,,Stratum 1,,,,,
L25,stratum,312,Po,Port,317,318,,,,description,,,Abiotic surface 1,,,,,
L25,stratum,312,Po,Port,317,318,,,,presence_type,,,Mandatory,,,,,
L25,stratum,312,Po,Port,317,318,,,,@ontop,,,0,,,,,
L25,element,312,Po,Port,317,318,1,,LC_OtherArtificialSurface,lccs3_type,,,LC_OtherArtificialSurface,,,,,
L25,element,312,Po,Port,317,318,1,,LC_OtherArtificialSurface,name,,,Other Artificial Surface,,,,,
L25,element,312,Po,Port,317,318,1,,LC_OtherArtificialSurface,description,,,Describe a non linear surface of other type than buildings or other constructions,,,,,
L25,element,312,Po,Port,317,318,1,,LC_OtherArtificialSurface,presence_type,,,Mandatory,,,,,
L25,class,31A,Ae,Airport,,,,,,class_name,,,Airport,,,,,
L25,class,31A,Ae,Airport,,,,,,class_description,,,Describe the land cover class,,,,,
L25,class,31A,Ae,Airport,,,,,,class_map_code,,,Ae,,,,,
L25,class,31A,Ae,Airport,,,,,,uuid,,,a8f56c53-c573-11ec-9eb7-988d46a27cb4,,,,,
L25,hp,31A,Ae,Airport,31B,,,,,name,,,Horizontal Pattern 1,,,,,
L25,hp,31A,Ae,Airport,31B,,,,,description,,,Describe the horizontal pattern,,,,,
L25,stratum,31A,Ae,Airport,31B,31C,,,,name,,,Stratum 1,,,,,
L25,stratum,31A,Ae,Airport,31B,31C,,,,description,,,Abiotic surface 1,,,,,
L25,stratum,31A,Ae,Airport,31B,31C,,,,presence_type,,,Mandatory,,,,,
L25,stratum,31A,Ae,Airport,31B,31C,,,,@ontop,,,0,,,,,
L25,element,31A,Ae,Airport,31B,31C,1,,LC_OtherConstruction,lccs3_type,,,LC_OtherConstruction,,,,,
L25,element,31A,Ae,Airport,31B,31C,1,,LC_OtherConstruction,name,,,Other Constructions,,,,,
L25,element,31A,Ae,Airport,31B,31C,1,,LC_OtherConstruction,description,,,Describe a non-linear surface type of other construction type than buildings,,,,,
L25,element,31A,Ae,Airport,31B,31C,1,,LC_OtherConstruction,presence_type,,,Mandatory,,,,,
L25,characteristic,31A,Ae,Airport,31B,31C,1,1,LC_ConstructionUse,lccs3_type,,,LC_ConstructionUse,,,,,
L25,characteristic,31A,Ae,Airport,31B,31C,1,1,LC_ConstructionUse,name,,,Construction Use,,,,,
L25,characteristic,31A,Ae,Airport,31B,31C,1,1,LC_ConstructionUse,description,,,Describe the construction use characteristic,,,,,
L25,characteristic,31A,Ae,Airport,31B,31C,1,1,LC_ConstructionUse,type,,,Airport,,,,,
L25,hp,31A,Ae,Airport,31F,,,,,name,,,Horizontal Pattern 2,,,,,
L25,hp,31A,Ae,Airport,31F,,,,,description,,,Describe the horizontal pattern,,,,,
L25,stratum,31A,Ae,Airport,31F,320,,,,name,,,Stratum 1,,,,,
L25,stratum,31A,Ae,Airport,31F,320,,,,description,,,Abiotic surface 1,,,,,
L25,stratum,31A,Ae,Airport,31F,320,,,,presence_type,,,Mandatory,,,,,
L25,stratum,31A,Ae,Airport,31F,320,,,,@ontop,,,0,,,,,
L25,element,31A,Ae,Airport,31F,320,1,,LC_OtherArtificialSurface,lccs3_type,,,LC_OtherArtificialSurface,,,,,
L25,element,31A,Ae,Airport,31F,320,1,,LC_OtherArtificialSurface,name,,,Other Artificial Surface,,,,,
L25,element,31A,Ae,Airport,31F,320,1,,LC_OtherArtificialSurface,description,,,Describe a non linear surface of other type than buildings or other constructions,,,,,
L25,element,31A,Ae,Airport,31F,320,1,,LC_OtherArtificialSurface,presence_type,,,Mandatory,,,,,
L25,class,322,Bla,Builtup linear & others,,,,,,class_name,,,Builtup linear & others,,,,,
L25,class,322,Bla,Builtup linear & others,,,,,,class_description,,,Describe the land cover class,,,,,
L25,class,322,Bla,Builtup linear & others,,,,,,class_map_code,,,Bla,,,,,
L25,class,322,Bla,Builtup linear & others,,,,,,uuid,,,a8f71a0f-c573-11ec-9eb7-988d46a27cb4,,,,,
L25,hp,322,Bla,Builtup linear & others,323,,,,,name,,,Horizontal Pattern 1,,,,,
L25,hp,322,Bla,Builtup linear & others,323,,,,,description,,,Describe the horizontal pattern,,,,,
L25,stratum,322,Bla,Builtup linear & others,323,324,,,,name,,,Stratum 1,,,,,
L25,stratum,322,Bla,Builtup linear & others,323,324,,,,description,,,Abiotic surface 1,,,,,
L25,stratum,322,Bla,Builtup linear & others,323,324,,,,presence_type,,,Mandatory,,,,,
L25,stratum,322,Bla,Builtup linear & others,323,324,,,,@ontop,,,0,,,,,
L25,element,322,Bla,Builtup linear & others,323,324,1,,LC_LinearSurface,lccs3_type,,,LC_LinearSurface,,,,,
L25,element,322,Bla,Builtup linear & others,323,324,1,,LC_LinearSurface,name,,,Linear Surface,,,,,
L25,element,322,Bla,Builtup linear & others,323,324,1,,LC_LinearSurface,description,,,Describe a linear built-up surface element,,,,,
L25,element,322,Bla,Builtup linear & others,323,324,1,,LC_LinearSurface,presence_type,,,Mandatory,,,,,
L25,class,326,Sd,Dump sites - extraction sites,,,,,,class_name,,,Dump sites - extraction sites,,,,,
L25,class,326,Sd,Dump sites - extraction sites,,,,,,class_description,,,Describe the land cover class,,,,,
L25,class,326,Sd,Dump sites - extraction sites,,,,,,class_map_code,,,Sd,,,,,
L25,class,326,Sd,Dump sites - extraction sites,,,,,,uuid,,,a8f8a0b5-c573-11ec-9eb7-988d46a27cb4,,,,,
L25,hp,326,Sd,Dump sites - extraction sites,327,,,,,name,,,Horizontal Pattern 1,,,,,
L25,hp,326,Sd,Dump sites - extraction sites,327,,,,,description,,,Describe the horizontal pattern,,,,,
L25,stratum,326,Sd,Dump sites - extraction sites,327,328,,,,name,,,Stratum 1,,,,,
L25,stratum,326,Sd,Dump sites - extraction sites,327,328,,,,description,,,Abiotic surface 1,,,,,
L25,stratum,326,Sd,Dump sites - extraction sites,327,328,,,,presence_type,,,Mandatory,,,,,
L25,stratum,326,Sd,Dump sites - extraction sites,327,328,,,,@ontop,,,0,,,,,
L25,element,326,Sd,Dump sites - extraction sites,327,328,1,,LC_NonBuiltUpSurface,lccs3_type,,,LC_NonBuiltUpSurface,,,,,
L25,element,326,Sd,Dump sites - extraction sites,327,328,1,,LC_NonBuiltUpSurface,name,,,Non Built-Up Surface,,,,,
L25,element,326,Sd,Dump sites - extraction sites,327,328,1,,LC_NonBuiltUpSurface,description,,,Describe a non built-up surface element,,,,,
L25,element,326,Sd,Dump sites - extraction sites,327,328,1,,LC_NonBuiltUpSurface,presence_type,,,Mandatory,,,,,
L25,class,32A,Pep,Permanent waterbodies,,,,,,class_name,,,Permanent waterbodies,,,,,
L25,class,32A,Pep,Permanent waterbodies,,,,,,class_description,,,Describe the land cover class,,,,,
L25,class,32A,Pep,Permanent waterbodies,,,,,,class_map_code,,,Pep,,,,,
L25,class,32A,Pep,Permanent waterbodies,,,,,,uuid,,,a8fa4e55-c573-11ec-9eb7-988d46a27cb4,,,,,
L25,hp,32A,Pep,Permanent waterbodies,32B,,,,,name,,,Horizontal Pattern 1,,,,,
L25,hp,32A,Pep,Permanent waterbodies,32B,,,,,description,,,Describe the horizontal pattern,,,,,
L25,stratum,32A,Pep,Permanent waterbodies,32B,32C,,,,name,,,Stratum 1,,,,,
L25,stratum,32A,Pep,Permanent waterbodies,32B,32C,,,,description,,,Abiotic surface 1,,,,,
L25,stratum,32A,Pep,Permanent waterbodies,32B,32C,,,,presence_type,,,Mandatory,,,,,
L25,stratum,32A,Pep,Permanent waterbodies,32B,32C,,,,@ontop,,,0,,,,,
L25,element,32A,Pep,Permanent waterbodies,32B,32C,1,,LC_WaterBody,lccs3_type,,,LC_WaterBody,,,,,
L25,element,32A,Pep,Permanent waterbodies,32B,32C,1,,LC_WaterBody,name,,,Water Body,,,,,
L25,element,32A,Pep,Permanent waterbodies,32B,32C,1,,LC_WaterBody,description,,,Describe a water body surface element,,,,,
L25,element,32A,Pep,Permanent waterbodies,32B,32C,1,,LC_WaterBody,presence_type,,,Mandatory,,,,,
L25,element,32A,Pep,Permanent waterbodies,32B,32C,1,,LC_WaterBody,periodic_variation[LC_PeriodicVariations]/name,,,Periodic Variations,,,,,
L25,element,32A,Pep,Permanent waterbodies,32B,32C,1,,LC_WaterBody,periodic_variation[LC_PeriodicVariations]/description,,,Contains the elements of Periodic Variation,,,,,
L25,element,32A,Pep,Permanent waterbodies,32B,32C,1,,LC_WaterBody,periodic_variation[LC_PeriodicVariations]/elements/LC_PeriodicVariation[LC_PeriodicVariation]/name,,,Periodic Variation,,,,,
L25,element,32A,Pep,Permanent waterbodies,32B,32C,1,,LC_WaterBody,periodic_variation[LC_PeriodicVariations]/elements/LC_PeriodicVariation[LC_PeriodicVariation]/description,,,Describe a periodic variation element,,,,,
L25,element,32A,Pep,Permanent waterbodies,32B,32C,1,,LC_WaterBody,periodic_variation[LC_PeriodicVariations]/elements/LC_PeriodicVariation[LC_PeriodicVariation]/persistence_units,,,Months,,,,,
L25,class,32E,R,River,,,,,,class_name,,,River,,,,,
L25,class,32E,R,River,,,,,,class_description,,,Describe the land cover class,,,,,
L25,class,32E,R,River,,,,,,class_map_code,,,R,,,,,
L25,class,32E,R,River,,,,,,uuid,,,a8fbade8-c573-11ec-9eb7-988d46a27cb4,,,,,
L25,hp,32E,R,River,32F,,,,,name,,,Horizontal Pattern 1,,,,,
L25,hp,32E,R,River,32F,,,,,description,,,Describe the horizontal pattern,,,,,
L25,stratum,32E,R,River,32F,330,,,,name,,,Stratum 1,,,,,
L25,stratum,32E,R,River,32F,330,,,,description,,,Abiotic surface 1,,,,,
L25,stratum,32E,R,River,32F,330,,,,presence_type,,,Mandatory,,,,,
L25,stratum,32E,R,River,32F,330,,,,@ontop,,,0,,,,,
L25,element,32E,R,River,32F,330,1,,LC_WaterBody,lccs3_type,,,LC_WaterBody,,,,,
L25,element,32E,R,River,32F,330,1,,LC_WaterBody,name,,,Water Body,,,,,
L25,element,32E,R,River,32F,330,1,,LC_WaterBody,description,,,Describe a water body surface element,,,,,
L25,element,32E,R,River,32F,330,1,,LC_WaterBody,presence_type,,,Mandatory,,,,,
L25,element,32E,R,River,32F,330,1,,LC_WaterBody,dynamics,,,Flowing,,,,,
L25,characteristic,32E,R,River,32F,330,1,1,LC_WaterSalinityCharacteristic,lccs3_type,,,LC_WaterSalinity,,,,,
L25,characteristic,32E,R,River,32F,330,1,1,LC_WaterSalinityCharacteristic,name,,,Water Salinity,,,,,
L25,characteristic,32E,R,River,32F,330,1,1,LC_WaterSalinityCharacteristic,description,,,Describe the water salinity characteristic,,,,,
L25,characteristic,32E,R,River,32F,330,1,1,LC_WaterSalinityCharacteristic,type,,,Fresh,,,,,
L25,characteristic,32E,R,River,32F,330,1,2,LC_ArtificialityCharacteristic,lccs3_type,,,LC_Artificiality,,,,,
L25,characteristic,32E,R,River,32F,330,1,2,LC_ArtificialityCharacteristic,name,,,Artificiality,,,,,
L25,characteristic,32E,R,River,32F,330,1,2,LC_ArtificialityCharacteristic,description,,,Describe the artificiality characteristic,,,,,
L25,characteristic,32E,R,River,32F,330,1,2,LC_ArtificialityCharacteristic,type,,,Natural,,,,,
L25,class,334,L,Lakes,,,,,,class_name,,,Lakes,,,,,
L25,class,334,L,Lakes,,,,,,class_description,,,Describe the land cover class,,,,,
L25,class,334,L,Lakes,,,,,,class_map_code,,,L,,,,,
L25,class,334,L,Lakes,,,,,,uuid,,,a8fd5b96-c573-11ec-9eb7-988d46a27cb4,,,,,
L25,hp,334,L,Lakes,335,,,,,name,,,Horizontal Pattern 1,,,,,
L25,hp,334,L,Lakes,335,,,,,description,,,Describe the horizontal pattern,,,,,
L25,stratum,334,L,Lakes,335,336,,,,name,,,Stratum 1,,,,,
L25,stratum,334,L,Lakes,335,336,,,,description,,,Abiotic surface 1,,,,,
L25,stratum,334,L,Lakes,335,336,,,,presence_type,,,Mandatory,,,,,
L25,stratum,334,L,Lakes,335,336,,,,@ontop,,,0,,,,,
L25,element,334,L,Lakes,335,336,1,,LC_WaterBody,lccs3_type,,,LC_WaterBody,,,,,
L25,element,334,L,Lakes,335,336,1,,LC_WaterBody,name,,,Water Body,,,,,
L25,element,334,L,Lakes,335,336,1,,LC_WaterBody,description,,,Describe a water body surface element,,,,,
L25,element,334,L,Lakes,335,336,1,,LC_WaterBody,presence_type,,,Mandatory,,,,,
L25,element,334,L,Lakes,335,336,1,,LC_WaterBody,periodic_variation[LC_PeriodicVariations]/name,,,Periodic Variations,,,,,
L25,element,334,L,Lakes,335,336,1,,LC_WaterBody,periodic_variation[LC_PeriodicVariations]/description,,,Contains the elements of Periodic Variation,,,,,
L25,element,334,L,Lakes,335,336,1,,LC_WaterBody,periodic_variation[LC_PeriodicVariations]/elements/LC_PeriodicVariation[LC_PeriodicVariation]/name,,,Periodic Variation,,,,,
L25,element,334,L,Lakes,335,336,1,,LC_WaterBody,periodic_variation[LC_PeriodicVariations]/elements/LC_PeriodicVariation[LC_PeriodicVariation]/description,,,Describe a periodic variation element,,,,,
L25,element,334,L,Lakes,335,336,1,,LC_WaterBody,periodic_variation[LC_PeriodicVariations]/elements/LC_PeriodicVariation[LC_PeriodicVariation]/persistence_units,,,Months,,,,,
L25,element,334,L,Lakes,335,336,1,,LC_WaterBody,dynamics,,,Standing,,,,,
L25,class,338,Pes,Seasonal waterbodies,,,,,,class_name,,,Seasonal waterbodies,,,,,
L25,class,338,Pes,Seasonal waterbodies,,,,,,class_description,,,Describe the land cover class,,,,,
L25,class,338,Pes,Seasonal waterbodies,,,,,,class_map_code,,,Pes,,,,,
L25,class,338,Pes,Seasonal waterbodies,,,,,,uuid,,,a8ffcc94-c573-11ec-9eb7-988d46a27cb4,,,,,
L25,hp,338,Pes,Seasonal waterbodies,339,,,,,name,,,Horizontal Pattern 1,,,,,
L25,hp,338,Pes,Seasonal waterbodies,339,,,,,description,,,Describe the horizontal pattern,,,,,
L25,stratum,338,Pes,Seasonal waterbodies,339,33A,,,,name,,,Stratum 1,,,,,
L25,stratum,338,Pes,Seasonal waterbodies,339,33A,,,,description,,,Abiotic surface 1,,,,,
L25,stratum,338,Pes,Seasonal waterbodies,339,33A,,,,presence_type,,,Mandatory,,,,,
L25,stratum,338,Pes,Seasonal waterbodies,339,33A,,,,@ontop,,,0,,,,,
L25,element,338,Pes,Seasonal waterbodies,339,33A,1,,LC_WaterBody,lccs3_type,,,LC_WaterBody,,,,,
L25,element,338,Pes,Seasonal waterbodies,339,33A,1,,LC_WaterBody,name,,,Water Body,,,,,
L25,element,338,Pes,Seasonal waterbodies,339,33A,1,,LC_WaterBody,description,,,Describe a water body surface element,,,,,
L25,element,338,Pes,Seasonal waterbodies,339,33A,1,,LC_WaterBody,presence_type,,,Mandatory,,,,,
L25,element,338,Pes,Seasonal waterbodies,339,33A,1,,LC_WaterBody,periodic_variation[LC_PeriodicVariations]/name,,,Periodic Variations,,,,,
L25,element,338,Pes,Seasonal waterbodies,339,33A,1,,LC_WaterBody,periodic_variation[LC_PeriodicVariations]/description,,,Contains the elements of Periodic Variation,,,,,
L25,element,338,Pes,Seasonal waterbodies,339,33A,1,,LC_WaterBody,periodic_variation[LC_PeriodicVariations]/elements/LC_PeriodicVariation[LC_PeriodicVariation]/name,,,Periodic Variation,,,,,
L25,element,338,Pes,Seasonal waterbodies,339,33A,1,,LC_WaterBody,periodic_variation[LC_PeriodicVariations]/elements/LC_PeriodicVariation[LC_PeriodicVariation]/description,,,Describe a periodic variation element,,,,,
L25,element,338,Pes,Seasonal waterbodies,339,33A,1,,LC_WaterBody,periodic_variation[LC_PeriodicVariations]/elements/LC_PeriodicVariation[LC_PeriodicVariation]/persistence_units,,,Months,,,,,
L25,class,33C,Rr,River bank,,,,,,class_name,,,River bank,,,,,
L25,class,33C,Rr,River bank,,,,,,class_description,,,Describe the land cover class,,,,,
L25,class,33C,Rr,River bank,,,,,,class_map_code,,,Rr,,,,,
L25,class,33C,Rr,River bank,,,,,,uuid,,,a9021688-c573-11ec-9eb7-988d46a27cb4,,,,,
L25,hp,33C,Rr,River bank,33D,,,,,name,,,Horizontal Pattern 1,,,,,
L25,hp,33C,Rr,River bank,33D,,,,,description,,,Describe the horizontal pattern,,,,,
L25,stratum,33C,Rr,River bank,33D,33E,,,,name,,,Stratum 1,,,,,
L25,stratum,33C,Rr,River bank,33D,33E,,,,description,,,Abiotic surface 1,,,,,
L25,stratum,33C,Rr,River bank,33D,33E,,,,presence_type,,,Mandatory,,,,,
L25,stratum,33C,Rr,River bank,33D,33E,,,,@ontop,,,0,,,,,
L25,element,33C,Rr,River bank,33D,33E,1,,LC_NaturalSurfaceElement,lccs3_type,,,LC_NaturalSurface,,,,,
L25,element,33C,Rr,River bank,33D,33E,1,,LC_NaturalSurfaceElement,name,,,Natural Surface,,,,,
L25,element,33C,Rr,River bank,33D,33E,1,,LC_NaturalSurfaceElement,description,,,Describe an abiotic surface element of natural type,,,,,
L25,element,33C,Rr,River bank,33D,33E,1,,LC_NaturalSurfaceElement,presence_type,,,Mandatory,,,,,
L25,stratum,33C,Rr,River bank,33D,340,,,,name,,,Stratum 2,,,,,
L25,stratum,33C,Rr,River bank,33D,340,,,,description,,,Abiotic surface 2,,,,,
L25,stratum,33C,Rr,River bank,33D,340,,,,presence_type,,,Mandatory,,,,,
L25,stratum,33C,Rr,River bank,33D,340,,,,@ontop,,,0,,,,,
L25,element,33C,Rr,River bank,33D,340,1,,LC_WaterBody,lccs3_type,,,LC_WaterBody,,,,,
L25,element,33C,Rr,River bank,33D,340,1,,LC_WaterBody,name,,,Water Body,,,,,
L25,element,33C,Rr,River bank,33D,340,1,,LC_WaterBody,description,,,Describe a water body surface element,,,,,
L25,element,33C,Rr,River bank,33D,340,1,,LC_WaterBody,presence_type,,,Mandatory,,,,,
L25,element,33C,Rr,River bank,33D,340,1,,LC_WaterBody,periodic_variation[LC_PeriodicVariations]/name,,,Periodic Variations,,,,,
L25,element,33C,Rr,River bank,33D,340,1,,LC_WaterBody,periodic_variation[LC_PeriodicVariations]/description,,,Contains the elements of Periodic Variation,,,,,
L25,element,33C,Rr,River bank,33D,340,1,,LC_WaterBody,periodic_variation[LC_PeriodicVariations]/elements/LC_PeriodicVariation[LC_PeriodicVariation]/name,,,Periodic Variation,,,,,
L25,element,33C,Rr,River bank,33D,340,1,,LC_WaterBody,periodic_variation[LC_PeriodicVariations]/elements/LC_PeriodicVariation[LC_PeriodicVariation]/description,,,Describe a periodic variation element,,,,,
L25,element,33C,Rr,River bank,33D,340,1,,LC_WaterBody,periodic_variation[LC_PeriodicVariations]/elements/LC_PeriodicVariation[LC_PeriodicVariation]/persistence_units,,,Weeks,,,,,
L25,element,33C,Rr,River bank,33D,340,1,,LC_WaterBody,dynamics,,,Flowing,,,,,
L25,characteristic,33C,Rr,River bank,33D,340,1,1,LC_WaterSalinityCharacteristic,lccs3_type,,,LC_WaterSalinity,,,,,
L25,characteristic,33C,Rr,River bank,33D,340,1,1,LC_WaterSalinityCharacteristic,name,,,Water Salinity,,,,,
L25,characteristic,33C,Rr,River bank,33D,340,1,1,LC_WaterSalinityCharacteristic,description,,,Describe the water salinity characteristic,,,,,
L25,characteristic,33C,Rr,River bank,33D,340,1,1,LC_WaterSalinityCharacteristic,type,,,Fresh,,,,,
L25,characteristic,33C,Rr,River bank,33D,340,1,2,LC_ArtificialityCharacteristic,lccs3_type,,,LC_Artificiality,,,,,
L25,characteristic,33C,Rr,River bank,33D,340,1,2,LC_ArtificialityCharacteristic,name,,,Artificiality,,,,,
L25,characteristic,33C,Rr,River bank,33D,340,1,2,LC_ArtificialityCharacteristic,description,,,Describe the artificiality characteristic,,,,,
L25,characteristic,33C,Rr,River bank,33D,340,1,2,LC_ArtificialityCharacteristic,type,,,Natural,,,,,
L25,class,344,W,Wadies,,,,,,class_name,,,Wadies,,,,,
L25,class,344,W,Wadies,,,,,,class_description,,,Describe the land cover class,,,,,
L25,class,344,W,Wadies,,,,,,class_map_code,,,W,,,,,
L25,class,344,W,Wadies,,,,,,uuid,,,a9043965-c573-11ec-9eb7-988d46a27cb4,,,,,
L25,hp,344,W,Wadies,345,,,,,name,,,Horizontal Pattern 1,,,,,
L25,hp,344,W,Wadies,345,,,,,description,,,Describe the horizontal pattern,,,,,
L25,stratum,344,W,Wadies,345,346,,,,name,,,Stratum 1,,,,,
L25,stratum,344,W,Wadies,345,346,,,,description,,,Abiotic surface 1,,,,,
L25,stratum,344,W,Wadies,345,346,,,,presence_type,,,Mandatory,,,,,
L25,stratum,344,W,Wadies,345,346,,,,@ontop,,,0,,,,,
L25,element,344,W,Wadies,345,346,1,,LC_NaturalSurfaceElement,lccs3_type,,,LC_NaturalSurface,,,,,
L25,element,344,W,Wadies,345,346,1,,LC_NaturalSurfaceElement,name,,,Natural Surface,,,,,
L25,element,344,W,Wadies,345,346,1,,LC_NaturalSurfaceElement,description,,,Describe an abiotic surface element of natural type,,,,,
L25,element,344,W,Wadies,345,346,1,,LC_NaturalSurfaceElement,presence_type,,,Mandatory,,,,,
L25,stratum,344,W,Wadies,345,348,,,,name,,,Stratum 2,,,,,
L25,stratum,344,W,Wadies,345,348,,,,description,,,Abiotic surface 2,,,,,
L25,stratum,344,W,Wadies,345,348,,,,presence_type,,,Mandatory,,,,,
L25,stratum,344,W,Wadies,345,348,,,,@ontop,,,0,,,,,
L25,element,344,W,Wadies,345,348,1,,LC_WaterBody,lccs3_type,,,LC_WaterBody,,,,,
L25,element,344,W,Wadies,345,348,1,,LC_WaterBody,name,,,Water Body,,,,,
L25,element,344,W,Wadies,345,348,1,,LC_WaterBody,description,,,Describe a water body surface element,,,,,
L25,element,344,W,Wadies,345,348,1,,LC_WaterBody,presence_type,,,Mandatory,,,,,
L25,element,344,W,Wadies,345,348,1,,LC_WaterBody,periodic_variation[LC_PeriodicVariations]/name,,,Periodic Variations,,,,,
L25,element,344,W,Wadies,345,348,1,,LC_WaterBody,periodic_variation[LC_PeriodicVariations]/description,,,Contains the elements of Periodic Variation,,,,,
L25,element,344,W,Wadies,345,348,1,,LC_WaterBody,periodic_variation[LC_PeriodicVariations]/elements/LC_PeriodicVariation[LC_PeriodicVariation]/name,,,Periodic Variation,,,,,
L25,element,344,W,Wadies,345,348,1,,LC_WaterBody,periodic_variation[LC_PeriodicVariations]/elements/LC_PeriodicVariation[LC_PeriodicVariation]/description,,,Describe a periodic variation element,,,,,
L25,element,344,W,Wadies,345,348,1,,LC_WaterBody,periodic_variation[LC_PeriodicVariations]/elements/LC_PeriodicVariation[LC_PeriodicVariation]/persistence_units,,,Weeks,,,,,
L25,element,344,W,Wadies,345,348,1,,LC_WaterBody,dynamics,,,Flowing,,,,,
L25,characteristic,344,W,Wadies,345,348,1,1,LC_WaterSalinityCharacteristic,lccs3_type,,,LC_WaterSalinity,,,,,
L25,characteristic,344,W,Wadies,345,348,1,1,LC_WaterSalinityCharacteristic,name,,,Water Salinity,,,,,
L25,characteristic,344,W,Wadies,345,348,1,1,LC_WaterSalinityCharacteristic,description,,,Describe the water salinity characteristic,,,,,
L25,characteristic,344,W,Wadies,345,348,1,1,LC_WaterSalinityCharacteristic,type,,,Fresh,,,,,
L25,characteristic,344,W,Wadies,345,348,1,2,LC_ArtificialityCharacteristic,lccs3_type,,,LC_Artificiality,,,,,
L25,characteristic,344,W,Wadies,345,348,1,2,LC_ArtificialityCharacteristic,name,,,Artificiality,,,,,
L25,characteristic,344,W,Wadies,345,348,1,2,LC_ArtificialityCharacteristic,description,,,Describe the artificiality characteristic,,,,,
L25,characteristic,344,W,Wadies,345,348,1,2,LC_ArtificialityCharacteristic,type,,,Natural,,,,,
L25,class,34C,Rl,Lake shore,,,,,,class_name,,,Lake shore,,,,,
L25,class,34C,Rl,Lake shore,,,,,,class_description,,,Describe the land cover class,,,,,
L25,class,34C,Rl,Lake shore,,,,,,class_map_code,,,Rl,,,,,
L25,class,34C,Rl,Lake shore,,,,,,uuid,,,a9060e24-c573-11ec-9eb7-988d46a27cb4,,,,,
L25,hp,34C,Rl,Lake shore,34D,,,,,name,,,Horizontal Pattern 1,,,,,
L25,hp,34C,Rl,Lake shore,34D,,,,,description,,,Describe the horizontal pattern,,,,,
L25,stratum,34C,Rl,Lake shore,34D,34E,,,,name,,,Stratum 1,,,,,
L25,stratum,34C,Rl,Lake shore,34D,34E,,,,description,,,Abiotic surface 1,,,,,
L25,stratum,34C,Rl,Lake shore,34D,34E,,,,presence_type,,,Mandatory,,,,,
L25,stratum,34C,Rl,Lake shore,34D,34E,,,,@ontop,,,0,,,,,
L25,element,34C,Rl,Lake shore,34D,34E,1,,LC_NaturalSurfaceElement,lccs3_type,,,LC_NaturalSurface,,,,,
L25,element,34C,Rl,Lake shore,34D,34E,1,,LC_NaturalSurfaceElement,name,,,Natural Surface,,,,,
L25,element,34C,Rl,Lake shore,34D,34E,1,,LC_NaturalSurfaceElement,description,,,Describe an abiotic surface element of natural type,,,,,
L25,element,34C,Rl,Lake shore,34D,34E,1,,LC_NaturalSurfaceElement,presence_type,,,Mandatory,,,,,
L25,stratum,34C,Rl,Lake shore,34D,350,,,,name,,,Stratum 2,,,,,
L25,stratum,34C,Rl,Lake shore,34D,350,,,,description,,,Abiotic surface 2,,,,,
L25,stratum,34C,Rl,Lake shore,34D,350,,,,presence_type,,,Mandatory,,,,,
L25,stratum,34C,Rl,Lake shore,34D,350,,,,@ontop,,,0,,,,,
L25,element,34C,Rl,Lake shore,34D,350,1,,LC_WaterBody,lccs3_type,,,LC_WaterBody,,,,,
L25,element,34C,Rl,Lake shore,34D,350,1,,LC_WaterBody,name,,,Water Body,,,,,
L25,element,34C,Rl,Lake shore,34D,350,1,,LC_WaterBody,description,,,Describe a water body surface element,,,,,
L25,element,34C,Rl,Lake shore,34D,350,1,,LC_WaterBody,presence_type,,,Mandatory,,,,,
L25,element,34C,Rl,Lake shore,34D,350,1,,LC_WaterBody,periodic_variation[LC_PeriodicVariations]/name,,,Periodic Variations,,,,,
L25,element,34C,Rl,Lake shore,34D,350,1,,LC_WaterBody,periodic_variation[LC_PeriodicVariations]/description,,,Contains the elements of Periodic Variation,,,,,
L25,element,34C,Rl,Lake shore,34D,350,1,,LC_WaterBody,periodic_variation[LC_PeriodicVariations]/elements/LC_PeriodicVariation[LC_PeriodicVariation]/name,,,Periodic Variation,,,,,
L25,element,34C,Rl,Lake shore,34D,350,1,,LC_WaterBody,periodic_variation[LC_PeriodicVariations]/elements/LC_PeriodicVariation[LC_PeriodicVariation]/description,,,Describe a periodic variation element,,,,,
L25,element,34C,Rl,Lake shore,34D,350,1,,LC_WaterBody,periodic_variation[LC_PeriodicVariations]/elements/LC_PeriodicVariation[LC_PeriodicVariation]/persistence_units,,,Months,,,,,
L25,element,34C,Rl,Lake shore,34D,350,1,,LC_WaterBody,dynamics,,,Standing,,,,,
L25,class,352,Ea,Artificial water bodies,,,,,,class_name,,,Artificial water bodies,,,,,
L25,class,352,Ea,Artificial water bodies,,,,,,class_description,,,Describe the land cover class,,,,,
L25,class,352,Ea,Artificial water bodies,,,,,,class_map_code,,,Ea,,,,,
L25,class,352,Ea,Artificial water bodies,,,,,,uuid,,,a90794e2-c573-11ec-9eb7-988d46a27cb4,,,,,
L25,hp,352,Ea,Artificial water bodies,353,,,,,name,,,Horizontal Pattern 1,,,,,
L25,hp,352,Ea,Artificial water bodies,353,,,,,description,,,Describe the horizontal pattern,,,,,
L25,stratum,352,Ea,Artificial water bodies,353,354,,,,name,,,Stratum 1,,,,,
L25,stratum,352,Ea,Artificial water bodies,353,354,,,,description,,,Abiotic surface 1,,,,,
L25,stratum,352,Ea,Artificial water bodies,353,354,,,,presence_type,,,Mandatory,,,,,
L25,stratum,352,Ea,Artificial water bodies,353,354,,,,@ontop,,,0,,,,,
L25,element,352,Ea,Artificial water bodies,353,354,1,,LC_WaterBody,lccs3_type,,,LC_WaterBody,,,,,
L25,element,352,Ea,Artificial water bodies,353,354,1,,LC_WaterBody,name,,,Water Body,,,,,
L25,element,352,Ea,Artificial water bodies,353,354,1,,LC_WaterBody,description,,,Describe a water body surface element,,,,,
L25,element,352,Ea,Artificial water bodies,353,354,1,,LC_WaterBody,presence_type,,,Mandatory,,,,,
L25,characteristic,352,Ea,Artificial water bodies,353,354,1,1,LC_ArtificialityCharacteristic,lccs3_type,,,LC_Artificiality,,,,,
L25,characteristic,352,Ea,Artificial water bodies,353,354,1,1,LC_ArtificialityCharacteristic,name,,,Artificiality,,,,,
L25,characteristic,352,Ea,Artificial water bodies,353,354,1,1,LC_ArtificialityCharacteristic,description,,,Describe the artificiality characteristic,,,,,
L25,characteristic,352,Ea,Artificial water bodies,353,354,1,1,LC_ArtificialityCharacteristic,type,,,Artificial,,,,,
L25,characteristic,352,Ea,Artificial water bodies,353,354,1,2,LC_WaterSalinityCharacteristic,lccs3_type,,,LC_WaterSalinity,,,,,
L25,characteristic,352,Ea,Artificial water bodies,353,354,1,2,LC_WaterSalinityCharacteristic,name,,,Water Salinity,,,,,
L25,characteristic,352,Ea,Artificial water bodies,353,354,1,2,LC_WaterSalinityCharacteristic,description,,,Describe the water salinity characteristic,,,,,
L25,characteristic,352,Ea,Artificial water bodies,353,354,1,2,LC_WaterSalinityCharacteristic,type,,,Fresh,,,,,
