system,record,class_id,class_map_code,class_name,hp_id,stratum_id,block_id,char_id,ref,attribute,min,max,value,evidence,framing_ref,confidence,status,note
L1,legend,,,,,,,,,legend_name,,,Globcover,,,,,
L1,legend,,,,,,,,,legend_description,,,Describe the legend,,,,,
L1,legend,,,,,,,,,legend_author,,,Antonio Di Gregorio,,,,,
L1,class,2,1A,Irrigated cropland,,,,,,class_name,,,Irrigated cropland,,,,,
L1,class,2,1A,Irrigated cropland,,,,,,class_description,,,Describe the land cover class,,,,,
L1,class,2,1A,Irrigated cropland,,,,,,class_map_code,,,1A,,,,,
L1,class,2,1A,Irrigated cropland,,,,,,uuid,,,12f52c80-380d-11eb-89de-185680280055,,,,,
L1,hp,2,1A,Irrigated cropland,3,,,,,name,,,Horizontal Pattern 1,,,,,
L1,hp,2,1A,Irrigated cropland,3,,,,,description,,,Describe the horizontal pattern,,,,,
L1,stratum,2,1A,Irrigated cropland,3,4,,,,name,,,Stratum 1,,,,,
L1,stratum,2,1A,Irrigated cropland,3,4,,,,description,,,Vegetation 1,,,,,
L1,stratum,2,1A,Irrigated cropland,3,4,,,,presence_type,,,Mandatory,,,,,
L1,stratum,2,1A,Irrigated cropland,3,4,,,,@ontop,,,0,,,,,
L1,element,2,1A,Irrigated cropland,3,4,1,,LC_WoodyGrowthForm,lccs3_type,,,LC_WoodyGrowthForms,,,,,
L1,element,2,1A,Irrigated cropland,3,4,1,,LC_WoodyGrowthForm,name,,,Woody Growth Forms,,,,,
L1,element,2,1A,Irrigated cropland,3,4,1,,LC_WoodyGrowthForm,description,,,Describe a vegetation element of woody type,,,,,
L1,element,2,1A,Irrigated cropland,3,4,1,,LC_WoodyGrowthForm,presence_type,,,Exclusive,,,,,
L1,characteristic,2,1A,Irrigated cropland,3,4,1,1,LC_CultivatedAndManagedVegetationCharacteristics,lccs3_type,,,LC_CultivatedAndManagedVegetation,,,,,
L1,characteristic,2,1A,Irrigated cropland,3,4,1,1,LC_CultivatedAndManagedVegetationCharacteristics,name,,,Cultivated And Managed Vegetation,,,,,
L1,characteristic,2,1A,Irrigated cropland,3,4,1,1,LC_CultivatedAndManagedVegetationCharacteristics,description,,,Describe the cultivated and managed vegetation,,,,,
L1,element,2,1A,Irrigated cropland,3,4,2,,LC_HerbaceousGrowthForm,lccs3_type,,,LC_HerbaceousGrowthForms,,,,,
L1,element,2,1A,Irrigated cropland,3,4,2,,LC_HerbaceousGrowthForm,name,,,Herbaceous growth forms,,,,,
L1,element,2,1A,Irrigated cropland,3,4,2,,LC_HerbaceousGrowthForm,description,,,Describe a vegetation element of herbaceous growth form type,,,,,
L1,element,2,1A,Irrigated cropland,3,4,2,,LC_HerbaceousGrowthForm,presence_type,,,Exclusive,,,,,
L1,characteristic,2,1A,Irrigated cropland,3,4,2,1,LC_CultivatedAndManagedVegetationCharacteristics,lccs3_type,,,LC_CultivatedAndManagedVegetation,,,,,
L1,characteristic,2,1A,Irrigated cropland,3,4,2,1,LC_CultivatedAndManagedVegetationCharacteristics,name,,,Cultivated And Managed Vegetation,,,,,
L1,characteristic,2,1A,Irrigated cropland,3,4,2,1,LC_CultivatedAndManagedVegetationCharacteristics,description,,,Describe the cultivated and managed vegetation,,,,,
L1,class,B,1B,Postflooding herbaceous crop,,,,,,class_name,,,Postflooding herbaceous crop,,,,,
L1,class,B,1B,Postflooding herbaceous crop,,,,,,class_description,,,Describe the land cover class,,,,,
L1,class,B,1B,Postflooding herbaceous crop,,,,,,class_map_code,,,1B,,,,,
L1,class,B,1B,Postflooding herbaceous crop,,,,,,uuid,,,cc458310-380d-11eb-89de-185680280055,,,,,
L1,hp,B,1B,Postflooding herbaceous crop,C,,,,,name,,,Horizontal Pattern 1,,,,,
L1,hp,B,1B,Postflooding herbaceous crop,C,,,,,description,,,Describe the horizontal pattern,,,,,
L1,stratum,B,1B,Postflooding herbaceous crop,C,D,,,,name,,,Stratum 1,,,,,
L1,stratum,B,1B,Postflooding herbaceous crop,C,D,,,,description,,,Sequential temporal relationship 1,,,,,
L1,stratum,B,1B,Postflooding herbaceous crop,C,D,,,,presence_type,,,Mandatory,,,,,
L1,stratum,B,1B,Postflooding herbaceous crop,C,D,,,,@ontop,,,0,,,,,
L1,element,B,1B,Postflooding herbaceous crop,C,D,1,,LC_WaterBody,lccs3_type,,,LC_WaterBody,,,,,
L1,element,B,1B,Postflooding herbaceous crop,C,D,1,,LC_WaterBody,name,,,Water Body,,,,,
L1,element,B,1B,Postflooding herbaceous crop,C,D,1,,LC_WaterBody,description,,,Describe a water body surface element,,,,,
L1,element,B,1B,Postflooding herbaceous crop,C,D,1,,LC_WaterBody,sequential_temporal_relationship/type,,,Sequential Same Year,,,,,
L1,element,B,1B,Postflooding herbaceous crop,C,D,1,,LC_WaterBody,presence_type,,,Temporal Sequence Depending,,,,,
L1,element,B,1B,Postflooding herbaceous crop,C,D,1,,LC_WaterBody,periodic_variation[LC_PeriodicVariations]/name,,,Periodic Variations,,,,,
L1,element,B,1B,Postflooding herbaceous crop,C,D,1,,LC_WaterBody,periodic_variation[LC_PeriodicVariations]/description,,,Contains the elements of Periodic Variation,,,,,
L1,element,B,1B,Postflooding herbaceous crop,C,D,1,,LC_WaterBody,periodic_variation[LC_PeriodicVariations]/elements/LC_PeriodicVariation[LC_PeriodicVariation]/name,,,Periodic Variation,,,,,
L1,element,B,1B,Postflooding herbaceous crop,C,D,1,,LC_WaterBody,periodic_variation[LC_PeriodicVariations]/elements/LC_PeriodicVariation[LC_PeriodicVariation]/description,,,Describe a periodic variation element,,,,,
L1,element,B,1B,Postflooding herbaceous crop,C,D,1,,LC_WaterBody,periodic_variation[LC_PeriodicVariations]/elements/LC_PeriodicVariation[LC_PeriodicVariation]/persistence_units,,,Months,,,,,
L1,element,B,1B,Postflooding herbaceous crop,C,D,1,,LC_WaterBody,periodic_variation[LC_PeriodicVariations]/elements/LC_PeriodicVariation[LC_PeriodicVariation]/persistence_period,2.0,4.0,,,,,,
L1,element,B,1B,Postflooding herbaceous crop,C,D,2,,LC_HerbaceousGrowthForm,lccs3_type,,,LC_HerbaceousGrowthForms,,,,,
L1,element,B,1B,Postflooding herbaceous crop,C,D,2,,LC_HerbaceousGrowthForm,name,,,Herbaceous growth forms,,,,,
L1,element,B,1B,Postflooding herbaceous crop,C,D,2,,LC_HerbaceousGrowthForm,description,,,Describe a vegetation element of herbaceous growth form type,,,,,
L1,element,B,1B,Postflooding herbaceous crop,C,D,2,,LC_HerbaceousGrowthForm,sequential_temporal_relationship/type,,,Sequential Same Year,,,,,
L1,element,B,1B,Postflooding herbaceous crop,C,D,2,,LC_HerbaceousGrowthForm,sequential_temporal_relationship/length,3.0,4.0,,,,,,
L1,element,B,1B,Postflooding herbaceous crop,C,D,2,,LC_HerbaceousGrowthForm,presence_type,,,Temporal Sequence Depending,,,,,
L1,characteristic,B,1B,Postflooding herbaceous crop,C,D,2,1,LC_CultivatedAndManagedVegetationCharacteristics,lccs3_type,,,LC_CultivatedAndManagedVegetation,,,,,
L1,characteristic,B,1B,Postflooding herbaceous crop,C,D,2,1,LC_CultivatedAndManagedVegetationCharacteristics,name,,,Cultivated And Managed Vegetation,,,,,
L1,characteristic,B,1B,Postflooding herbaceous crop,C,D,2,1,LC_CultivatedAndManagedVegetationCharacteristics,description,,,Describe the cultivated and managed vegetation,,,,,
L1,class,13,14,Rainfed croplands,,,,,,class_name,,,Rainfed croplands,,,,,
L1,class,13,14,Rainfed croplands,,,,,,class_description,,,Describe the land cover class,,,,,
L1,class,13,14,Rainfed croplands,,,,,,class_map_code,,,14,,,,,
L1,class,13,14,Rainfed croplands,,,,,,uuid,,,f0a25480-380e-11eb-89de-185680280055,,,,,
L1,hp,13,14,Rainfed croplands,14,,,,,name,,,Horizontal Pattern 1,,,,,
L1,hp,13,14,Rainfed croplands,14,,,,,description,,,Describe the horizontal pattern,,,,,
L1,stratum,13,14,Rainfed croplands,14,15,,,,name,,,Stratum 1,,,,,
L1,stratum,13,14,Rainfed croplands,14,15,,,,description,,,Vegetation 1,,,,,
L1,stratum,13,14,Rainfed croplands,14,15,,,,presence_type,,,Mandatory,,,,,
L1,stratum,13,14,Rainfed croplands,14,15,,,,@ontop,,,0,,,,,
L1,element,13,14,Rainfed croplands,14,15,1,,LC_WoodyGrowthForm,lccs3_type,,,LC_WoodyGrowthForms,,,,,
L1,element,13,14,Rainfed croplands,14,15,1,,LC_WoodyGrowthForm,name,,,Woody Growth Forms,,,,,
L1,element,13,14,Rainfed croplands,14,15,1,,LC_WoodyGrowthForm,description,,,Describe a vegetation element of woody type,,,,,
L1,element,13,14,Rainfed croplands,14,15,1,,LC_WoodyGrowthForm,presence_type,,,Exclusive,,,,,
L1,characteristic,13,14,Rainfed croplands,14,15,1,1,LC_CultivatedAndManagedVegetationCharacteristics,lccs3_type,,,LC_CultivatedAndManagedVegetation,,,,,
L1,characteristic,13,14,Rainfed croplands,14,15,1,1,LC_CultivatedAndManagedVegetationCharacteristics,name,,,Cultivated And Managed Vegetation,,,,,
L1,characteristic,13,14,Rainfed croplands,14,15,1,1,LC_CultivatedAndManagedVegetationCharacteristics,description,,,Describe the cultivated and managed vegetation,,,,,
L1,characteristic,13,14,Rainfed croplands,14,15,1,1,LC_CultivatedAndManagedVegetationCharacteristics,elements/LC_Characteristic[LC_Rainfed]/name,,,Rainfed,,,,,
L1,characteristic,13,14,Rainfed croplands,14,15,1,1,LC_CultivatedAndManagedVegetationCharacteristics,elements/LC_Characteristic[LC_Rainfed]/description,,,Describe the rainfed,,,,,
L1,element,13,14,Rainfed croplands,14,15,2,,LC_HerbaceousGrowthForm,lccs3_type,,,LC_HerbaceousGrowthForms,,,,,
L1,element,13,14,Rainfed croplands,14,15,2,,LC_HerbaceousGrowthForm,name,,,Herbaceous growth forms,,,,,
L1,element,13,14,Rainfed croplands,14,15,2,,LC_HerbaceousGrowthForm,description,,,Describe a vegetation element of herbaceous growth form type,,,,,
L1,element,13,14,Rainfed croplands,14,15,2,,LC_HerbaceousGrowthForm,presence_type,,,Exclusive,,,,,
L1,characteristic,13,14,Rainfed croplands,14,15,2,1,LC_CultivatedAndManagedVegetationCharacteristics,lccs3_type,,,LC_CultivatedAndManagedVegetation,,,,,
L1,characteristic,13,14,Rainfed croplands,14,15,2,1,LC_CultivatedAndManagedVegetationCharacteristics,name,,,Cultivated And Managed Vegetation,,,,,
L1,characteristic,13,14,Rainfed croplands,14,15,2,1,LC_CultivatedAndManagedVegetationCharacteristics,description,,,Describe the cultivated and managed vegetation,,,,,
L1,characteristic,13,14,Rainfed croplands,14,15,2,1,LC_CultivatedAndManagedVegetationCharacteristics,elements/LC_Characteristic[LC_Rainfed]/name,,,Rainfed,,,,,
L1,characteristic,13,14,Rainfed croplands,14,15,2,1,LC_CultivatedAndManagedVegetationCharacteristics,elements/LC_Characteristic[LC_Rainfed]/description,,,Describe the rainfed,,,,,
L1,class,1C,20,Mosaic cropland (50 - 70) natural vegetation (20-50),,,,,,class_name,,,Mosaic cropland (50 - 70) natural vegetation (20-50),,,,,
L1,class,1C,20,Mosaic cropland (50 - 70) natural vegetation (20-50),,,,,,class_description,,,Describe the land cover class,,,,,
L1,class,1C,20,Mosaic cropland (50 - 70) natural vegetation (20-50),,,,,,class_map_code,,,20,,,,,
L1,class,1C,20,Mosaic cropland (50 - 70) natural vegetation (20-50),,,,,,uuid,,,8abc6740-380f-11eb-89de-185680280055,,,,,
L1,hp,1C,20,Mosaic cropland (50 - 70) natural vegetation (20-50),1D,,,,,name,,,Horizontal Pattern 1,,,,,
L1,hp,1C,20,Mosaic cropland (50 - 70) natural vegetation (20-50),1D,,,,,description,,,Describe the horizontal pattern,,,,,
L1,hp,1C,20,Mosaic cropland (50 - 70) natural vegetation (20-50),1D,,,,,cover,50.0,70.0,,,,,,
L1,hp,1C,20,Mosaic cropland (50 - 70) natural vegetation (20-50),1D,,,,,occurance,100.0,100.0,,,,,,
L1,stratum,1C,20,Mosaic cropland (50 - 70) natural vegetation (20-50),1D,1E,,,,name,,,Stratum 1,,,,,
L1,stratum,1C,20,Mosaic cropland (50 - 70) natural vegetation (20-50),1D,1E,,,,description,,,Vegetation 1,,,,,
L1,stratum,1C,20,Mosaic cropland (50 - 70) natural vegetation (20-50),1D,1E,,,,presence_type,,,Mandatory,,,,,
L1,stratum,1C,20,Mosaic cropland (50 - 70) natural vegetation (20-50),1D,1E,,,,@ontop,,,0,,,,,
L1,element,1C,20,Mosaic cropland (50 - 70) natural vegetation (20-50),1D,1E,1,,LC_WoodyGrowthForm,lccs3_type,,,LC_WoodyGrowthForms,,,,,
L1,element,1C,20,Mosaic cropland (50 - 70) natural vegetation (20-50),1D,1E,1,,LC_WoodyGrowthForm,name,,,Woody Growth Forms,,,,,
L1,element,1C,20,Mosaic cropland (50 - 70) natural vegetation (20-50),1D,1E,1,,LC_WoodyGrowthForm,description,,,Describe a vegetation element of woody type,,,,,
L1,element,1C,20,Mosaic cropland (50 - 70) natural vegetation (20-50),1D,1E,1,,LC_WoodyGrowthForm,presence_type,,,Exclusive,,,,,
L1,characteristic,1C,20,Mosaic cropland (50 - 70) natural vegetation (20-50),1D,1E,1,1,LC_CultivatedAndManagedVegetationCharacteristics,lccs3_type,,,LC_CultivatedAndManagedVegetation,,,,,
L1,characteristic,1C,20,Mosaic cropland (50 - 70) natural vegetation (20-50),1D,1E,1,1,LC_CultivatedAndManagedVegetationCharacteristics,name,,,Cultivated And Managed Vegetation,,,,,
L1,characteristic,1C,20,Mosaic cropland (50 - 70) natural vegetation (20-50),1D,1E,1,1,LC_CultivatedAndManagedVegetationCharacteristics,description,,,Describe the cultivated and managed vegetation,,,,,
L1,element,1C,20,Mosaic cropland (50 - 70) natural vegetation (20-50),1D,1E,2,,LC_HerbaceousGrowthForm,lccs3_type,,,LC_HerbaceousGrowthForms,,,,,
L1,element,1C,20,Mosaic cropland (50 - 70) natural vegetation (20-50),1D,1E,2,,LC_HerbaceousGrowthForm,name,,,Herbaceous growth forms,,,,,
L1,element,1C,20,Mosaic cropland (50 - 70) natural vegetation (20-50),1D,1E,2,,LC_HerbaceousGrowthForm,description,,,Describe a vegetation element of herbaceous growth form type,,,,,
L1,element,1C,20,Mosaic cropland (50 - 70) natural vegetation (20-50),1D,1E,2,,LC_HerbaceousGrowthForm,presence_type,,,Exclusive,,,,,
L1,characteristic,1C,20,Mosaic cropland (50 - 70) natural vegetation (20-50),1D,1E,2,1,LC_CultivatedAndManagedVegetationCharacteristics,lccs3_type,,,LC_CultivatedAndManagedVegetation,,,,,
L1,characteristic,1C,20,Mosaic cropland (50 - 70) natural vegetation (20-50),1D,1E,2,1,LC_CultivatedAndManagedVegetationCharacteristics,name,,,Cultivated And Managed Vegetation,,,,,
L1,characteristic,1C,20,Mosaic cropland (50 - 70) natural vegetation (20-50),1D,1E,2,1,LC_CultivatedAndManagedVegetationCharacteristics,description,,,Describe the cultivated and managed vegetation,,,,,
L1,hp,1C,20,Mosaic cropland (50 - 70) natural vegetation (20-50),23,,,,,name,,,Horizontal Pattern 2,,,,,
L1,hp,1C,20,Mosaic cropland (50 - 70) natural vegetation (20-50),23,,,,,description,,,Describe the horizontal pattern,,,,,
L1,hp,1C,20,Mosaic cropland (50 - 70) natural vegetation (20-50),23,,,,,cover,20.0,50.0,,,,,,
L1,hp,1C,20,Mosaic cropland (50 - 70) natural vegetation (20-50),23,,,,,occurance,100.0,100.0,,,,,,
L1,stratum,1C,20,Mosaic cropland (50 - 70) natural vegetation (20-50),23,24,,,,name,,,Stratum 1,,,,,
L1,stratum,1C,20,Mosaic cropland (50 - 70) natural vegetation (20-50),23,24,,,,description,,,Vegetation 1,,,,,
L1,stratum,1C,20,Mosaic cropland (50 - 70) natural vegetation (20-50),23,24,,,,presence_type,,,Mandatory,,,,,
L1,stratum,1C,20,Mosaic cropland (50 - 70) natural vegetation (20-50),23,24,,,,@ontop,,,0,,,,,
L1,element,1C,20,Mosaic cropland (50 - 70) natural vegetation (20-50),23,24,1,,LC_GrowthForm,lccs3_type,,,LC_GrowthForms,,,,,
L1,element,1C,20,Mosaic cropland (50 - 70) natural vegetation (20-50),23,24,1,,LC_GrowthForm,name,,,Growth Forms,,,,,
L1,element,1C,20,Mosaic cropland (50 - 70) natural vegetation (20-50),23,24,1,,LC_GrowthForm,description,,,Describe a vegetation element of growth form type,,,,,
L1,element,1C,20,Mosaic cropland (50 - 70) natural vegetation (20-50),23,24,1,,LC_GrowthForm,presence_type,,,Mandatory,,,,,
L1,characteristic,1C,20,Mosaic cropland (50 - 70) natural vegetation (20-50),23,24,1,1,LC_VegetationArtificialityCharacteristic,lccs3_type,,,LC_NaturalOrSeminaturalVegetation,,,,,value: Natural or Seminatural
L1,characteristic,1C,20,Mosaic cropland (50 - 70) natural vegetation (20-50),23,24,1,1,LC_VegetationArtificialityCharacteristic,name,,,Natural Or Seminatural Vegetation,,,,,
L1,characteristic,1C,20,Mosaic cropland (50 - 70) natural vegetation (20-50),23,24,1,1,LC_VegetationArtificialityCharacteristic,description,,,Describe the natural or seminatural vegetation,,,,,
L1,class,27,30,Mosaic vegetation (50-70) / Croplands (20 - 50),,,,,,class_name,,,Mosaic vegetation (50-70) / Croplands (20 - 50),,,,,
L1,class,27,30,Mosaic vegetation (50-70) / Croplands (20 - 50),,,,,,class_description,,,Describe the land cover class,,,,,
L1,class,27,30,Mosaic vegetation (50-70) / Croplands (20 - 50),,,,,,class_map_code,,,30,,,,,
L1,class,27,30,Mosaic vegetation (50-70) / Croplands (20 - 50),,,,,,uuid,,,0381ea10-3810-11eb-89de-185680280055,,,,,
L1,hp,27,30,Mosaic vegetation (50-70) / Croplands (20 - 50),28,,,,,name,,,Horizontal Pattern 1,,,,,
L1,hp,27,30,Mosaic vegetation (50-70) / Croplands (20 - 50),28,,,,,description,,,Describe the horizontal pattern,,,,,
L1,hp,27,30,Mosaic vegetation (50-70) / Croplands (20 - 50),28,,,,,cover,50.0,70.0,,,,,,
L1,hp,27,30,Mosaic vegetation (50-70) / Croplands (20 - 50),28,,,,,occurance,100.0,100.0,,,,,,
L1,stratum,27,30,Mosaic vegetation (50-70) / Croplands (20 - 50),28,29,,,,name,,,Stratum 1,,,,,
L1,stratum,27,30,Mosaic vegetation (50-70) / Croplands (20 - 50),28,29,,,,description,,,Vegetation 1,,,,,
L1,stratum,27,30,Mosaic vegetation (50-70) / Croplands (20 - 50),28,29,,,,presence_type,,,Mandatory,,,,,
L1,stratum,27,30,Mosaic vegetation (50-70) / Croplands (20 - 50),28,29,,,,@ontop,,,0,,,,,
L1,element,27,30,Mosaic vegetation (50-70) / Croplands (20 - 50),28,29,1,,LC_GrowthForm,lccs3_type,,,LC_GrowthForms,,,,,
L1,element,27,30,Mosaic vegetation (50-70) / Croplands (20 - 50),28,29,1,,LC_GrowthForm,name,,,Growth Forms,,,,,
L1,element,27,30,Mosaic vegetation (50-70) / Croplands (20 - 50),28,29,1,,LC_GrowthForm,description,,,Describe a vegetation element of growth form type,,,,,
L1,element,27,30,Mosaic vegetation (50-70) / Croplands (20 - 50),28,29,1,,LC_GrowthForm,presence_type,,,Mandatory,,,,,
L1,characteristic,27,30,Mosaic vegetation (50-70) / Croplands (20 - 50),28,29,1,1,LC_VegetationArtificialityCharacteristic,lccs3_type,,,LC_NaturalOrSeminaturalVegetation,,,,,value: Natural or Seminatural
L1,characteristic,27,30,Mosaic vegetation (50-70) / Croplands (20 - 50),28,29,1,1,LC_VegetationArtificialityCharacteristic,name,,,Natural Or Seminatural Vegetation,,,,,
L1,characteristic,27,30,Mosaic vegetation (50-70) / Croplands (20 - 50),28,29,1,1,LC_VegetationArtificialityCharacteristic,description,,,Describe the natural or seminatural vegetation,,,,,
L1,hp,27,30,Mosaic vegetation (50-70) / Croplands (20 - 50),2C,,,,,name,,,Horizontal Pattern 2,,,,,
L1,hp,27,30,Mosaic vegetation (50-70) / Croplands (20 - 50),2C,,,,,description,,,Describe the horizontal pattern,,,,,
L1,hp,27,30,Mosaic vegetation (50-70) / Croplands (20 - 50),2C,,,,,cover,20.0,50.0,,,,,,
L1,hp,27,30,Mosaic vegetation (50-70) / Croplands (20 - 50),2C,,,,,occurance,100.0,100.0,,,,,,
L1,stratum,27,30,Mosaic vegetation (50-70) / Croplands (20 - 50),2C,2D,,,,name,,,Stratum 1,,,,,
L1,stratum,27,30,Mosaic vegetation (50-70) / Croplands (20 - 50),2C,2D,,,,description,,,Vegetation 1,,,,,
L1,stratum,27,30,Mosaic vegetation (50-70) / Croplands (20 - 50),2C,2D,,,,presence_type,,,Mandatory,,,,,
L1,stratum,27,30,Mosaic vegetation (50-70) / Croplands (20 - 50),2C,2D,,,,@ontop,,,0,,,,,
L1,element,27,30,Mosaic vegetation (50-70) / Croplands (20 - 50),2C,2D,1,,LC_WoodyGrowthForm,lccs3_type,,,LC_WoodyGrowthForms,,,,,
L1,element,27,30,Mosaic vegetation (50-70) / Croplands (20 - 50),2C,2D,1,,LC_WoodyGrowthForm,name,,,Woody Growth Forms,,,,,
L1,element,27,30,Mosaic vegetation (50-70) / Croplands (20 - 50),2C,2D,1,,LC_WoodyGrowthForm,description,,,Describe a vegetation element of woody type,,,,,
L1,element,27,30,Mosaic vegetation (50-70) / Croplands (20 - 50),2C,2D,1,,LC_WoodyGrowthForm,presence_type,,,Exclusive,,,,,
L1,characteristic,27,30,Mosaic vegetation (50-70) / Croplands (20 - 50),2C,2D,1,1,LC_CultivatedAndManagedVegetationCharacteristics,lccs3_type,,,LC_CultivatedAndManagedVegetation,,,,,
L1,characteristic,27,30,Mosaic vegetation (50-70) / Croplands (20 - 50),2C,2D,1,1,LC_CultivatedAndManagedVegetationCharacteristics,name,,,Cultivated And Managed Vegetation,,,,,
L1,characteristic,27,30,Mosaic vegetation (50-70) / Croplands (20 - 50),2C,2D,1,1,LC_CultivatedAndManagedVegetationCharacteristics,description,,,Describe the cultivated and managed vegetation,,,,,
L1,element,27,30,Mosaic vegetation (50-70) / Croplands (20 - 50),2C,2D,2,,LC_HerbaceousGrowthForm,lccs3_type,,,LC_HerbaceousGrowthForms,,,,,
L1,element,27,30,Mosaic vegetation (50-70) / Croplands (20 - 50),2C,2D,2,,LC_HerbaceousGrowthForm,name,,,Herbaceous growth forms,,,,,
L1,element,27,30,Mosaic vegetation (50-70) / Croplands (20 - 50),2C,2D,2,,LC_HerbaceousGrowthForm,description,,,Describe a vegetation element of herbaceous growth form type,,,,,
L1,element,27,30,Mosaic vegetation (50-70) / Croplands (20 - 50),2C,2D,2,,LC_HerbaceousGrowthForm,presence_type,,,Exclusive,,,,,
L1,characteristic,27,30,Mosaic vegetation (50-70) / Croplands (20 - 50),2C,2D,2,1,LC_CultivatedAndManagedVegetationCharacteristics,lccs3_type,,,LC_CultivatedAndManagedVegetation,,,,,
L1,characteristic,27,30,Mosaic vegetation (50-70) / Croplands (20 - 50),2C,2D,2,1,LC_CultivatedAndManagedVegetationCharacteristics,name,,,Cultivated And Managed Vegetation,,,,,
L1,characteristic,27,30,Mosaic vegetation (50-70) / Croplands (20 - 50),2C,2D,2,1,LC_CultivatedAndManagedVegetationCharacteristics,description,,,Describe the cultivated and managed vegetation,,,,,
L1,class,32,40,Closed to open (>15%) broadleaved evergreen or semidecidous forest,,,,,,class_name,,,Closed to open (>15%) broadleaved evergreen or semidecidous forest,,,,,
L1,class,32,40,Closed to open (>15%) broadleaved evergreen or semidecidous forest,,,,,,class_description,,,Describe the land cover class,,,,,
L1,class,32,40,Closed to open (>15%) broadleaved evergreen or semidecidous forest,,,,,,class_map_code,,,40,,,,,
L1,class,32,40,Closed to open (>15%) broadleaved evergreen or semidecidous forest,,,,,,uuid,,,853dbca0-3810-11eb-89de-185680280055,,,,,
L1,hp,32,40,Closed to open (>15%) broadleaved evergreen or semidecidous forest,33,,,,,name,,,Horizontal Pattern 1,,,,,
L1,hp,32,40,Closed to open (>15%) broadleaved evergreen or semidecidous forest,33,,,,,description,,,Describe the horizontal pattern,,,,,
L1,stratum,32,40,Closed to open (>15%) broadleaved evergreen or semidecidous forest,33,34,,,,name,,,Stratum 1,,,,,
L1,stratum,32,40,Closed to open (>15%) broadleaved evergreen or semidecidous forest,33,34,,,,description,,,Vegetation 1,,,,,
L1,stratum,32,40,Closed to open (>15%) broadleaved evergreen or semidecidous forest,33,34,,,,presence_type,,,Mandatory,,,,,
L1,stratum,32,40,Closed to open (>15%) broadleaved evergreen or semidecidous forest,33,34,,,,@ontop,,,0,,,,,
L1,element,32,40,Closed to open (>15%) broadleaved evergreen or semidecidous forest,33,34,1,,LC_Tree,lccs3_type,,,LC_Trees,,,,,
L1,element,32,40,Closed to open (>15%) broadleaved evergreen or semidecidous forest,33,34,1,,LC_Tree,name,,,Trees,,,,,
L1,element,32,40,Closed to open (>15%) broadleaved evergreen or semidecidous forest,33,34,1,,LC_Tree,description,,,Describe a vegetation element of trees type,,,,,
L1,element,32,40,Closed to open (>15%) broadleaved evergreen or semidecidous forest,33,34,1,,LC_Tree,presence_type,,,Exclusive,,,,,
L1,element,32,40,Closed to open (>15%) broadleaved evergreen or semidecidous forest,33,34,1,,LC_Tree,cover,15.0,100.0,,,,,,
L1,element,32,40,Closed to open (>15%) broadleaved evergreen or semidecidous forest,33,34,1,,LC_Tree,LC_WoodyGrowthLeafType[LC_WoodyGrowthLeafType]/name,,,Woody Growth Leaf Type,,,,,
L1,element,32,40,Closed to open (>15%) broadleaved evergreen or semidecidous forest,33,34,1,,LC_Tree,LC_WoodyGrowthLeafType[LC_WoodyGrowthLeafType]/description,,,Contains the elements of Woody Growth Leaf Type,,,,,
L1,element,32,40,Closed to open (>15%) broadleaved evergreen or semidecidous forest,33,34,1,,LC_Tree,LC_WoodyGrowthLeafType[LC_WoodyGrowthLeafType]/elements/LC_WoodyLeafType[LC_Broadleaved]/name,,,Broadleaved,,,,,
L1,element,32,40,Closed to open (>15%) broadleaved evergreen or semidecidous forest,33,34,1,,LC_Tree,LC_WoodyGrowthLeafType[LC_WoodyGrowthLeafType]/elements/LC_WoodyLeafType[LC_Broadleaved]/description,,,Describe a Broadleaved type element,,,,,
L1,characteristic,32,40,Closed to open (>15%) broadleaved evergreen or semidecidous forest,33,34,1,1,LC_VegetationArtificialityCharacteristic,lccs3_type,,,LC_NaturalOrSeminaturalVegetation,,,,,value: Natural or Seminatural
L1,characteristic,32,40,Closed to open (>15%) broadleaved evergreen or semidecidous forest,33,34,1,1,LC_VegetationArtificialityCharacteristic,name,,,Natural Or Seminatural Vegetation,,,,,
L1,characteristic,32,40,Closed to open (>15%) broadleaved evergreen or semidecidous forest,33,34,1,1,LC_VegetationArtificialityCharacteristic,description,,,Describe the natural or seminatural vegetation,,,,,
L1,element,32,40,Closed to open (>15%) broadleaved evergreen or semidecidous forest,33,34,2,,LC_Tree,lccs3_type,,,LC_Trees,,,,,
L1,element,32,40,Closed to open (>15%) broadleaved evergreen or semidecidous forest,33,34,2,,LC_Tree,name,,,Trees,,,,,
L1,element,32,40,Closed to open (>15%) broadleaved evergreen or semidecidous forest,33,34,2,,LC_Tree,description,,,Describe a vegetation element of trees type,,,,,
L1,element,32,40,Closed to open (>15%) broadleaved evergreen or semidecidous forest,33,34,2,,LC_Tree,presence_type,,,Exclusive,,,,,
L1,element,32,40,Closed to open (>15%) broadleaved evergreen or semidecidous forest,33,34,2,,LC_Tree,cover,15.0,100.0,,,,,,
L1,element,32,40,Closed to open (>15%) broadleaved evergreen or semidecidous forest,33,34,2,,LC_Tree,LC_WoodyGrowthLeafPhenology[LC_WoodyGrowthLeafPhenology]/name,,,Woody Growth Leaf Phenology,,,,,
L1,element,32,40,Closed to open (>15%) broadleaved evergreen or semidecidous forest,33,34,2,,LC_Tree,LC_WoodyGrowthLeafPhenology[LC_WoodyGrowthLeafPhenology]/description,,,Contains the elements of Woody Growth Leaf Phenology,,,,,
L1,element,32,40,Closed to open (>15%) broadleaved evergreen or semidecidous forest,33,34,2,,LC_Tree,LC_WoodyGrowthLeafPhenology[LC_WoodyGrowthLeafPhenology]/elements/LC_WoodyLeafPhenology[LC_Deciduous]/name,,,Deciduous,,,,,
L1,element,32,40,Closed to open (>15%) broadleaved evergreen or semidecidous forest,33,34,2,,LC_Tree,LC_WoodyGrowthLeafPhenology[LC_WoodyGrowthLeafPhenology]/elements/LC_WoodyLeafPhenology[LC_Deciduous]/description,,,Describe a Deciduous leaf phenology element,,,,,
L1,element,32,40,Closed to open (>15%) broadleaved evergreen or semidecidous forest,33,34,2,,LC_Tree,LC_WoodyGrowthLeafPhenology[LC_WoodyGrowthLeafPhenology]/elements/LC_WoodyLeafPhenology[LC_Deciduous]/percentage,50.0,70.0,,,,,,
L1,characteristic,32,40,Closed to open (>15%) broadleaved evergreen or semidecidous forest,33,34,2,1,LC_VegetationArtificialityCharacteristic,lccs3_type,,,LC_NaturalOrSeminaturalVegetation,,,,,value: Natural or Seminatural
L1,characteristic,32,40,Closed to open (>15%) broadleaved evergreen or semidecidous forest,33,34,2,1,LC_VegetationArtificialityCharacteristic,name,,,Natural Or Seminatural Vegetation,,,,,
L1,characteristic,32,40,Closed to open (>15%) broadleaved evergreen or semidecidous forest,33,34,2,1,LC_VegetationArtificialityCharacteristic,description,,,Describe the natural or seminatural vegetation,,,,,
L1,class,3D,50,Closed (>40%) broadleaverd decodous forest,,,,,,class_name,,,Closed (>40%) broadleaverd decodous forest,,,,,
L1,class,3D,50,Closed (>40%) broadleaverd decodous forest,,,,,,class_description,,,Describe the land cover class,,,,,
L1,class,3D,50,Closed (>40%) broadleaverd decodous forest,,,,,,class_map_code,,,50,,,,,
L1,class,3D,50,Closed (>40%) broadleaverd decodous forest,,,,,,uuid,,,9f699b70-3811-11eb-89de-185680280055,,,,,
L1,hp,3D,50,Closed (>40%) broadleaverd decodous forest,3E,,,,,name,,,Horizontal Pattern 1,,,,,
L1,hp,3D,50,Closed (>40%) broadleaverd decodous forest,3E,,,,,description,,,Describe the horizontal pattern,,,,,
L1,stratum,3D,50,Closed (>40%) broadleaverd decodous forest,3E,3F,,,,name,,,Stratum 1,,,,,
L1,stratum,3D,50,Closed (>40%) broadleaverd decodous forest,3E,3F,,,,description,,,Vegetation 1,,,,,
L1,stratum,3D,50,Closed (>40%) broadleaverd decodous forest,3E,3F,,,,presence_type,,,Mandatory,,,,,
L1,stratum,3D,50,Closed (>40%) broadleaverd decodous forest,3E,3F,,,,@ontop,,,0,,,,,
L1,element,3D,50,Closed (>40%) broadleaverd decodous forest,3E,3F,1,,LC_Tree,lccs3_type,,,LC_Trees,,,,,
L1,element,3D,50,Closed (>40%) broadleaverd decodous forest,3E,3F,1,,LC_Tree,name,,,Trees,,,,,
L1,element,3D,50,Closed (>40%) broadleaverd decodous forest,3E,3F,1,,LC_Tree,description,,,Describe a vegetation element of trees type,,,,,
L1,element,3D,50,Closed (>40%) broadleaverd decodous forest,3E,3F,1,,LC_Tree,presence_type,,,Mandatory,,,,,
L1,element,3D,50,Closed (>40%) broadleaverd decodous forest,3E,3F,1,,LC_Tree,cover,40.0,100.0,,,,,,
L1,element,3D,50,Closed (>40%) broadleaverd decodous forest,3E,3F,1,,LC_Tree,LC_WoodyGrowthLeafPhenology[LC_WoodyGrowthLeafPhenology]/name,,,Woody Growth Leaf Phenology,,,,,
L1,element,3D,50,Closed (>40%) broadleaverd decodous forest,3E,3F,1,,LC_Tree,LC_WoodyGrowthLeafPhenology[LC_WoodyGrowthLeafPhenology]/description,,,Contains the elements of Woody Growth Leaf Phenology,,,,,
L1,element,3D,50,Closed (>40%) broadleaverd decodous forest,3E,3F,1,,LC_Tree,LC_WoodyGrowthLeafPhenology[LC_WoodyGrowthLeafPhenology]/elements/LC_WoodyLeafPhenology[LC_Deciduous]/name,,,Deciduous,,,,,
L1,element,3D,50,Closed (>40%) broadleaverd decodous forest,3E,3F,1,,LC_Tree,LC_WoodyGrowthLeafPhenology[LC_WoodyGrowthLeafPhenology]/elements/LC_WoodyLeafPhenology[LC_Deciduous]/description,,,Describe a Deciduous leaf phenology element,,,,,
L1,element,3D,50,Closed (>40%) broadleaverd decodous forest,3E,3F,1,,LC_Tree,LC_WoodyGrowthLeafType[LC_WoodyGrowthLeafType]/name,,,Woody Growth Leaf Type,,,,,
L1,element,3D,50,Closed (>40%) broadleaverd decodous forest,3E,3F,1,,LC_Tree,LC_WoodyGrowthLeafType[LC_WoodyGrowthLeafType]/description,,,Contains the elements of Woody Growth Leaf Type,,,,,
L1,element,3D,50,Closed (>40%) broadleaverd decodous forest,3E,3F,1,,LC_Tree,LC_WoodyGrowthLeafType[LC_WoodyGrowthLeafType]/elements/LC_WoodyLeafType[LC_Broadleaved]/name,,,Broadleaved,,,,,
L1,element,3D,50,Closed (>40%) broadleaverd decodous forest,3E,3F,1,,LC_Tree,LC_WoodyGrowthLeafType[LC_WoodyGrowthLeafType]/elements/LC_WoodyLeafType[LC_Broadleaved]/description,,,Describe a Broadleaved type element,,,,,
L1,element,3D,50,Closed (>40%) broadleaverd decodous forest,3E,3F,1,,LC_Tree,height,5.0,100.0,,,,,,
L1,characteristic,3D,50,Closed (>40%) broadleaverd decodous forest,3E,3F,1,1,LC_VegetationArtificialityCharacteristic,lccs3_type,,,LC_NaturalOrSeminaturalVegetation,,,,,value: Natural or Seminatural
L1,characteristic,3D,50,Closed (>40%) broadleaverd decodous forest,3E,3F,1,1,LC_VegetationArtificialityCharacteristic,name,,,Natural Or Seminatural Vegetation,,,,,
L1,characteristic,3D,50,Closed (>40%) broadleaverd decodous forest,3E,3F,1,1,LC_VegetationArtificialityCharacteristic,description,,,Describe the natural or seminatural vegetation,,,,,
L1,class,46,60,Open (15 -40%) broadleaverd decidous forest,,,,,,class_name,,,Open (15 -40%) broadleaverd decidous forest,,,,,
L1,class,46,60,Open (15 -40%) broadleaverd decidous forest,,,,,,class_description,,,Describe the land cover class,,,,,
L1,class,46,60,Open (15 -40%) broadleaverd decidous forest,,,,,,class_map_code,,,60,,,,,
L1,class,46,60,Open (15 -40%) broadleaverd decidous forest,,,,,,uuid,,,6850e1b3-3812-11eb-89de-185680280055,,,,,
L1,hp,46,60,Open (15 -40%) broadleaverd decidous forest,47,,,,,name,,,Horizontal Pattern 1,,,,,
L1,hp,46,60,Open (15 -40%) broadleaverd decidous forest,47,,,,,description,,,Describe the horizontal pattern,,,,,
L1,stratum,46,60,Open (15 -40%) broadleaverd decidous forest,47,48,,,,name,,,Stratum 1,,,,,
L1,stratum,46,60,Open (15 -40%) broadleaverd decidous forest,47,48,,,,description,,,Vegetation 1,,,,,
L1,stratum,46,60,Open (15 -40%) broadleaverd decidous forest,47,48,,,,presence_type,,,Mandatory,,,,,
L1,stratum,46,60,Open (15 -40%) broadleaverd decidous forest,47,48,,,,@ontop,,,0,,,,,
L1,element,46,60,Open (15 -40%) broadleaverd decidous forest,47,48,1,,LC_Tree,lccs3_type,,,LC_Trees,,,,,
L1,element,46,60,Open (15 -40%) broadleaverd decidous forest,47,48,1,,LC_Tree,name,,,Trees,,,,,
L1,element,46,60,Open (15 -40%) broadleaverd decidous forest,47,48,1,,LC_Tree,description,,,Describe a vegetation element of trees type,,,,,
L1,element,46,60,Open (15 -40%) broadleaverd decidous forest,47,48,1,,LC_Tree,presence_type,,,Mandatory,,,,,
L1,element,46,60,Open (15 -40%) broadleaverd decidous forest,47,48,1,,LC_Tree,cover,15.0,40.0,,,,,,
L1,element,46,60,Open (15 -40%) broadleaverd decidous forest,47,48,1,,LC_Tree,LC_WoodyGrowthLeafPhenology[LC_WoodyGrowthLeafPhenology]/name,,,Woody Growth Leaf Phenology,,,,,
L1,element,46,60,Open (15 -40%) broadleaverd decidous forest,47,48,1,,LC_Tree,LC_WoodyGrowthLeafPhenology[LC_WoodyGrowthLeafPhenology]/description,,,Contains the elements of Woody Growth Leaf Phenology,,,,,
L1,element,46,60,Open (15 -40%) broadleaverd decidous forest,47,48,1,,LC_Tree,LC_WoodyGrowthLeafPhenology[LC_WoodyGrowthLeafPhenology]/elements/LC_WoodyLeafPhenology[LC_Deciduous]/name,,,Deciduous,,,,,
L1,element,46,60,Open (15 -40%) broadleaverd decidous forest,47,48,1,,LC_Tree,LC_WoodyGrowthLeafPhenology[LC_WoodyGrowthLeafPhenology]/elements/LC_WoodyLeafPhenology[LC_Deciduous]/description,,,Describe a Deciduous leaf phenology element,,,,,
L1,element,46,60,Open (15 -40%) broadleaverd decidous forest,47,48,1,,LC_Tree,LC_WoodyGrowthLeafType[LC_WoodyGrowthLeafType]/name,,,Woody Growth Leaf Type,,,,,
L1,element,46,60,Open (15 -40%) broadleaverd decidous forest,47,48,1,,LC_Tree,LC_WoodyGrowthLeafType[LC_WoodyGrowthLeafType]/description,,,Contains the elements of Woody Growth Leaf Type,,,,,
L1,element,46,60,Open (15 -40%) broadleaverd decidous forest,47,48,1,,LC_Tree,LC_WoodyGrowthLeafType[LC_WoodyGrowthLeafType]/elements/LC_WoodyLeafType[LC_Broadleaved]/name,,,Broadleaved,,,,,
L1,element,46,60,Open (15 -40%) broadleaverd decidous forest,47,48,1,,LC_Tree,LC_WoodyGrowthLeafType[LC_WoodyGrowthLeafType]/elements/LC_WoodyLeafType[LC_Broadleaved]/description,,,Describe a Broadleaved type element,,,,,
L1,element,46,60,Open (15 -40%) broadleaverd decidous forest,47,48,1,,LC_Tree,height,5.0,100.0,,,,,,
L1,characteristic,46,60,Open (15 -40%) broadleaverd decidous forest,47,48,1,1,LC_VegetationArtificialityCharacteristic,lccs3_type,,,LC_NaturalOrSeminaturalVegetation,,,,,value: Natural or Seminatural
L1,characteristic,46,60,Open (15 -40%) broadleaverd decidous forest,47,48,1,1,LC_VegetationArtificialityCharacteristic,name,,,Natural Or Seminatural Vegetation,,,,,
L1,characteristic,46,60,Open (15 -40%) broadleaverd decidous forest,47,48,1,1,LC_VegetationArtificialityCharacteristic,description,,,Describe the natural or seminatural vegetation,,,,,
L1,class,4B,70,Closed (>40%) needleleaved evergreen forest,,,,,,class_name,,,Closed (>40%) needleleaved evergreen forest,,,,,
L1,class,4B,70,Closed (>40%) needleleaved evergreen forest,,,,,,class_description,,,Describe the land cover class,,,,,
L1,class,4B,70,Closed (>40%) needleleaved evergreen forest,,,,,,class_map_code,,,70,,,,,
L1,class,4B,70,Closed (>40%) needleleaved evergreen forest,,,,,,uuid,,,f40cd2e3-3812-11eb-89de-185680280055,,,,,
L1,hp,4B,70,Closed (>40%) needleleaved evergreen forest,4C,,,,,name,,,Horizontal Pattern 1,,,,,
L1,hp,4B,70,Closed (>40%) needleleaved evergreen forest,4C,,,,,description,,,Describe the horizontal pattern,,,,,
L1,stratum,4B,70,Closed (>40%) needleleaved evergreen forest,4C,4D,,,,name,,,Stratum 1,,,,,
L1,stratum,4B,70,Closed (>40%) needleleaved evergreen forest,4C,4D,,,,description,,,Vegetation 1,,,,,
L1,stratum,4B,70,Closed (>40%) needleleaved evergreen forest,4C,4D,,,,presence_type,,,Mandatory,,,,,
L1,stratum,4B,70,Closed (>40%) needleleaved evergreen forest,4C,4D,,,,@ontop,,,0,,,,,
L1,element,4B,70,Closed (>40%) needleleaved evergreen forest,4C,4D,1,,LC_Tree,lccs3_type,,,LC_Trees,,,,,
L1,element,4B,70,Closed (>40%) needleleaved evergreen forest,4C,4D,1,,LC_Tree,name,,,Trees,,,,,
L1,element,4B,70,Closed (>40%) needleleaved evergreen forest,4C,4D,1,,LC_Tree,description,,,Describe a vegetation element of trees type,,,,,
L1,element,4B,70,Closed (>40%) needleleaved evergreen forest,4C,4D,1,,LC_Tree,presence_type,,,Mandatory,,,,,
L1,element,4B,70,Closed (>40%) needleleaved evergreen forest,4C,4D,1,,LC_Tree,cover,40.0,100.0,,,,,,
L1,element,4B,70,Closed (>40%) needleleaved evergreen forest,4C,4D,1,,LC_Tree,LC_WoodyGrowthLeafPhenology[LC_WoodyGrowthLeafPhenology]/name,,,Woody Growth Leaf Phenology,,,,,
L1,element,4B,70,Closed (>40%) needleleaved evergreen forest,4C,4D,1,,LC_Tree,LC_WoodyGrowthLeafPhenology[LC_WoodyGrowthLeafPhenology]/description,,,Contains the elements of Woody Growth Leaf Phenology,,,,,
L1,element,4B,70,Closed (>40%) needleleaved evergreen forest,4C,4D,1,,LC_Tree,LC_WoodyGrowthLeafPhenology[LC_WoodyGrowthLeafPhenology]/elements/LC_WoodyLeafPhenology[LC_Evergreen]/name,,,Evergreen,,,,,
L1,element,4B,70,Closed (>40%) needleleaved evergreen forest,4C,4D,1,,LC_Tree,LC_WoodyGrowthLeafPhenology[LC_WoodyGrowthLeafPhenology]/elements/LC_WoodyLeafPhenology[LC_Evergreen]/description,,,Describe an Evergreen leaf phenology element,,,,,
L1,element,4B,70,Closed (>40%) needleleaved evergreen forest,4C,4D,1,,LC_Tree,LC_WoodyGrowthLeafType[LC_WoodyGrowthLeafType]/name,,,Woody Growth Leaf Type,,,,,
L1,element,4B,70,Closed (>40%) needleleaved evergreen forest,4C,4D,1,,LC_Tree,LC_WoodyGrowthLeafType[LC_WoodyGrowthLeafType]/description,,,Contains the elements of Woody Growth Leaf Type,,,,,
L1,element,4B,70,Closed (>40%) needleleaved evergreen forest,4C,4D,1,,LC_Tree,LC_WoodyGrowthLeafType[LC_WoodyGrowthLeafType]/elements/LC_WoodyLeafType[LC_Needleleaved]/name,,,Needleleaved,,,,,
L1,element,4B,70,Closed (>40%) needleleaved evergreen forest,4C,4D,1,,LC_Tree,LC_WoodyGrowthLeafType[LC_WoodyGrowthLeafType]/elements/LC_WoodyLeafType[LC_Needleleaved]/description,,,Describe a Needleleaved type element,,,,,
L1,element,4B,70,Closed (>40%) needleleaved evergreen forest,4C,4D,1,,LC_Tree,height,5.0,100.0,,,,,,
L1,characteristic,4B,70,Closed (>40%) needleleaved evergreen forest,4C,4D,1,1,LC_VegetationArtificialityCharacteristic,lccs3_type,,,LC_NaturalOrSeminaturalVegetation,,,,,value: Natural or Seminatural
L1,characteristic,4B,70,Closed (>40%) needleleaved evergreen forest,4C,4D,1,1,LC_VegetationArtificialityCharacteristic,name,,,Natural Or Seminatural Vegetation,,,,,
L1,characteristic,4B,70,Closed (>40%) needleleaved evergreen forest,4C,4D,1,1,LC_VegetationArtificialityCharacteristic,description,,,Describe the natural or seminatural vegetation,,,,,
L1,class,50,90,Open (1540%) needleleaved evergreen forest,,,,,,class_name,,,Open (1540%) needleleaved evergreen forest,,,,,
L1,class,50,90,Open (1540%) needleleaved evergreen forest,,,,,,class_description,,,Describe the land cover class,,,,,
L1,class,50,90,Open (1540%) needleleaved evergreen forest,,,,,,class_map_code,,,90,,,,,
L1,class,50,90,Open (1540%) needleleaved evergreen forest,,,,,,uuid,,,48e6ee43-3813-11eb-89de-185680280055,,,,,
L1,hp,50,90,Open (1540%) needleleaved evergreen forest,51,,,,,name,,,Horizontal Pattern 1,,,,,
L1,hp,50,90,Open (1540%) needleleaved evergreen forest,51,,,,,description,,,Describe the horizontal pattern,,,,,
L1,stratum,50,90,Open (1540%) needleleaved evergreen forest,51,52,,,,name,,,Stratum 1,,,,,
L1,stratum,50,90,Open (1540%) needleleaved evergreen forest,51,52,,,,description,,,Vegetation 1,,,,,
L1,stratum,50,90,Open (1540%) needleleaved evergreen forest,51,52,,,,presence_type,,,Mandatory,,,,,
L1,stratum,50,90,Open (1540%) needleleaved evergreen forest,51,52,,,,@ontop,,,0,,,,,
L1,element,50,90,Open (1540%) needleleaved evergreen forest,51,52,1,,LC_Tree,lccs3_type,,,LC_Trees,,,,,
L1,element,50,90,Open (1540%) needleleaved evergreen forest,51,52,1,,LC_Tree,name,,,Trees,,,,,
L1,element,50,90,Open (1540%) needleleaved evergreen forest,51,52,1,,LC_Tree,description,,,Describe a vegetation element of trees type,,,,,
L1,element,50,90,Open (1540%) needleleaved evergreen forest,51,52,1,,LC_Tree,presence_type,,,Mandatory,,,,,
L1,element,50,90,Open (1540%) needleleaved evergreen forest,51,52,1,,LC_Tree,cover,15.0,40.0,,,,,,
L1,element,50,90,Open (1540%) needleleaved evergreen forest,51,52,1,,LC_Tree,LC_WoodyGrowthLeafPhenology[LC_WoodyGrowthLeafPhenology]/name,,,Woody Growth Leaf Phenology,,,,,
L1,element,50,90,Open (1540%) needleleaved evergreen forest,51,52,1,,LC_Tree,LC_WoodyGrowthLeafPhenology[LC_WoodyGrowthLeafPhenology]/description,,,Contains the elements of Woody Growth Leaf Phenology,,,,,
L1,element,50,90,Open (1540%) needleleaved evergreen forest,51,52,1,,LC_Tree,LC_WoodyGrowthLeafPhenology[LC_WoodyGrowthLeafPhenology]/elements/LC_WoodyLeafPhenology[LC_Evergreen]/name,,,Evergreen,,,,,
L1,element,50,90,Open (1540%) needleleaved evergreen forest,51,52,1,,LC_Tree,LC_WoodyGrowthLeafPhenology[LC_WoodyGrowthLeafPhenology]/elements/LC_WoodyLeafPhenology[LC_Evergreen]/description,,,Describe an Evergreen leaf phenology element,,,,,
L1,element,50,90,Open (1540%) needleleaved evergreen forest,51,52,1,,LC_Tree,LC_WoodyGrowthLeafType[LC_WoodyGrowthLeafType]/name,,,Woody Growth Leaf Type,,,,,
L1,element,50,90,Open (1540%) needleleaved evergreen forest,51,52,1,,LC_Tree,LC_WoodyGrowthLeafType[LC_WoodyGrowthLeafType]/description,,,Contains the elements of Woody Growth Leaf Type,,,,,
L1,element,50,90,Open (1540%) needleleaved evergreen forest,51,52,1,,LC_Tree,LC_WoodyGrowthLeafType[LC_WoodyGrowthLeafType]/elements/LC_WoodyLeafType[LC_Needleleaved]/name,,,Needleleaved,,,,,
L1,element,50,90,Open (1540%) needleleaved evergreen forest,51,52,1,,LC_Tree,LC_WoodyGrowthLeafType[LC_WoodyGrowthLeafType]/elements/LC_WoodyLeafType[LC_Needleleaved]/description,,,Describe a Needleleaved type element,,,,,
L1,element,50,90,Open (1540%) needleleaved evergreen forest,51,52,1,,LC_Tree,height,5.0,100.0,,,,,,
L1,characteristic,50,90,Open (1540%) needleleaved evergreen forest,51,52,1,1,LC_VegetationArtificialityCharacteristic,lccs3_type,,,LC_NaturalOrSeminaturalVegetation,,,,,value: Natural or Seminatural
L1,characteristic,50,90,Open (1540%) needleleaved evergreen forest,51,52,1,1,LC_VegetationArtificialityCharacteristic,name,,,Natural Or Seminatural Vegetation,,,,,
L1,characteristic,50,90,Open (1540%) needleleaved evergreen forest,51,52,1,1,LC_VegetationArtificialityCharacteristic,description,,,Describe the natural or seminatural vegetation,,,,,
L1,class,55,100,Closed to open (>15%) mixed broadleaved and needleleaved forest,,,,,,class_name,,,Closed to open (>15%) mixed broadleaved and needleleaved forest,,,,,
L1,class,55,100,Closed to open (>15%) mixed broadleaved and needleleaved forest,,,,,,class_description,,,Describe the land cover class,,,,,
L1,class,55,100,Closed to open (>15%) mixed broadleaved and needleleaved forest,,,,,,class_map_code,,,100,,,,,
L1,class,55,100,Closed to open (>15%) mixed broadleaved and needleleaved forest,,,,,,uuid,,,90c6bdd0-3813-11eb-89de-185680280055,,,,,
L1,hp,55,100,Closed to open (>15%) mixed broadleaved and needleleaved forest,56,,,,,name,,,Horizontal Pattern 1,,,,,
L1,hp,55,100,Closed to open (>15%) mixed broadleaved and needleleaved forest,56,,,,,description,,,Describe the horizontal pattern,,,,,
L1,stratum,55,100,Closed to open (>15%) mixed broadleaved and needleleaved forest,56,57,,,,name,,,Stratum 1,,,,,
L1,stratum,55,100,Closed to open (>15%) mixed broadleaved and needleleaved forest,56,57,,,,description,,,Vegetation 1,,,,,
L1,stratum,55,100,Closed to open (>15%) mixed broadleaved and needleleaved forest,56,57,,,,presence_type,,,Mandatory,,,,,
L1,stratum,55,100,Closed to open (>15%) mixed broadleaved and needleleaved forest,56,57,,,,@ontop,,,0,,,,,
L1,element,55,100,Closed to open (>15%) mixed broadleaved and needleleaved forest,56,57,1,,LC_Tree,lccs3_type,,,LC_Trees,,,,,
L1,element,55,100,Closed to open (>15%) mixed broadleaved and needleleaved forest,56,57,1,,LC_Tree,name,,,Trees,,,,,
L1,element,55,100,Closed to open (>15%) mixed broadleaved and needleleaved forest,56,57,1,,LC_Tree,description,,,Describe a vegetation element of trees type,,,,,
L1,element,55,100,Closed to open (>15%) mixed broadleaved and needleleaved forest,56,57,1,,LC_Tree,presence_type,,,Mandatory,,,,,
L1,element,55,100,Closed to open (>15%) mixed broadleaved and needleleaved forest,56,57,1,,LC_Tree,cover,15.0,100.0,,,,,,
L1,element,55,100,Closed to open (>15%) mixed broadleaved and needleleaved forest,56,57,1,,LC_Tree,LC_WoodyGrowthLeafType[LC_WoodyGrowthLeafType]/name,,,Woody Growth Leaf Type,,,,,
L1,element,55,100,Closed to open (>15%) mixed broadleaved and needleleaved forest,56,57,1,,LC_Tree,LC_WoodyGrowthLeafType[LC_WoodyGrowthLeafType]/description,,,Contains the elements of Woody Growth Leaf Type,,,,,
L1,element,55,100,Closed to open (>15%) mixed broadleaved and needleleaved forest,56,57,1,,LC_Tree,LC_WoodyGrowthLeafType[LC_WoodyGrowthLeafType]/elements/LC_WoodyLeafType[LC_Broadleaved]/name,,,Broadleaved,,,,,
L1,element,55,100,Closed to open (>15%) mixed broadleaved and needleleaved forest,56,57,1,,LC_Tree,LC_WoodyGrowthLeafType[LC_WoodyGrowthLeafType]/elements/LC_WoodyLeafType[LC_Broadleaved]/description,,,Describe a Broadleaved type element,,,,,
L1,element,55,100,Closed to open (>15%) mixed broadleaved and needleleaved forest,56,57,1,,LC_Tree,LC_WoodyGrowthLeafType[LC_WoodyGrowthLeafType]/elements/LC_WoodyLeafType[LC_Broadleaved]/percentage,30.0,70.0,,,,,,
L1,element,55,100,Closed to open (>15%) mixed broadleaved and needleleaved forest,56,57,1,,LC_Tree,LC_WoodyGrowthLeafType[LC_WoodyGrowthLeafType]/elements/LC_WoodyLeafType[LC_Needleleaved]/name,,,Needleleaved,,,,,
L1,element,55,100,Closed to open (>15%) mixed broadleaved and needleleaved forest,56,57,1,,LC_Tree,LC_WoodyGrowthLeafType[LC_WoodyGrowthLeafType]/elements/LC_WoodyLeafType[LC_Needleleaved]/description,,,Describe a Needleleaved type element,,,,,
L1,element,55,100,Closed to open (>15%) mixed broadleaved and needleleaved forest,56,57,1,,LC_Tree,LC_WoodyGrowthLeafType[LC_WoodyGrowthLeafType]/elements/LC_WoodyLeafType[LC_Needleleaved]/percentage,30.0,70.0,,,,,,
L1,characteristic,55,100,Closed to open (>15%) mixed broadleaved and needleleaved forest,56,57,1,1,LC_VegetationArtificialityCharacteristic,lccs3_type,,,LC_NaturalOrSeminaturalVegetation,,,,,value: Natural or Seminatural
L1,characteristic,55,100,Closed to open (>15%) mixed broadleaved and needleleaved forest,56,57,1,1,LC_VegetationArtificialityCharacteristic,name,,,Natural Or Seminatural Vegetation,,,,,
L1,characteristic,55,100,Closed to open (>15%) mixed broadleaved and needleleaved forest,56,57,1,1,LC_VegetationArtificialityCharacteristic,description,,,Describe the natural or seminatural vegetation,,,,,
L1,class,5D,110,Mosaic forest or shrubland (50-70)/ grassland (20-50),,,,,,class_name,,,Mosaic forest or shrubland (50-70)/ grassland (20-50),,,,,
L1,class,5D,110,Mosaic forest or shrubland (50-70)/ grassland (20-50),,,,,,class_description,,,Describe the land cover class,,,,,
L1,class,5D,110,Mosaic forest or shrubland (50-70)/ grassland (20-50),,,,,,class_map_code,,,110,,,,,
L1,class,5D,110,Mosaic forest or shrubland (50-70)/ grassland (20-50),,,,,,uuid,,,1c35ee90-3814-11eb-89de-185680280055,,,,,
L1,hp,5D,110,Mosaic forest or shrubland (50-70)/ grassland (20-50),5E,,,,,name,,,Horizontal Pattern 1,,,,,
L1,hp,5D,110,Mosaic forest or shrubland (50-70)/ grassland (20-50),5E,,,,,description,,,Describe the horizontal pattern,,,,,
L1,hp,5D,110,Mosaic forest or shrubland (50-70)/ grassland (20-50),5E,,,,,cover,50.0,70.0,,,,,,
L1,hp,5D,110,Mosaic forest or shrubland (50-70)/ grassland (20-50),5E,,,,,occurance,100.0,100.0,,,,,,
L1,stratum,5D,110,Mosaic forest or shrubland (50-70)/ grassland (20-50),5E,5F,,,,name,,,Stratum 1,,,,,
L1,stratum,5D,110,Mosaic forest or shrubland (50-70)/ grassland (20-50),5E,5F,,,,description,,,Vegetation 1,,,,,
L1,stratum,5D,110,Mosaic forest or shrubland (50-70)/ grassland (20-50),5E,5F,,,,presence_type,,,Mandatory,,,,,
L1,stratum,5D,110,Mosaic forest or shrubland (50-70)/ grassland (20-50),5E,5F,,,,@ontop,,,0,,,,,
L1,element,5D,110,Mosaic forest or shrubland (50-70)/ grassland (20-50),5E,5F,1,,LC_WoodyGrowthForm,lccs3_type,,,LC_WoodyGrowthForms,,,,,
L1,element,5D,110,Mosaic forest or shrubland (50-70)/ grassland (20-50),5E,5F,1,,LC_WoodyGrowthForm,name,,,Woody Growth Forms,,,,,
L1,element,5D,110,Mosaic forest or shrubland (50-70)/ grassland (20-50),5E,5F,1,,LC_WoodyGrowthForm,description,,,Describe a vegetation element of woody type,,,,,
L1,element,5D,110,Mosaic forest or shrubland (50-70)/ grassland (20-50),5E,5F,1,,LC_WoodyGrowthForm,presence_type,,,Mandatory,,,,,
L1,element,5D,110,Mosaic forest or shrubland (50-70)/ grassland (20-50),5E,5F,1,,LC_WoodyGrowthForm,cover,15.0,100.0,,,,,,
L1,characteristic,5D,110,Mosaic forest or shrubland (50-70)/ grassland (20-50),5E,5F,1,1,LC_VegetationArtificialityCharacteristic,lccs3_type,,,LC_NaturalOrSeminaturalVegetation,,,,,value: Natural or Seminatural
L1,characteristic,5D,110,Mosaic forest or shrubland (50-70)/ grassland (20-50),5E,5F,1,1,LC_VegetationArtificialityCharacteristic,name,,,Natural Or Seminatural Vegetation,,,,,
L1,characteristic,5D,110,Mosaic forest or shrubland (50-70)/ grassland (20-50),5E,5F,1,1,LC_VegetationArtificialityCharacteristic,description,,,Describe the natural or seminatural vegetation,,,,,
L1,hp,5D,110,Mosaic forest or shrubland (50-70)/ grassland (20-50),62,,,,,name,,,Horizontal Pattern 2,,,,,
L1,hp,5D,110,Mosaic forest or shrubland (50-70)/ grassland (20-50),62,,,,,description,,,Describe the horizontal pattern,,,,,
L1,hp,5D,110,Mosaic forest or shrubland (50-70)/ grassland (20-50),62,,,,,cover,20.0,50.0,,,,,,
L1,stratum,5D,110,Mosaic forest or shrubland (50-70)/ grassland (20-50),62,63,,,,name,,,Stratum 1,,,,,
L1,stratum,5D,110,Mosaic forest or shrubland (50-70)/ grassland (20-50),62,63,,,,description,,,Vegetation 1,,,,,
L1,stratum,5D,110,Mosaic forest or shrubland (50-70)/ grassland (20-50),62,63,,,,presence_type,,,Mandatory,,,,,
L1,stratum,5D,110,Mosaic forest or shrubland (50-70)/ grassland (20-50),62,63,,,,@ontop,,,0,,,,,
L1,element,5D,110,Mosaic forest or shrubland (50-70)/ grassland (20-50),62,63,1,,LC_HerbaceousGrowthForm,lccs3_type,,,LC_HerbaceousGrowthForms,,,,,
L1,element,5D,110,Mosaic forest or shrubland (50-70)/ grassland (20-50),62,63,1,,LC_HerbaceousGrowthForm,name,,,Herbaceous growth forms,,,,,
L1,element,5D,110,Mosaic forest or shrubland (50-70)/ grassland (20-50),62,63,1,,LC_HerbaceousGrowthForm,description,,,Describe a vegetation element of herbaceous growth form type,,,,,
L1,element,5D,110,Mosaic forest or shrubland (50-70)/ grassland (20-50),62,63,1,,LC_HerbaceousGrowthForm,presence_type,,,Mandatory,,,,,
L1,characteristic,5D,110,Mosaic forest or shrubland (50-70)/ grassland (20-50),62,63,1,1,LC_VegetationArtificialityCharacteristic,lccs3_type,,,LC_NaturalOrSeminaturalVegetation,,,,,value: Natural or Seminatural
L1,characteristic,5D,110,Mosaic forest or shrubland (50-70)/ grassland (20-50),62,63,1,1,LC_VegetationArtificialityCharacteristic,name,,,Natural Or Seminatural Vegetation,,,,,
L1,characteristic,5D,110,Mosaic forest or shrubland (50-70)/ grassland (20-50),62,63,1,1,LC_VegetationArtificialityCharacteristic,description,,,Describe the natural or seminatural vegetation,,,,,
L1,class,66,120,Mosaic grassland(50-70)/ forest or shrubland (20-50),,,,,,class_name,,,Mosaic grassland(50-70)/ forest or shrubland (20-50),,,,,
L1,class,66,120,Mosaic grassland(50-70)/ forest or shrubland (20-50),,,,,,class_description,,,Describe the land cover class,,,,,
L1,class,66,120,Mosaic grassland(50-70)/ forest or shrubland (20-50),,,,,,class_map_code,,,120,,,,,
L1,class,66,120,Mosaic grassland(50-70)/ forest or shrubland (20-50),,,,,,uuid,,,e7a454e3-3814-11eb-89de-185680280055,,,,,
L1,hp,66,120,Mosaic grassland(50-70)/ forest or shrubland (20-50),67,,,,,name,,,Horizontal Pattern 1,,,,,
L1,hp,66,120,Mosaic grassland(50-70)/ forest or shrubland (20-50),67,,,,,description,,,Describe the horizontal pattern,,,,,
L1,hp,66,120,Mosaic grassland(50-70)/ forest or shrubland (20-50),67,,,,,cover,50.0,70.0,,,,,,
L1,hp,66,120,Mosaic grassland(50-70)/ forest or shrubland (20-50),67,,,,,occurance,100.0,100.0,,,,,,
L1,stratum,66,120,Mosaic grassland(50-70)/ forest or shrubland (20-50),67,68,,,,name,,,Stratum 1,,,,,
L1,stratum,66,120,Mosaic grassland(50-70)/ forest or shrubland (20-50),67,68,,,,description,,,Vegetation 1,,,,,
L1,stratum,66,120,Mosaic grassland(50-70)/ forest or shrubland (20-50),67,68,,,,presence_type,,,Mandatory,,,,,
L1,stratum,66,120,Mosaic grassland(50-70)/ forest or shrubland (20-50),67,68,,,,@ontop,,,0,,,,,
L1,element,66,120,Mosaic grassland(50-70)/ forest or shrubland (20-50),67,68,1,,LC_HerbaceousGrowthForm,lccs3_type,,,LC_HerbaceousGrowthForms,,,,,
L1,element,66,120,Mosaic grassland(50-70)/ forest or shrubland (20-50),67,68,1,,LC_HerbaceousGrowthForm,name,,,Herbaceous growth forms,,,,,
L1,element,66,120,Mosaic grassland(50-70)/ forest or shrubland (20-50),67,68,1,,LC_HerbaceousGrowthForm,description,,,Describe a vegetation element of herbaceous growth form type,,,,,
L1,element,66,120,Mosaic grassland(50-70)/ forest or shrubland (20-50),67,68,1,,LC_HerbaceousGrowthForm,presence_type,,,Mandatory,,,,,
L1,characteristic,66,120,Mosaic grassland(50-70)/ forest or shrubland (20-50),67,68,1,1,LC_VegetationArtificialityCharacteristic,lccs3_type,,,LC_NaturalOrSeminaturalVegetation,,,,,value: Natural or Seminatural
L1,characteristic,66,120,Mosaic grassland(50-70)/ forest or shrubland (20-50),67,68,1,1,LC_VegetationArtificialityCharacteristic,name,,,Natural Or Seminatural Vegetation,,,,,
L1,characteristic,66,120,Mosaic grassland(50-70)/ forest or shrubland (20-50),67,68,1,1,LC_VegetationArtificialityCharacteristic,description,,,Describe the natural or seminatural vegetation,,,,,
L1,hp,66,120,Mosaic grassland(50-70)/ forest or shrubland (20-50),6B,,,,,name,,,Horizontal Pattern 2,,,,,
L1,hp,66,120,Mosaic grassland(50-70)/ forest or shrubland (20-50),6B,,,,,description,,,Describe the horizontal pattern,,,,,
L1,hp,66,120,Mosaic grassland(50-70)/ forest or shrubland (20-50),6B,,,,,cover,20.0,50.0,,,,,,
L1,stratum,66,120,Mosaic grassland(50-70)/ forest or shrubland (20-50),6B,6C,,,,name,,,Stratum 1,,,,,
L1,stratum,66,120,Mosaic grassland(50-70)/ forest or shrubland (20-50),6B,6C,,,,description,,,Vegetation 1,,,,,
L1,stratum,66,120,Mosaic grassland(50-70)/ forest or shrubland (20-50),6B,6C,,,,presence_type,,,Mandatory,,,,,
L1,stratum,66,120,Mosaic grassland(50-70)/ forest or shrubland (20-50),6B,6C,,,,@ontop,,,0,,,,,
L1,element,66,120,Mosaic grassland(50-70)/ forest or shrubland (20-50),6B,6C,1,,LC_WoodyGrowthForm,lccs3_type,,,LC_WoodyGrowthForms,,,,,
L1,element,66,120,Mosaic grassland(50-70)/ forest or shrubland (20-50),6B,6C,1,,LC_WoodyGrowthForm,name,,,Woody Growth Forms,,,,,
L1,element,66,120,Mosaic grassland(50-70)/ forest or shrubland (20-50),6B,6C,1,,LC_WoodyGrowthForm,description,,,Describe a vegetation element of woody type,,,,,
L1,element,66,120,Mosaic grassland(50-70)/ forest or shrubland (20-50),6B,6C,1,,LC_WoodyGrowthForm,presence_type,,,Mandatory,,,,,
L1,element,66,120,Mosaic grassland(50-70)/ forest or shrubland (20-50),6B,6C,1,,LC_WoodyGrowthForm,cover,15.0,100.0,,,,,,
L1,class,6E,130,Closed to open shrubland,,,,,,class_name,,,Closed to open shrubland,,,,,
L1,class,6E,130,Closed to open shrubland,,,,,,class_description,,,Describe the land cover class,,,,,
L1,class,6E,130,Closed to open shrubland,,,,,,class_map_code,,,130,,,,,
L1,class,6E,130,Closed to open shrubland,,,,,,uuid,,,7bf67470-3815-11eb-89de-185680280055,,,,,
L1,hp,6E,130,Closed to open shrubland,6F,,,,,name,,,Horizontal Pattern 1,,,,,
L1,hp,6E,130,Closed to open shrubland,6F,,,,,description,,,Describe the horizontal pattern,,,,,
L1,stratum,6E,130,Closed to open shrubland,6F,70,,,,name,,,Stratum 1,,,,,
L1,stratum,6E,130,Closed to open shrubland,6F,70,,,,description,,,Vegetation 1,,,,,
L1,stratum,6E,130,Closed to open shrubland,6F,70,,,,presence_type,,,Mandatory,,,,,
L1,stratum,6E,130,Closed to open shrubland,6F,70,,,,@ontop,,,0,,,,,
L1,element,6E,130,Closed to open shrubland,6F,70,1,,LC_Shrub,lccs3_type,,,LC_Shrubs,,,,,
L1,element,6E,130,Closed to open shrubland,6F,70,1,,LC_Shrub,name,,,Shrubs,,,,,
L1,element,6E,130,Closed to open shrubland,6F,70,1,,LC_Shrub,description,,,Describe a vegetation element of shrubs type,,,,,
L1,element,6E,130,Closed to open shrubland,6F,70,1,,LC_Shrub,presence_type,,,Mandatory,,,,,
L1,element,6E,130,Closed to open shrubland,6F,70,1,,LC_Shrub,cover,15.0,100.0,,,,,,
L1,characteristic,6E,130,Closed to open shrubland,6F,70,1,1,LC_VegetationArtificialityCharacteristic,lccs3_type,,,LC_NaturalOrSeminaturalVegetation,,,,,value: Natural or Seminatural
L1,characteristic,6E,130,Closed to open shrubland,6F,70,1,1,LC_VegetationArtificialityCharacteristic,name,,,Natural Or Seminatural Vegetation,,,,,
L1,characteristic,6E,130,Closed to open shrubland,6F,70,1,1,LC_VegetationArtificialityCharacteristic,description,,,Describe the natural or seminatural vegetation,,,,,
L1,class,73,140,Closed to open (>15%)Herbaceous vegetation,,,,,,class_name,,,Closed to open (>15%)Herbaceous vegetation,,,,,
L1,class,73,140,Closed to open (>15%)Herbaceous vegetation,,,,,,class_description,,,Describe the land cover class,,,,,
L1,class,73,140,Closed to open (>15%)Herbaceous vegetation,,,,,,class_map_code,,,140,,,,,
L1,class,73,140,Closed to open (>15%)Herbaceous vegetation,,,,,,uuid,,,a53fe9b0-3815-11eb-89de-185680280055,,,,,
L1,hp,73,140,Closed to open (>15%)Herbaceous vegetation,74,,,,,name,,,Horizontal Pattern 1,,,,,
L1,hp,73,140,Closed to open (>15%)Herbaceous vegetation,74,,,,,description,,,Describe the horizontal pattern,,,,,
L1,stratum,73,140,Closed to open (>15%)Herbaceous vegetation,74,75,,,,name,,,Stratum 1,,,,,
L1,stratum,73,140,Closed to open (>15%)Herbaceous vegetation,74,75,,,,description,,,Vegetation 1,,,,,
L1,stratum,73,140,Closed to open (>15%)Herbaceous vegetation,74,75,,,,presence_type,,,Mandatory,,,,,
L1,stratum,73,140,Closed to open (>15%)Herbaceous vegetation,74,75,,,,@ontop,,,0,,,,,
L1,element,73,140,Closed to open (>15%)Herbaceous vegetation,74,75,1,,LC_HerbaceousGrowthForm,lccs3_type,,,LC_HerbaceousGrowthForms,,,,,
L1,element,73,140,Closed to open (>15%)Herbaceous vegetation,74,75,1,,LC_HerbaceousGrowthForm,name,,,Herbaceous growth forms,,,,,
L1,element,73,140,Closed to open (>15%)Herbaceous vegetation,74,75,1,,LC_HerbaceousGrowthForm,description,,,Describe a vegetation element of herbaceous growth form type,,,,,
L1,element,73,140,Closed to open (>15%)Herbaceous vegetation,74,75,1,,LC_HerbaceousGrowthForm,presence_type,,,Exclusive,,,,,
L1,element,73,140,Closed to open (>15%)Herbaceous vegetation,74,75,1,,LC_HerbaceousGrowthForm,cover,15.0,100.0,,,,,,
L1,characteristic,73,140,Closed to open (>15%)Herbaceous vegetation,74,75,1,1,LC_VegetationArtificialityCharacteristic,lccs3_type,,,LC_NaturalOrSeminaturalVegetation,,,,,value: Natural or Seminatural
L1,characteristic,73,140,Closed to open (>15%)Herbaceous vegetation,74,75,1,1,LC_VegetationArtificialityCharacteristic,name,,,Natural Or Seminatural Vegetation,,,,,
L1,characteristic,73,140,Closed to open (>15%)Herbaceous vegetation,74,75,1,1,LC_VegetationArtificialityCharacteristic,description,,,Describe the natural or seminatural vegetation,,,,,
L1,element,73,140,Closed to open (>15%)Herbaceous vegetation,74,75,2,,LC_LichenAndMoss,lccs3_type,,,LC_LichenAndMosses,,,,,
L1,element,73,140,Closed to open (>15%)Herbaceous vegetation,74,75,2,,LC_LichenAndMoss,name,,,Lichen and Mosses,,,,,
L1,element,73,140,Closed to open (>15%)Herbaceous vegetation,74,75,2,,LC_LichenAndMoss,description,,,Describe a vegetation element of lichen and mosses type,,,,,
L1,element,73,140,Closed to open (>15%)Herbaceous vegetation,74,75,2,,LC_LichenAndMoss,presence_type,,,Exclusive,,,,,
L1,element,73,140,Closed to open (>15%)Herbaceous vegetation,74,75,2,,LC_LichenAndMoss,cover,15.0,100.0,,,,,,
L1,characteristic,73,140,Closed to open (>15%)Herbaceous vegetation,74,75,2,1,LC_VegetationArtificialityCharacteristic,lccs3_type,,,LC_NaturalOrSeminaturalVegetation,,,,,value: Natural or Seminatural
L1,characteristic,73,140,Closed to open (>15%)Herbaceous vegetation,74,75,2,1,LC_VegetationArtificialityCharacteristic,name,,,Natural Or Seminatural Vegetation,,,,,
L1,characteristic,73,140,Closed to open (>15%)Herbaceous vegetation,74,75,2,1,LC_VegetationArtificialityCharacteristic,description,,,Describe the natural or seminatural vegetation,,,,,
L1,stratum,73,140,Closed to open (>15%)Herbaceous vegetation,74,7A,,,,name,,,Stratum 2,,,,,
L1,stratum,73,140,Closed to open (>15%)Herbaceous vegetation,74,7A,,,,description,,,Vegetation 2,,,,,
L1,stratum,73,140,Closed to open (>15%)Herbaceous vegetation,74,7A,,,,presence_type,,,Optional,,,,,
L1,stratum,73,140,Closed to open (>15%)Herbaceous vegetation,74,7A,,,,@ontop,,,0,,,,,
L1,element,73,140,Closed to open (>15%)Herbaceous vegetation,74,7A,1,,LC_Tree,lccs3_type,,,LC_Trees,,,,,
L1,element,73,140,Closed to open (>15%)Herbaceous vegetation,74,7A,1,,LC_Tree,name,,,Trees,,,,,
L1,element,73,140,Closed to open (>15%)Herbaceous vegetation,74,7A,1,,LC_Tree,description,,,Describe a vegetation element of trees type,,,,,
L1,element,73,140,Closed to open (>15%)Herbaceous vegetation,74,7A,1,,LC_Tree,presence_type,,,Mandatory,,,,,
L1,element,73,140,Closed to open (>15%)Herbaceous vegetation,74,7A,1,,LC_Tree,cover,1.0,15.0,,,,,,
L1,characteristic,73,140,Closed to open (>15%)Herbaceous vegetation,74,7A,1,1,LC_VegetationArtificialityCharacteristic,lccs3_type,,,LC_NaturalOrSeminaturalVegetation,,,,,value: Natural or Seminatural
L1,characteristic,73,140,Closed to open (>15%)Herbaceous vegetation,74,7A,1,1,LC_VegetationArtificialityCharacteristic,name,,,Natural Or Seminatural Vegetation,,,,,
L1,characteristic,73,140,Closed to open (>15%)Herbaceous vegetation,74,7A,1,1,LC_VegetationArtificialityCharacteristic,description,,,Describe the natural or seminatural vegetation,,,,,
L1,class,7D,l150,Sparse vegetation (15%),,,,,,class_name,,,Sparse vegetation (15%),,,,,
L1,class,7D,l150,Sparse vegetation (15%),,,,,,class_description,,,Describe the land cover class,,,,,
L1,class,7D,l150,Sparse vegetation (15%),,,,,,class_map_code,,,l150,,,,,
L1,class,7D,l150,Sparse vegetation (15%),,,,,,uuid,,,592cdb40-3816-11eb-89de-185680280055,,,,,
L1,hp,7D,l150,Sparse vegetation (15%),7E,,,,,name,,,Horizontal Pattern 1,,,,,
L1,hp,7D,l150,Sparse vegetation (15%),7E,,,,,description,,,Describe the horizontal pattern,,,,,
L1,stratum,7D,l150,Sparse vegetation (15%),7E,7F,,,,name,,,Stratum 1,,,,,
L1,stratum,7D,l150,Sparse vegetation (15%),7E,7F,,,,description,,,Vegetation 1,,,,,
L1,stratum,7D,l150,Sparse vegetation (15%),7E,7F,,,,presence_type,,,Mandatory,,,,,
L1,stratum,7D,l150,Sparse vegetation (15%),7E,7F,,,,@ontop,,,0,,,,,
L1,element,7D,l150,Sparse vegetation (15%),7E,7F,1,,LC_GrowthForm,lccs3_type,,,LC_GrowthForms,,,,,
L1,element,7D,l150,Sparse vegetation (15%),7E,7F,1,,LC_GrowthForm,name,,,Growth Forms,,,,,
L1,element,7D,l150,Sparse vegetation (15%),7E,7F,1,,LC_GrowthForm,description,,,Describe a vegetation element of growth form type,,,,,
L1,element,7D,l150,Sparse vegetation (15%),7E,7F,1,,LC_GrowthForm,presence_type,,,Mandatory,,,,,
L1,element,7D,l150,Sparse vegetation (15%),7E,7F,1,,LC_GrowthForm,cover,4.0,15.0,,,,,,
L1,characteristic,7D,l150,Sparse vegetation (15%),7E,7F,1,1,LC_VegetationArtificialityCharacteristic,lccs3_type,,,LC_NaturalOrSeminaturalVegetation,,,,,value: Natural or Seminatural
L1,characteristic,7D,l150,Sparse vegetation (15%),7E,7F,1,1,LC_VegetationArtificialityCharacteristic,name,,,Natural Or Seminatural Vegetation,,,,,
L1,characteristic,7D,l150,Sparse vegetation (15%),7E,7F,1,1,LC_VegetationArtificialityCharacteristic,description,,,Describe the natural or seminatural vegetation,,,,,
L1,class,90,160,Closed to open Broadleaved forest regularly flooded (semipermanently or temporarly) - Fresh or brakish water,,,,,,class_name,,,Closed to open Broadleaved forest regularly flooded (semipermanently or temporarly) - Fresh or brakish water,,,,,
L1,class,90,160,Closed to open Broadleaved forest regularly flooded (semipermanently or temporarly) - Fresh or brakish water,,,,,,class_description,,,Describe the land cover class,,,,,
L1,class,90,160,Closed to open Broadleaved forest regularly flooded (semipermanently or temporarly) - Fresh or brakish water,,,,,,class_map_code,,,160,,,,,
L1,class,90,160,Closed to open Broadleaved forest regularly flooded (semipermanently or temporarly) - Fresh or brakish water,,,,,,uuid,,,e98eb2f0-38c8-11eb-a642-185680280055,,,,,
L1,hp,90,160,Closed to open Broadleaved forest regularly flooded (semipermanently or temporarly) - Fresh or brakish water,91,,,,,name,,,Horizontal Pattern 1,,,,,
L1,hp,90,160,Closed to open Broadleaved forest regularly flooded (semipermanently or temporarly) - Fresh or brakish water,91,,,,,description,,,Describe the horizontal pattern,,,,,
L1,stratum,90,160,Closed to open Broadleaved forest regularly flooded (semipermanently or temporarly) - Fresh or brakish water,91,92,,,,name,,,Stratum 1,,,,,
L1,stratum,90,160,Closed to open Broadleaved forest regularly flooded (semipermanently or temporarly) - Fresh or brakish water,91,92,,,,description,,,Vegetation 1,,,,,
L1,stratum,90,160,Closed to open Broadleaved forest regularly flooded (semipermanently or temporarly) - Fresh or brakish water,91,92,,,,presence_type,,,Mandatory,,,,,
L1,stratum,90,160,Closed to open Broadleaved forest regularly flooded (semipermanently or temporarly) - Fresh or brakish water,91,92,,,,@ontop,,,0,,,,,
L1,element,90,160,Closed to open Broadleaved forest regularly flooded (semipermanently or temporarly) - Fresh or brakish water,91,92,1,,LC_Tree,lccs3_type,,,LC_Trees,,,,,
L1,element,90,160,Closed to open Broadleaved forest regularly flooded (semipermanently or temporarly) - Fresh or brakish water,91,92,1,,LC_Tree,name,,,Trees,,,,,
L1,element,90,160,Closed to open Broadleaved forest regularly flooded (semipermanently or temporarly) - Fresh or brakish water,91,92,1,,LC_Tree,description,,,Describe a vegetation element of trees type,,,,,
L1,element,90,160,Closed to open Broadleaved forest regularly flooded (semipermanently or temporarly) - Fresh or brakish water,91,92,1,,LC_Tree,presence_type,,,Mandatory,,,,,
L1,element,90,160,Closed to open Broadleaved forest regularly flooded (semipermanently or temporarly) - Fresh or brakish water,91,92,1,,LC_Tree,cover,15.0,100.0,,,,,,
L1,element,90,160,Closed to open Broadleaved forest regularly flooded (semipermanently or temporarly) - Fresh or brakish water,91,92,1,,LC_Tree,LC_WoodyGrowthLeafType[LC_WoodyGrowthLeafType]/name,,,Woody Growth Leaf Type,,,,,
L1,element,90,160,Closed to open Broadleaved forest regularly flooded (semipermanently or temporarly) - Fresh or brakish water,91,92,1,,LC_Tree,LC_WoodyGrowthLeafType[LC_WoodyGrowthLeafType]/description,,,Contains the elements of Woody Growth Leaf Type,,,,,
L1,element,90,160,Closed to open Broadleaved forest regularly flooded (semipermanently or temporarly) - Fresh or brakish water,91,92,1,,LC_Tree,LC_WoodyGrowthLeafType[LC_WoodyGrowthLeafType]/elements/LC_WoodyLeafType[LC_Broadleaved]/name,,,Broadleaved,,,,,
L1,element,90,160,Closed to open Broadleaved forest regularly flooded (semipermanently or temporarly) - Fresh or brakish water,91,92,1,,LC_Tree,LC_WoodyGrowthLeafType[LC_WoodyGrowthLeafType]/elements/LC_WoodyLeafType[LC_Broadleaved]/description,,,Describe a Broadleaved type element,,,,,
L1,characteristic,90,160,Closed to open Broadleaved forest regularly flooded (semipermanently or temporarly) - Fresh or brakish water,91,92,1,1,LC_VegetationArtificialityCharacteristic,lccs3_type,,,LC_NaturalOrSeminaturalVegetation,,,,,value: Natural or Seminatural
L1,characteristic,90,160,Closed to open Broadleaved forest regularly flooded (semipermanently or temporarly) - Fresh or brakish water,91,92,1,1,LC_VegetationArtificialityCharacteristic,name,,,Natural Or Seminatural Vegetation,,,,,
L1,characteristic,90,160,Closed to open Broadleaved forest regularly flooded (semipermanently or temporarly) - Fresh or brakish water,91,92,1,1,LC_VegetationArtificialityCharacteristic,description,,,Describe the natural or seminatural vegetation,,,,,
L1,stratum,90,160,Closed to open Broadleaved forest regularly flooded (semipermanently or temporarly) - Fresh or brakish water,91,97,,,,name,,,Stratum 2,,,,,
L1,stratum,90,160,Closed to open Broadleaved forest regularly flooded (semipermanently or temporarly) - Fresh or brakish water,91,97,,,,description,,,Abiotic surface 2,,,,,
L1,stratum,90,160,Closed to open Broadleaved forest regularly flooded (semipermanently or temporarly) - Fresh or brakish water,91,97,,,,presence_type,,,Mandatory,,,,,
L1,stratum,90,160,Closed to open Broadleaved forest regularly flooded (semipermanently or temporarly) - Fresh or brakish water,91,97,,,,@ontop,,,0,,,,,
L1,element,90,160,Closed to open Broadleaved forest regularly flooded (semipermanently or temporarly) - Fresh or brakish water,91,97,1,,LC_WaterBody,lccs3_type,,,LC_WaterBody,,,,,
L1,element,90,160,Closed to open Broadleaved forest regularly flooded (semipermanently or temporarly) - Fresh or brakish water,91,97,1,,LC_WaterBody,name,,,Water Body,,,,,
L1,element,90,160,Closed to open Broadleaved forest regularly flooded (semipermanently or temporarly) - Fresh or brakish water,91,97,1,,LC_WaterBody,description,,,Describe a water body surface element,,,,,
L1,element,90,160,Closed to open Broadleaved forest regularly flooded (semipermanently or temporarly) - Fresh or brakish water,91,97,1,,LC_WaterBody,presence_type,,,Exclusive,,,,,
L1,element,90,160,Closed to open Broadleaved forest regularly flooded (semipermanently or temporarly) - Fresh or brakish water,91,97,1,,LC_WaterBody,periodic_variation[LC_PeriodicVariations]/name,,,Periodic Variations,,,,,
L1,element,90,160,Closed to open Broadleaved forest regularly flooded (semipermanently or temporarly) - Fresh or brakish water,91,97,1,,LC_WaterBody,periodic_variation[LC_PeriodicVariations]/description,,,Contains the elements of Periodic Variation,,,,,
L1,element,90,160,Closed to open Broadleaved forest regularly flooded (semipermanently or temporarly) - Fresh or brakish water,91,97,1,,LC_WaterBody,periodic_variation[LC_PeriodicVariations]/elements/LC_PeriodicVariation[LC_PeriodicVariation]/name,,,Periodic Variation,,,,,
L1,element,90,160,Closed to open Broadleaved forest regularly flooded (semipermanently or temporarly) - Fresh or brakish water,91,97,1,,LC_WaterBody,periodic_variation[LC_PeriodicVariations]/elements/LC_PeriodicVariation[LC_PeriodicVariation]/description,,,Describe a periodic variation element,,,,,
L1,element,90,160,Closed to open Broadleaved forest regularly flooded (semipermanently or temporarly) - Fresh or brakish water,91,97,1,,LC_WaterBody,periodic_variation[LC_PeriodicVariations]/elements/LC_PeriodicVariation[LC_PeriodicVariation]/persistence_units,,,Months,,,,,
L1,element,90,160,Closed to open Broadleaved forest regularly flooded (semipermanently or temporarly) - Fresh or brakish water,91,97,1,,LC_WaterBody,periodic_variation[LC_PeriodicVariations]/elements/LC_PeriodicVariation[LC_PeriodicVariation]/persistence_period,2.0,6.0,,,,,,
L1,element,90,160,Closed to open Broadleaved forest regularly flooded (semipermanently or temporarly) - Fresh or brakish water,91,97,1,,LC_WaterBody,periodic_variation[LC_PeriodicVariations]/elements/LC_PeriodicVariation[LC_PeriodicVariation]#2/name,,,Periodic Variation,,,,,
L1,element,90,160,Closed to open Broadleaved forest regularly flooded (semipermanently or temporarly) - Fresh or brakish water,91,97,1,,LC_WaterBody,periodic_variation[LC_PeriodicVariations]/elements/LC_PeriodicVariation[LC_PeriodicVariation]#2/description,,,Describe a periodic variation element,,,,,
L1,element,90,160,Closed to open Broadleaved forest regularly flooded (semipermanently or temporarly) - Fresh or brakish water,91,97,1,,LC_WaterBody,periodic_variation[LC_PeriodicVariations]/elements/LC_PeriodicVariation[LC_PeriodicVariation]#2/persistence_units,,,Months,,,,,
L1,characteristic,90,160,Closed to open Broadleaved forest regularly flooded (semipermanently or temporarly) - Fresh or brakish water,91,97,1,1,LC_ArtificialityCharacteristic,lccs3_type,,,LC_Artificiality,,,,,
L1,characteristic,90,160,Closed to open Broadleaved forest regularly flooded (semipermanently or temporarly) - Fresh or brakish water,91,97,1,1,LC_ArtificialityCharacteristic,name,,,Artificiality,,,,,
L1,characteristic,90,160,Closed to open Broadleaved forest regularly flooded (semipermanently or temporarly) - Fresh or brakish water,91,97,1,1,LC_ArtificialityCharacteristic,description,,,Describe the artificiality characteristic,,,,,
L1,characteristic,90,160,Closed to open Broadleaved forest regularly flooded (semipermanently or temporarly) - Fresh or brakish water,91,97,1,1,LC_ArtificialityCharacteristic,type,,,Natural,,,,,
L1,characteristic,90,160,Closed to open Broadleaved forest regularly flooded (semipermanently or temporarly) - Fresh or brakish water,91,97,1,2,LC_WaterSalinityCharacteristic,lccs3_type,,,LC_WaterSalinity,,,,,
L1,characteristic,90,160,Closed to open Broadleaved forest regularly flooded (semipermanently or temporarly) - Fresh or brakish water,91,97,1,2,LC_WaterSalinityCharacteristic,name,,,Water Salinity,,,,,
L1,characteristic,90,160,Closed to open Broadleaved forest regularly flooded (semipermanently or temporarly) - Fresh or brakish water,91,97,1,2,LC_WaterSalinityCharacteristic,description,,,Describe the water salinity characteristic,,,,,
L1,characteristic,90,160,Closed to open Broadleaved forest regularly flooded (semipermanently or temporarly) - Fresh or brakish water,91,97,1,2,LC_WaterSalinityCharacteristic,type,,,Fresh,,,,,
L1,element,90,160,Closed to open Broadleaved forest regularly flooded (semipermanently or temporarly) - Fresh or brakish water,91,97,2,,LC_WaterBody,lccs3_type,,,LC_WaterBody,,,,,
L1,element,90,160,Closed to open Broadleaved forest regularly flooded (semipermanently or temporarly) - Fresh or brakish water,91,97,2,,LC_WaterBody,name,,,Water Body,,,,,
L1,element,90,160,Closed to open Broadleaved forest regularly flooded (semipermanently or temporarly) - Fresh or brakish water,91,97,2,,LC_WaterBody,description,,,Describe a water body surface element,,,,,
L1,element,90,160,Closed to open Broadleaved forest regularly flooded (semipermanently or temporarly) - Fresh or brakish water,91,97,2,,LC_WaterBody,presence_type,,,Exclusive,,,,,
L1,element,90,160,Closed to open Broadleaved forest regularly flooded (semipermanently or temporarly) - Fresh or brakish water,91,97,2,,LC_WaterBody,periodic_variation[LC_PeriodicVariations]/name,,,Periodic Variations,,,,,
L1,element,90,160,Closed to open Broadleaved forest regularly flooded (semipermanently or temporarly) - Fresh or brakish water,91,97,2,,LC_WaterBody,periodic_variation[LC_PeriodicVariations]/description,,,Contains the elements of Periodic Variation,,,,,
L1,element,90,160,Closed to open Broadleaved forest regularly flooded (semipermanently or temporarly) - Fresh or brakish water,91,97,2,,LC_WaterBody,periodic_variation[LC_PeriodicVariations]/elements/LC_PeriodicVariation[LC_PeriodicVariation]/name,,,Periodic Variation,,,,,
L1,element,90,160,Closed to open Broadleaved forest regularly flooded (semipermanently or temporarly) - Fresh or brakish water,91,97,2,,LC_WaterBody,periodic_variation[LC_PeriodicVariations]/elements/LC_PeriodicVariation[LC_PeriodicVariation]/description,,,Describe a periodic variation element,,,,,
L1,element,90,160,Closed to open Broadleaved forest regularly flooded (semipermanently or temporarly) - Fresh or brakish water,91,97,2,,LC_WaterBody,periodic_variation[LC_PeriodicVariations]/elements/LC_PeriodicVariation[LC_PeriodicVariation]/persistence_units,,,Months,,,,,
L1,element,90,160,Closed to open Broadleaved forest regularly flooded (semipermanently or temporarly) - Fresh or brakish water,91,97,2,,LC_WaterBody,periodic_variation[LC_PeriodicVariations]/elements/LC_PeriodicVariation[LC_PeriodicVariation]/persistence_period,2.0,6.0,,,,,,
L1,characteristic,90,160,Closed to open Broadleaved forest regularly flooded (semipermanently or temporarly) - Fresh or brakish water,91,97,2,1,LC_ArtificialityCharacteristic,lccs3_type,,,LC_Artificiality,,,,,
L1,characteristic,90,160,Closed to open Broadleaved forest regularly flooded (semipermanently or temporarly) - Fresh or brakish water,91,97,2,1,LC_ArtificialityCharacteristic,name,,,Artificiality,,,,,
L1,characteristic,90,160,Closed to open Broadleaved forest regularly flooded (semipermanently or temporarly) - Fresh or brakish water,91,97,2,1,LC_ArtificialityCharacteristic,description,,,Describe the artificiality characteristic,,,,,
L1,characteristic,90,160,Closed to open Broadleaved forest regularly flooded (semipermanently or temporarly) - Fresh or brakish water,91,97,2,1,LC_ArtificialityCharacteristic,type,,,Natural,,,,,
L1,characteristic,90,160,Closed to open Broadleaved forest regularly flooded (semipermanently or temporarly) - Fresh or brakish water,91,97,2,2,LC_WaterSalinityCharacteristic,lccs3_type,,,LC_WaterSalinity,,,,,
L1,characteristic,90,160,Closed to open Broadleaved forest regularly flooded (semipermanently or temporarly) - Fresh or brakish water,91,97,2,2,LC_WaterSalinityCharacteristic,name,,,Water Salinity,,,,,
L1,characteristic,90,160,Closed to open Broadleaved forest regularly flooded (semipermanently or temporarly) - Fresh or brakish water,91,97,2,2,LC_WaterSalinityCharacteristic,description,,,Describe the water salinity characteristic,,,,,
L1,characteristic,90,160,Closed to open Broadleaved forest regularly flooded (semipermanently or temporarly) - Fresh or brakish water,91,97,2,2,LC_WaterSalinityCharacteristic,type,,,Brackish,,,,,
L1,class,A3,170,Closed Broadleaved forest or shrubland permanently flooded - Brakish or saline water,,,,,,class_name,,,Closed Broadleaved forest or shrubland permanently flooded - Brakish or saline water,,,,,
L1,class,A3,170,Closed Broadleaved forest or shrubland permanently flooded - Brakish or saline water,,,,,,class_description,,,Describe the land cover class,,,,,
L1,class,A3,170,Closed Broadleaved forest or shrubland permanently flooded - Brakish or saline water,,,,,,class_map_code,,,170,,,,,
L1,class,A3,170,Closed Broadleaved forest or shrubland permanently flooded - Brakish or saline water,,,,,,uuid,,,fec5a603-38c9-11eb-a642-185680280055,,,,,
L1,hp,A3,170,Closed Broadleaved forest or shrubland permanently flooded - Brakish or saline water,A4,,,,,name,,,Horizontal Pattern 1,,,,,
L1,hp,A3,170,Closed Broadleaved forest or shrubland permanently flooded - Brakish or saline water,A4,,,,,description,,,Describe the horizontal pattern,,,,,
L1,stratum,A3,170,Closed Broadleaved forest or shrubland permanently flooded - Brakish or saline water,A4,A5,,,,name,,,Stratum 1,,,,,
L1,stratum,A3,170,Closed Broadleaved forest or shrubland permanently flooded - Brakish or saline water,A4,A5,,,,description,,,Vegetation 1,,,,,
L1,stratum,A3,170,Closed Broadleaved forest or shrubland permanently flooded - Brakish or saline water,A4,A5,,,,presence_type,,,Mandatory,,,,,
L1,stratum,A3,170,Closed Broadleaved forest or shrubland permanently flooded - Brakish or saline water,A4,A5,,,,@ontop,,,0,,,,,
L1,element,A3,170,Closed Broadleaved forest or shrubland permanently flooded - Brakish or saline water,A4,A5,1,,LC_WoodyGrowthForm,lccs3_type,,,LC_WoodyGrowthForms,,,,,
L1,element,A3,170,Closed Broadleaved forest or shrubland permanently flooded - Brakish or saline water,A4,A5,1,,LC_WoodyGrowthForm,name,,,Woody Growth Forms,,,,,
L1,element,A3,170,Closed Broadleaved forest or shrubland permanently flooded - Brakish or saline water,A4,A5,1,,LC_WoodyGrowthForm,description,,,Describe a vegetation element of woody type,,,,,
L1,element,A3,170,Closed Broadleaved forest or shrubland permanently flooded - Brakish or saline water,A4,A5,1,,LC_WoodyGrowthForm,presence_type,,,Mandatory,,,,,
L1,element,A3,170,Closed Broadleaved forest or shrubland permanently flooded - Brakish or saline water,A4,A5,1,,LC_WoodyGrowthForm,cover,40.0,100.0,,,,,,
L1,element,A3,170,Closed Broadleaved forest or shrubland permanently flooded - Brakish or saline water,A4,A5,1,,LC_WoodyGrowthForm,LC_WoodyGrowthLeafType[LC_WoodyGrowthLeafType]/name,,,Woody Growth Leaf Type,,,,,
L1,element,A3,170,Closed Broadleaved forest or shrubland permanently flooded - Brakish or saline water,A4,A5,1,,LC_WoodyGrowthForm,LC_WoodyGrowthLeafType[LC_WoodyGrowthLeafType]/description,,,Contains the elements of Woody Growth Leaf Type,,,,,
L1,element,A3,170,Closed Broadleaved forest or shrubland permanently flooded - Brakish or saline water,A4,A5,1,,LC_WoodyGrowthForm,LC_WoodyGrowthLeafType[LC_WoodyGrowthLeafType]/elements/LC_WoodyLeafType[LC_Broadleaved]/name,,,Broadleaved,,,,,
L1,element,A3,170,Closed Broadleaved forest or shrubland permanently flooded - Brakish or saline water,A4,A5,1,,LC_WoodyGrowthForm,LC_WoodyGrowthLeafType[LC_WoodyGrowthLeafType]/elements/LC_WoodyLeafType[LC_Broadleaved]/description,,,Describe a Broadleaved type element,,,,,
L1,stratum,A3,170,Closed Broadleaved forest or shrubland permanently flooded - Brakish or saline water,A4,A9,,,,name,,,Stratum 2,,,,,
L1,stratum,A3,170,Closed Broadleaved forest or shrubland permanently flooded - Brakish or saline water,A4,A9,,,,description,,,Abiotic surface 2,,,,,
L1,stratum,A3,170,Closed Broadleaved forest or shrubland permanently flooded - Brakish or saline water,A4,A9,,,,presence_type,,,Mandatory,,,,,
L1,stratum,A3,170,Closed Broadleaved forest or shrubland permanently flooded - Brakish or saline water,A4,A9,,,,@ontop,,,0,,,,,
L1,element,A3,170,Closed Broadleaved forest or shrubland permanently flooded - Brakish or saline water,A4,A9,1,,LC_WaterBody,lccs3_type,,,LC_WaterBody,,,,,
L1,element,A3,170,Closed Broadleaved forest or shrubland permanently flooded - Brakish or saline water,A4,A9,1,,LC_WaterBody,name,,,Water Body,,,,,
L1,element,A3,170,Closed Broadleaved forest or shrubland permanently flooded - Brakish or saline water,A4,A9,1,,LC_WaterBody,description,,,Describe a water body surface element,,,,,
L1,element,A3,170,Closed Broadleaved forest or shrubland permanently flooded - Brakish or saline water,A4,A9,1,,LC_WaterBody,presence_type,,,Exclusive,,,,,
L1,element,A3,170,Closed Broadleaved forest or shrubland permanently flooded - Brakish or saline water,A4,A9,1,,LC_WaterBody,periodic_variation[LC_PeriodicVariations]/name,,,Periodic Variations,,,,,
L1,element,A3,170,Closed Broadleaved forest or shrubland permanently flooded - Brakish or saline water,A4,A9,1,,LC_WaterBody,periodic_variation[LC_PeriodicVariations]/description,,,Contains the elements of Periodic Variation,,,,,
L1,element,A3,170,Closed Broadleaved forest or shrubland permanently flooded - Brakish or saline water,A4,A9,1,,LC_WaterBody,periodic_variation[LC_PeriodicVariations]/elements/LC_PeriodicVariation[LC_PeriodicVariation]/name,,,Periodic Variation,,,,,
L1,element,A3,170,Closed Broadleaved forest or shrubland permanently flooded - Brakish or saline water,A4,A9,1,,LC_WaterBody,periodic_variation[LC_PeriodicVariations]/elements/LC_PeriodicVariation[LC_PeriodicVariation]/description,,,Describe a periodic variation element,,,,,
L1,element,A3,170,Closed Broadleaved forest or shrubland permanently flooded - Brakish or saline water,A4,A9,1,,LC_WaterBody,periodic_variation[LC_PeriodicVariations]/elements/LC_PeriodicVariation[LC_PeriodicVariation]/persistence_units,,,Months,,,,,
L1,element,A3,170,Closed Broadleaved forest or shrubland permanently flooded - Brakish or saline water,A4,A9,1,,LC_WaterBody,periodic_variation[LC_PeriodicVariations]/elements/LC_PeriodicVariation[LC_PeriodicVariation]/persistence_period,6.0,12.0,,,,,,
L1,element,A3,170,Closed Broadleaved forest or shrubland permanently flooded - Brakish or saline water,A4,A9,1,,LC_WaterBody,periodic_variation[LC_PeriodicVariations]/elements/LC_PeriodicVariation[LC_PeriodicVariation]#2/name,,,Periodic Variation,,,,,
L1,element,A3,170,Closed Broadleaved forest or shrubland permanently flooded - Brakish or saline water,A4,A9,1,,LC_WaterBody,periodic_variation[LC_PeriodicVariations]/elements/LC_PeriodicVariation[LC_PeriodicVariation]#2/description,,,Describe a periodic variation element,,,,,
L1,element,A3,170,Closed Broadleaved forest or shrubland permanently flooded - Brakish or saline water,A4,A9,1,,LC_WaterBody,periodic_variation[LC_PeriodicVariations]/elements/LC_PeriodicVariation[LC_PeriodicVariation]#2/persistence_units,,,Months,,,,,
L1,characteristic,A3,170,Closed Broadleaved forest or shrubland permanently flooded - Brakish or saline water,A4,A9,1,1,LC_ArtificialityCharacteristic,lccs3_type,,,LC_Artificiality,,,,,
L1,characteristic,A3,170,Closed Broadleaved forest or shrubland permanently flooded - Brakish or saline water,A4,A9,1,1,LC_ArtificialityCharacteristic,name,,,Artificiality,,,,,
L1,characteristic,A3,170,Closed Broadleaved forest or shrubland permanently flooded - Brakish or saline water,A4,A9,1,1,LC_ArtificialityCharacteristic,description,,,Describe the artificiality characteristic,,,,,
L1,characteristic,A3,170,Closed Broadleaved forest or shrubland permanently flooded - Brakish or saline water,A4,A9,1,1,LC_ArtificialityCharacteristic,type,,,Natural,,,,,
L1,characteristic,A3,170,Closed Broadleaved forest or shrubland permanently flooded - Brakish or saline water,A4,A9,1,2,LC_WaterSalinityCharacteristic,lccs3_type,,,LC_WaterSalinity,,,,,
L1,characteristic,A3,170,Closed Broadleaved forest or shrubland permanently flooded - Brakish or saline water,A4,A9,1,2,LC_WaterSalinityCharacteristic,name,,,Water Salinity,,,,,
L1,characteristic,A3,170,Closed Broadleaved forest or shrubland permanently flooded - Brakish or saline water,A4,A9,1,2,LC_WaterSalinityCharacteristic,description,,,Describe the water salinity characteristic,,,,,
L1,characteristic,A3,170,Closed Broadleaved forest or shrubland permanently flooded - Brakish or saline water,A4,A9,1,2,LC_WaterSalinityCharacteristic,type,,,Brackish,,,,,
L1,element,A3,170,Closed Broadleaved forest or shrubland permanently flooded - Brakish or saline water,A4,A9,2,,LC_WaterBody,lccs3_type,,,LC_WaterBody,,,,,
L1,element,A3,170,Closed Broadleaved forest or shrubland permanently flooded - Brakish or saline water,A4,A9,2,,LC_WaterBody,name,,,Water Body,,,,,
L1,element,A3,170,Closed Broadleaved forest or shrubland permanently flooded - Brakish or saline water,A4,A9,2,,LC_WaterBody,description,,,Describe a water body surface element,,,,,
L1,element,A3,170,Closed Broadleaved forest or shrubland permanently flooded - Brakish or saline water,A4,A9,2,,LC_WaterBody,presence_type,,,Exclusive,,,,,
L1,element,A3,170,Closed Broadleaved forest or shrubland permanently flooded - Brakish or saline water,A4,A9,2,,LC_WaterBody,periodic_variation[LC_PeriodicVariations]/name,,,Periodic Variations,,,,,
L1,element,A3,170,Closed Broadleaved forest or shrubland permanently flooded - Brakish or saline water,A4,A9,2,,LC_WaterBody,periodic_variation[LC_PeriodicVariations]/description,,,Contains the elements of Periodic Variation,,,,,
L1,element,A3,170,Closed Broadleaved forest or shrubland permanently flooded - Brakish or saline water,A4,A9,2,,LC_WaterBody,periodic_variation[LC_PeriodicVariations]/elements/LC_PeriodicVariation[LC_PeriodicVariation]/name,,,Periodic Variation,,,,,
L1,element,A3,170,Closed Broadleaved forest or shrubland permanently flooded - Brakish or saline water,A4,A9,2,,LC_WaterBody,periodic_variation[LC_PeriodicVariations]/elements/LC_PeriodicVariation[LC_PeriodicVariation]/description,,,Describe a periodic variation element,,,,,
L1,element,A3,170,Closed Broadleaved forest or shrubland permanently flooded - Brakish or saline water,A4,A9,2,,LC_WaterBody,periodic_variation[LC_PeriodicVariations]/elements/LC_PeriodicVariation[LC_PeriodicVariation]/persistence_units,,,Months,,,,,
L1,element,A3,170,Closed Broadleaved forest or shrubland permanently flooded - Brakish or saline water,A4,A9,2,,LC_WaterBody,periodic_variation[LC_PeriodicVariations]/elements/LC_PeriodicVariation[LC_PeriodicVariation]/persistence_period,6.0,12.0,,,,,,
L1,characteristic,A3,170,Closed Broadleaved forest or shrubland permanently flooded - Brakish or saline water,A4,A9,2,1,LC_ArtificialityCharacteristic,lccs3_type,,,LC_Artificiality,,,,,
L1,characteristic,A3,170,Closed Broadleaved forest or shrubland permanently flooded - Brakish or saline water,A4,A9,2,1,LC_ArtificialityCharacteristic,name,,,Artificiality,,,,,
L1,characteristic,A3,170,Closed Broadleaved forest or shrubland permanently flooded - Brakish or saline water,A4,A9,2,1,LC_ArtificialityCharacteristic,description,,,Describe the artificiality characteristic,,,,,
L1,characteristic,A3,170,Closed Broadleaved forest or shrubland permanently flooded - Brakish or saline water,A4,A9,2,1,LC_ArtificialityCharacteristic,type,,,Natural,,,,,
L1,characteristic,A3,170,Closed Broadleaved forest or shrubland permanently flooded - Brakish or saline water,A4,A9,2,2,LC_WaterSalinityCharacteristic,lccs3_type,,,LC_WaterSalinity,,,,,
L1,characteristic,A3,170,Closed Broadleaved forest or shrubland permanently flooded - Brakish or saline water,A4,A9,2,2,LC_WaterSalinityCharacteristic,name,,,Water Salinity,,,,,
L1,characteristic,A3,170,Closed Broadleaved forest or shrubland permanently flooded - Brakish or saline water,A4,A9,2,2,LC_WaterSalinityCharacteristic,description,,,Describe the water salinity characteristic,,,,,
L1,characteristic,A3,170,Closed Broadleaved forest or shrubland permanently flooded - Brakish or saline water,A4,A9,2,2,LC_WaterSalinityCharacteristic,type,,,Saline,,,,,
L1,class,B0,180,Closed to open grassland or woody vegetation on regularly flooded or waterlogged soil,,,,,,class_name,,,Closed to open grassland or woody vegetation on regularly flooded or waterlogged soil,,,,,
L1,class,B0,180,Closed to open grassland or woody vegetation on regularly flooded or waterlogged soil,,,,,,class_description,,,Describe the land cover class,,,,,
L1,class,B0,180,Closed to open grassland or woody vegetation on regularly flooded or waterlogged soil,,,,,,class_map_code,,,180,,,,,
L1,class,B0,180,Closed to open grassland or woody vegetation on regularly flooded or waterlogged soil,,,,,,uuid,,,c9ec7c02-38ca-11eb-a642-185680280055,,,,,
L1,hp,B0,180,Closed to open grassland or woody vegetation on regularly flooded or waterlogged soil,B1,,,,,name,,,Horizontal Pattern 1,,,,,
L1,hp,B0,180,Closed to open grassland or woody vegetation on regularly flooded or waterlogged soil,B1,,,,,description,,,Describe the horizontal pattern,,,,,
L1,stratum,B0,180,Closed to open grassland or woody vegetation on regularly flooded or waterlogged soil,B1,B2,,,,name,,,Stratum 1,,,,,
L1,stratum,B0,180,Closed to open grassland or woody vegetation on regularly flooded or waterlogged soil,B1,B2,,,,description,,,Vegetation 1,,,,,
L1,stratum,B0,180,Closed to open grassland or woody vegetation on regularly flooded or waterlogged soil,B1,B2,,,,presence_type,,,Mandatory,,,,,
L1,stratum,B0,180,Closed to open grassland or woody vegetation on regularly flooded or waterlogged soil,B1,B2,,,,@ontop,,,0,,,,,
L1,element,B0,180,Closed to open grassland or woody vegetation on regularly flooded or waterlogged soil,B1,B2,1,,LC_HerbaceousGrowthForm,lccs3_type,,,LC_HerbaceousGrowthForms,,,,,
L1,element,B0,180,Closed to open grassland or woody vegetation on regularly flooded or waterlogged soil,B1,B2,1,,LC_HerbaceousGrowthForm,name,,,Herbaceous growth forms,,,,,
L1,element,B0,180,Closed to open grassland or woody vegetation on regularly flooded or waterlogged soil,B1,B2,1,,LC_HerbaceousGrowthForm,description,,,Describe a vegetation element of herbaceous growth form type,,,,,
L1,element,B0,180,Closed to open grassland or woody vegetation on regularly flooded or waterlogged soil,B1,B2,1,,LC_HerbaceousGrowthForm,presence_type,,,Exclusive,,,,,
L1,element,B0,180,Closed to open grassland or woody vegetation on regularly flooded or waterlogged soil,B1,B2,1,,LC_HerbaceousGrowthForm,cover,15.0,100.0,,,,,,
L1,characteristic,B0,180,Closed to open grassland or woody vegetation on regularly flooded or waterlogged soil,B1,B2,1,1,LC_VegetationArtificialityCharacteristic,lccs3_type,,,LC_NaturalOrSeminaturalVegetation,,,,,value: Natural or Seminatural
L1,characteristic,B0,180,Closed to open grassland or woody vegetation on regularly flooded or waterlogged soil,B1,B2,1,1,LC_VegetationArtificialityCharacteristic,name,,,Natural Or Seminatural Vegetation,,,,,
L1,characteristic,B0,180,Closed to open grassland or woody vegetation on regularly flooded or waterlogged soil,B1,B2,1,1,LC_VegetationArtificialityCharacteristic,description,,,Describe the natural or seminatural vegetation,,,,,
L1,element,B0,180,Closed to open grassland or woody vegetation on regularly flooded or waterlogged soil,B1,B2,2,,LC_WoodyGrowthForm,lccs3_type,,,LC_WoodyGrowthForms,,,,,
L1,element,B0,180,Closed to open grassland or woody vegetation on regularly flooded or waterlogged soil,B1,B2,2,,LC_WoodyGrowthForm,name,,,Woody Growth Forms,,,,,
L1,element,B0,180,Closed to open grassland or woody vegetation on regularly flooded or waterlogged soil,B1,B2,2,,LC_WoodyGrowthForm,description,,,Describe a vegetation element of woody type,,,,,
L1,element,B0,180,Closed to open grassland or woody vegetation on regularly flooded or waterlogged soil,B1,B2,2,,LC_WoodyGrowthForm,presence_type,,,Exclusive,,,,,
L1,element,B0,180,Closed to open grassland or woody vegetation on regularly flooded or waterlogged soil,B1,B2,2,,LC_WoodyGrowthForm,cover,15.0,100.0,,,,,,
L1,stratum,B0,180,Closed to open grassland or woody vegetation on regularly flooded or waterlogged soil,B1,B6,,,,name,,,Stratum 2,,,,,
L1,stratum,B0,180,Closed to open grassland or woody vegetation on regularly flooded or waterlogged soil,B1,B6,,,,description,,,Abiotic surface 2,,,,,
L1,stratum,B0,180,Closed to open grassland or woody vegetation on regularly flooded or waterlogged soil,B1,B6,,,,presence_type,,,Mandatory,,,,,
L1,stratum,B0,180,Closed to open grassland or woody vegetation on regularly flooded or waterlogged soil,B1,B6,,,,@ontop,,,0,,,,,
L1,element,B0,180,Closed to open grassland or woody vegetation on regularly flooded or waterlogged soil,B1,B6,1,,LC_WaterBody,lccs3_type,,,LC_WaterBody,,,,,
L1,element,B0,180,Closed to open grassland or woody vegetation on regularly flooded or waterlogged soil,B1,B6,1,,LC_WaterBody,name,,,Water Body,,,,,
L1,element,B0,180,Closed to open grassland or woody vegetation on regularly flooded or waterlogged soil,B1,B6,1,,LC_WaterBody,description,,,Describe a water body surface element,,,,,
L1,element,B0,180,Closed to open grassland or woody vegetation on regularly flooded or waterlogged soil,B1,B6,1,,LC_WaterBody,presence_type,,,Exclusive,,,,,
L1,element,B0,180,Closed to open grassland or woody vegetation on regularly flooded or waterlogged soil,B1,B6,1,,LC_WaterBody,periodic_variation[LC_PeriodicVariations]/name,,,Periodic Variations,,,,,
L1,element,B0,180,Closed to open grassland or woody vegetation on regularly flooded or waterlogged soil,B1,B6,1,,LC_WaterBody,periodic_variation[LC_PeriodicVariations]/description,,,Contains the elements of Periodic Variation,,,,,
L1,element,B0,180,Closed to open grassland or woody vegetation on regularly flooded or waterlogged soil,B1,B6,1,,LC_WaterBody,periodic_variation[LC_PeriodicVariations]/elements/LC_PeriodicVariation[LC_PeriodicVariation]/name,,,Periodic Variation,,,,,
L1,element,B0,180,Closed to open grassland or woody vegetation on regularly flooded or waterlogged soil,B1,B6,1,,LC_WaterBody,periodic_variation[LC_PeriodicVariations]/elements/LC_PeriodicVariation[LC_PeriodicVariation]/description,,,Describe a periodic variation element,,,,,
L1,element,B0,180,Closed to open grassland or woody vegetation on regularly flooded or waterlogged soil,B1,B6,1,,LC_WaterBody,periodic_variation[LC_PeriodicVariations]/elements/LC_PeriodicVariation[LC_PeriodicVariation]/persistence_units,,,Months,,,,,
L1,element,B0,180,Closed to open grassland or woody vegetation on regularly flooded or waterlogged soil,B1,B6,1,,LC_WaterBody,periodic_variation[LC_PeriodicVariations]/elements/LC_PeriodicVariation[LC_PeriodicVariation]/persistence_period,2.0,6.0,,,,,,
L1,element,B0,180,Closed to open grassland or woody vegetation on regularly flooded or waterlogged soil,B1,B6,1,,LC_WaterBody,periodic_variation[LC_PeriodicVariations]/elements/LC_PeriodicVariation[LC_PeriodicVariation]#2/name,,,Periodic Variation,,,,,
L1,element,B0,180,Closed to open grassland or woody vegetation on regularly flooded or waterlogged soil,B1,B6,1,,LC_WaterBody,periodic_variation[LC_PeriodicVariations]/elements/LC_PeriodicVariation[LC_PeriodicVariation]#2/description,,,Describe a periodic variation element,,,,,
L1,element,B0,180,Closed to open grassland or woody vegetation on regularly flooded or waterlogged soil,B1,B6,1,,LC_WaterBody,periodic_variation[LC_PeriodicVariations]/elements/LC_PeriodicVariation[LC_PeriodicVariation]#2/persistence_units,,,Months,,,,,
L1,element,B0,180,Closed to open grassland or woody vegetation on regularly flooded or waterlogged soil,B1,B6,1,,LC_WaterBody,position,,,Above Surface,,,,,
L1,characteristic,B0,180,Closed to open grassland or woody vegetation on regularly flooded or waterlogged soil,B1,B6,1,1,LC_ArtificialityCharacteristic,lccs3_type,,,LC_Artificiality,,,,,
L1,characteristic,B0,180,Closed to open grassland or woody vegetation on regularly flooded or waterlogged soil,B1,B6,1,1,LC_ArtificialityCharacteristic,name,,,Artificiality,,,,,
L1,characteristic,B0,180,Closed to open grassland or woody vegetation on regularly flooded or waterlogged soil,B1,B6,1,1,LC_ArtificialityCharacteristic,description,,,Describe the artificiality characteristic,,,,,
L1,characteristic,B0,180,Closed to open grassland or woody vegetation on regularly flooded or waterlogged soil,B1,B6,1,1,LC_ArtificialityCharacteristic,type,,,Natural,,,,,
L1,element,B0,180,Closed to open grassland or woody vegetation on regularly flooded or waterlogged soil,B1,B6,2,,LC_WaterBody,lccs3_type,,,LC_WaterBody,,,,,
L1,element,B0,180,Closed to open grassland or woody vegetation on regularly flooded or waterlogged soil,B1,B6,2,,LC_WaterBody,name,,,Water Body,,,,,
L1,element,B0,180,Closed to open grassland or woody vegetation on regularly flooded or waterlogged soil,B1,B6,2,,LC_WaterBody,description,,,Describe a water body surface element,,,,,
L1,element,B0,180,Closed to open grassland or woody vegetation on regularly flooded or waterlogged soil,B1,B6,2,,LC_WaterBody,presence_type,,,Exclusive,,,,,
L1,element,B0,180,Closed to open grassland or woody vegetation on regularly flooded or waterlogged soil,B1,B6,2,,LC_WaterBody,periodic_variation[LC_PeriodicVariations]/name,,,Periodic Variations,,,,,
L1,element,B0,180,Closed to open grassland or woody vegetation on regularly flooded or waterlogged soil,B1,B6,2,,LC_WaterBody,periodic_variation[LC_PeriodicVariations]/description,,,Contains the elements of Periodic Variation,,,,,
L1,element,B0,180,Closed to open grassland or woody vegetation on regularly flooded or waterlogged soil,B1,B6,2,,LC_WaterBody,periodic_variation[LC_PeriodicVariations]/elements/LC_PeriodicVariation[LC_PeriodicVariation]/name,,,Periodic Variation,,,,,
L1,element,B0,180,Closed to open grassland or woody vegetation on regularly flooded or waterlogged soil,B1,B6,2,,LC_WaterBody,periodic_variation[LC_PeriodicVariations]/elements/LC_PeriodicVariation[LC_PeriodicVariation]/description,,,Describe a periodic variation element,,,,,
L1,element,B0,180,Closed to open grassland or woody vegetation on regularly flooded or waterlogged soil,B1,B6,2,,LC_WaterBody,periodic_variation[LC_PeriodicVariations]/elements/LC_PeriodicVariation[LC_PeriodicVariation]/persistence_units,,,Months,,,,,
L1,element,B0,180,Closed to open grassland or woody vegetation on regularly flooded or waterlogged soil,B1,B6,2,,LC_WaterBody,periodic_variation[LC_PeriodicVariations]/elements/LC_PeriodicVariation[LC_PeriodicVariation]/persistence_period,2.0,6.0,,,,,,
L1,element,B0,180,Closed to open grassland or woody vegetation on regularly flooded or waterlogged soil,B1,B6,2,,LC_WaterBody,position,,,Below Surface,,,,,
L1,characteristic,B0,180,Closed to open grassland or woody vegetation on regularly flooded or waterlogged soil,B1,B6,2,1,LC_ArtificialityCharacteristic,lccs3_type,,,LC_Artificiality,,,,,
L1,characteristic,B0,180,Closed to open grassland or woody vegetation on regularly flooded or waterlogged soil,B1,B6,2,1,LC_ArtificialityCharacteristic,name,,,Artificiality,,,,,
L1,characteristic,B0,180,Closed to open grassland or woody vegetation on regularly flooded or waterlogged soil,B1,B6,2,1,LC_ArtificialityCharacteristic,description,,,Describe the artificiality characteristic,,,,,
L1,characteristic,B0,180,Closed to open grassland or woody vegetation on regularly flooded or waterlogged soil,B1,B6,2,1,LC_ArtificialityCharacteristic,type,,,Natural,,,,,
L1,class,BB,190,Artificial surfaces and associated areas,,,,,,class_name,,,Artificial surfaces and associated areas,,,,,
L1,class,BB,190,Artificial surfaces and associated areas,,,,,,class_description,,,Describe the land cover class,,,,,
L1,class,BB,190,Artificial surfaces and associated areas,,,,,,class_map_code,,,190,,,,,
L1,class,BB,190,Artificial surfaces and associated areas,,,,,,uuid,,,f60b62f3-38cb-11eb-a642-185680280055,,,,,
L1,hp,BB,190,Artificial surfaces and associated areas,BC,,,,,name,,,Horizontal Pattern 1,,,,,
L1,hp,BB,190,Artificial surfaces and associated areas,BC,,,,,description,,,Describe the horizontal pattern,,,,,
L1,stratum,BB,190,Artificial surfaces and associated areas,BC,BD,,,,name,,,Stratum 1,,,,,
L1,stratum,BB,190,Artificial surfaces and associated areas,BC,BD,,,,description,,,Vegetation 1,,,,,
L1,stratum,BB,190,Artificial surfaces and associated areas,BC,BD,,,,presence_type,,,Mandatory,,,,,
L1,stratum,BB,190,Artificial surfaces and associated areas,BC,BD,,,,@ontop,,,0,,,,,
L1,element,BB,190,Artificial surfaces and associated areas,BC,BD,1,,LC_ArtificialSurfaceElement,lccs3_type,,,LC_ArtificialSurface,,,,,
L1,element,BB,190,Artificial surfaces and associated areas,BC,BD,1,,LC_ArtificialSurfaceElement,name,,,Artificial Surface,,,,,
L1,element,BB,190,Artificial surfaces and associated areas,BC,BD,1,,LC_ArtificialSurfaceElement,description,,,Describe an abiotic surface element of artificial type,,,,,
L1,element,BB,190,Artificial surfaces and associated areas,BC,BD,1,,LC_ArtificialSurfaceElement,presence_type,,,Mandatory,,,,,
L1,element,BB,190,Artificial surfaces and associated areas,BC,BD,1,,LC_ArtificialSurfaceElement,cover,50.0,100.0,,,,,,
L1,class,BF,200,Bare areas,,,,,,class_name,,,Bare areas,,,,,
L1,class,BF,200,Bare areas,,,,,,class_description,,,Describe the land cover class,,,,,
L1,class,BF,200,Bare areas,,,,,,class_map_code,,,200,,,,,
L1,class,BF,200,Bare areas,,,,,,uuid,,,3abed1c3-38cc-11eb-a642-185680280055,,,,,
L1,hp,BF,200,Bare areas,C0,,,,,name,,,Horizontal Pattern 1,,,,,
L1,hp,BF,200,Bare areas,C0,,,,,description,,,Describe the horizontal pattern,,,,,
L1,stratum,BF,200,Bare areas,C0,C1,,,,name,,,Stratum 1,,,,,
L1,stratum,BF,200,Bare areas,C0,C1,,,,description,,,Vegetation 1,,,,,
L1,stratum,BF,200,Bare areas,C0,C1,,,,presence_type,,,Mandatory,,,,,
L1,stratum,BF,200,Bare areas,C0,C1,,,,@ontop,,,0,,,,,
L1,element,BF,200,Bare areas,C0,C1,1,,LC_NaturalSurfaceElement,lccs3_type,,,LC_NaturalSurface,,,,,
L1,element,BF,200,Bare areas,C0,C1,1,,LC_NaturalSurfaceElement,name,,,Natural Surface,,,,,
L1,element,BF,200,Bare areas,C0,C1,1,,LC_NaturalSurfaceElement,description,,,Describe an abiotic surface element of natural type,,,,,
L1,element,BF,200,Bare areas,C0,C1,1,,LC_NaturalSurfaceElement,presence_type,,,Mandatory,,,,,
L1,class,C3,210,Water bodies,,,,,,class_name,,,Water bodies,,,,,
L1,class,C3,210,Water bodies,,,,,,class_description,,,Describe the land cover class,,,,,
L1,class,C3,210,Water bodies,,,,,,class_map_code,,,210,,,,,
L1,class,C3,210,Water bodies,,,,,,uuid,,,86b84842-38cc-11eb-a642-185680280055,,,,,
L1,hp,C3,210,Water bodies,C4,,,,,name,,,Horizontal Pattern 1,,,,,
L1,hp,C3,210,Water bodies,C4,,,,,description,,,Describe the horizontal pattern,,,,,
L1,stratum,C3,210,Water bodies,C4,C5,,,,name,,,Stratum 1,,,,,
L1,stratum,C3,210,Water bodies,C4,C5,,,,description,,,Vegetation 1,,,,,
L1,stratum,C3,210,Water bodies,C4,C5,,,,presence_type,,,Mandatory,,,,,
L1,stratum,C3,210,Water bodies,C4,C5,,,,@ontop,,,0,,,,,
L1,element,C3,210,Water bodies,C4,C5,1,,LC_WaterBody,lccs3_type,,,LC_WaterBody,,,,,
L1,element,C3,210,Water bodies,C4,C5,1,,LC_WaterBody,name,,,Water Body,,,,,
L1,element,C3,210,Water bodies,C4,C5,1,,LC_WaterBody,description,,,Describe a water body surface element,,,,,
L1,element,C3,210,Water bodies,C4,C5,1,,LC_WaterBody,presence_type,,,Mandatory,,,,,
L1,class,C7,220,Permanent snow or ice,,,,,,class_name,,,Permanent snow or ice,,,,,
L1,class,C7,220,Permanent snow or ice,,,,,,class_description,,,Describe the land cover class,,,,,
L1,class,C7,220,Permanent snow or ice,,,,,,class_map_code,,,220,,,,,
L1,class,C7,220,Permanent snow or ice,,,,,,uuid,,,b64aeea3-38cc-11eb-a642-185680280055,,,,,
L1,hp,C7,220,Permanent snow or ice,C8,,,,,name,,,Horizontal Pattern 1,,,,,
L1,hp,C7,220,Permanent snow or ice,C8,,,,,description,,,Describe the horizontal pattern,,,,,
L1,stratum,C7,220,Permanent snow or ice,C8,C9,,,,name,,,Stratum 1,,,,,
L1,stratum,C7,220,Permanent snow or ice,C8,C9,,,,description,,,Vegetation 1,,,,,
L1,stratum,C7,220,Permanent snow or ice,C8,C9,,,,presence_type,,,Mandatory,,,,,
L1,stratum,C7,220,Permanent snow or ice,C8,C9,,,,@ontop,,,0,,,,,
L1,element,C7,220,Permanent snow or ice,C8,C9,1,,LC_Snow,lccs3_type,,,LC_Snow,,,,,
L1,element,C7,220,Permanent snow or ice,C8,C9,1,,LC_Snow,name,,,Snow,,,,,
L1,element,C7,220,Permanent snow or ice,C8,C9,1,,LC_Snow,description,,,Describe a snow surface element,,,,,
L1,element,C7,220,Permanent snow or ice,C8,C9,1,,LC_Snow,presence_type,,,Exclusive,,,,,
L1,element,C7,220,Permanent snow or ice,C8,C9,1,,LC_Snow,periodic_variation[LC_PeriodicVariations]/name,,,Periodic Variations,,,,,
L1,element,C7,220,Permanent snow or ice,C8,C9,1,,LC_Snow,periodic_variation[LC_PeriodicVariations]/description,,,Contains the elements of Periodic Variation,,,,,
L1,element,C7,220,Permanent snow or ice,C8,C9,1,,LC_Snow,periodic_variation[LC_PeriodicVariations]/elements/LC_PeriodicVariation[LC_PeriodicVariation]/name,,,Periodic Variation,,,,,
L1,element,C7,220,Permanent snow or ice,C8,C9,1,,LC_Snow,periodic_variation[LC_PeriodicVariations]/elements/LC_PeriodicVariation[LC_PeriodicVariation]/description,,,Describe a periodic variation element,,,,,
L1,element,C7,220,Permanent snow or ice,C8,C9,1,,LC_Snow,periodic_variation[LC_PeriodicVariations]/elements/LC_PeriodicVariation[LC_PeriodicVariation]/persistence_units,,,Months,,,,,
L1,element,C7,220,Permanent snow or ice,C8,C9,1,,LC_Snow,periodic_variation[LC_PeriodicVariations]/elements/LC_PeriodicVariation[LC_PeriodicVariation]/persistence_period,8.0,12.0,,,,,,
L1,element,C7,220,Permanent snow or ice,C8,C9,2,,LC_Ice,lccs3_type,,,LC_Ice,,,,,
L1,element,C7,220,Permanent snow or ice,C8,C9,2,,LC_Ice,name,,,Ice,,,,,
L1,element,C7,220,Permanent snow or ice,C8,C9,2,,LC_Ice,description,,,Describe an ice surface element,,,,,
L1,element,C7,220,Permanent snow or ice,C8,C9,2,,LC_Ice,presence_type,,,Exclusive,,,,,
L1,element,C7,220,Permanent snow or ice,C8,C9,2,,LC_Ice,periodic_variation[LC_PeriodicVariations]/name,,,Periodic Variations,,,,,
L1,element,C7,220,Permanent snow or ice,C8,C9,2,,LC_Ice,periodic_variation[LC_PeriodicVariations]/description,,,Contains the elements of Periodic Variation,,,,,
L1,element,C7,220,Permanent snow or ice,C8,C9,2,,LC_Ice,periodic_variation[LC_PeriodicVariations]/elements/LC_PeriodicVariation[LC_PeriodicVariation]/name,,,Periodic Variation,,,,,
L1,element,C7,220,Permanent snow or ice,C8,C9,2,,LC_Ice,periodic_variation[LC_PeriodicVariations]/elements/LC_PeriodicVariation[LC_PeriodicVariation]/description,,,Describe a periodic variation element,,,,,
L1,element,C7,220,Permanent snow or ice,C8,C9,2,,LC_Ice,periodic_variation[LC_PeriodicVariations]/elements/LC_PeriodicVariation[LC_PeriodicVariation]/persistence_units,,,Months,,,,,
L1,element,C7,220,Permanent snow or ice,C8,C9,2,,LC_Ice,periodic_variation[LC_PeriodicVariations]/elements/LC_PeriodicVariation[LC_PeriodicVariation]/persistence_period,8.0,12.0,,,,,,
