system,record,class_id,class_map_code,class_name,hp_id,stratum_id,block_id,char_id,ref,attribute,min,max,value,evidence,framing_ref,confidence,status,note
L20,legend,,,,,,,,,legend_name,,,LCCS_Uruguay,,,,,
L20,legend,,,,,,,,,legend_description,,,Describe the legend,,,,,
L20,class,2,PF_e,Eucalyptus forest plantation,,,,,,class_name,,,Eucalyptus forest plantation,,,,,
L20,class,2,PF_e,Eucalyptus forest plantation,,,,,,class_description,,,Describe the land cover class,,,,,
L20,class,2,PF_e,Eucalyptus forest plantation,,,,,,class_map_code,,,PF_e,,,,,
L20,class,2,PF_e,Eucalyptus forest plantation,,,,,,uuid,,,f8f2f100-103a-11ea-af90-c8d9d27fd88c,,,,,
L20,hp,2,PF_e,Eucalyptus forest plantation,3,,,,,name,,,Horizontal Pattern 1,,,,,
L20,hp,2,PF_e,Eucalyptus forest plantation,3,,,,,description,,,Describe the horizontal pattern,,,,,
L20,stratum,2,PF_e,Eucalyptus forest plantation,3,4,,,,name,,,Stratum 1,,,,,
L20,stratum,2,PF_e,Eucalyptus forest plantation,3,4,,,,description,,,Vegetation 1,,,,,
L20,stratum,2,PF_e,Eucalyptus forest plantation,3,4,,,,presence_type,,,Mandatory,,,,,
L20,stratum,2,PF_e,Eucalyptus forest plantation,3,4,,,,@ontop,,,0,,,,,
L20,element,2,PF_e,Eucalyptus forest plantation,3,4,1,,LC_Tree,lccs3_type,,,LC_Trees,,,,,
L20,element,2,PF_e,Eucalyptus forest plantation,3,4,1,,LC_Tree,name,,,Trees,,,,,
L20,element,2,PF_e,Eucalyptus forest plantation,3,4,1,,LC_Tree,description,,,Describe a vegetation element of trees type,,,,,
L20,element,2,PF_e,Eucalyptus forest plantation,3,4,1,,LC_Tree,cover,30.0,100.0,,,,,,
L20,element,2,PF_e,Eucalyptus forest plantation,3,4,1,,LC_Tree,presence_type,,,Mandatory,,,,,
L20,element,2,PF_e,Eucalyptus forest plantation,3,4,1,,LC_Tree,LC_WoodyGrowthLeafPhenology[LC_WoodyGrowthLeafPhenology]/name,,,Woody Growth Leaf Phenology,,,,,
L20,element,2,PF_e,Eucalyptus forest plantation,3,4,1,,LC_Tree,LC_WoodyGrowthLeafPhenology[LC_WoodyGrowthLeafPhenology]/description,,,Contains the elements of Woody Growth Leaf Phenology,,,,,
L20,element,2,PF_e,Eucalyptus forest plantation,3,4,1,,LC_Tree,LC_WoodyGrowthLeafPhenology[LC_WoodyGrowthLeafPhenology]/elements/LC_WoodyLeafPhenology[LC_Evergreen]/name,,,Evergreen,,,,,
L20,element,2,PF_e,Eucalyptus forest plantation,3,4,1,,LC_Tree,LC_WoodyGrowthLeafPhenology[LC_WoodyGrowthLeafPhenology]/elements/LC_WoodyLeafPhenology[LC_Evergreen]/description,,,Describe an Evergreen leaf phenology element,,,,,
L20,element,2,PF_e,Eucalyptus forest plantation,3,4,1,,LC_Tree,height,3.0,30.0,,,,,,
L20,characteristic,2,PF_e,Eucalyptus forest plantation,3,4,1,1,LC_CultivatedAndManagedVegetationCharacteristics,lccs3_type,,,LC_CultivatedAndManagedVegetation,,,,,
L20,characteristic,2,PF_e,Eucalyptus forest plantation,3,4,1,1,LC_CultivatedAndManagedVegetationCharacteristics,name,,,Cultivated And Managed Vegetation,,,,,
L20,characteristic,2,PF_e,Eucalyptus forest plantation,3,4,1,1,LC_CultivatedAndManagedVegetationCharacteristics,description,,,Describe the cultivated and managed vegetation,,,,,
L20,characteristic,2,PF_e,Eucalyptus forest plantation,3,4,1,1,LC_CultivatedAndManagedVegetationCharacteristics,elements/LC_Characteristic[LC_ForestPlantation]/name,,,Forest Plantation,,,,,
L20,characteristic,2,PF_e,Eucalyptus forest plantation,3,4,1,1,LC_CultivatedAndManagedVegetationCharacteristics,elements/LC_Characteristic[LC_ForestPlantation]/description,,,Describe the forest plantation,,,,,
L20,characteristic,2,PF_e,Eucalyptus forest plantation,3,4,1,1,LC_CultivatedAndManagedVegetationCharacteristics,elements/LC_Characteristic[LC_FieldSize]/name,,,Field Size,,,,,
L20,characteristic,2,PF_e,Eucalyptus forest plantation,3,4,1,1,LC_CultivatedAndManagedVegetationCharacteristics,elements/LC_Characteristic[LC_FieldSize]/description,,,Describe the field size,,,,,
L20,characteristic,2,PF_e,Eucalyptus forest plantation,3,4,1,1,LC_CultivatedAndManagedVegetationCharacteristics,elements/LC_Characteristic[LC_FieldSize]/size,5.0,100.0,,,,,,
L20,characteristic,2,PF_e,Eucalyptus forest plantation,3,4,1,2,LC_FloristicAspectsCharacteristic,lccs3_type,,,LC_FloristicAspect,,,,,
L20,characteristic,2,PF_e,Eucalyptus forest plantation,3,4,1,2,LC_FloristicAspectsCharacteristic,name,,,Floristic Aspect,,,,,
L20,characteristic,2,PF_e,Eucalyptus forest plantation,3,4,1,2,LC_FloristicAspectsCharacteristic,description,,,Describe the floristic aspect,,,,,
L20,characteristic,2,PF_e,Eucalyptus forest plantation,3,4,1,2,LC_FloristicAspectsCharacteristic,elements/LC_Characteristic[LC_FloristicAspectSpecies]/name,,,Floristic Aspect Species,,,,,
L20,characteristic,2,PF_e,Eucalyptus forest plantation,3,4,1,2,LC_FloristicAspectsCharacteristic,elements/LC_Characteristic[LC_FloristicAspectSpecies]/description,,,Describe the floristic aspect species,,,,,
L20,characteristic,2,PF_e,Eucalyptus forest plantation,3,4,1,2,LC_FloristicAspectsCharacteristic,elements/LC_Characteristic[LC_FloristicAspectSpecies]/species_name,,,Eucalypt,,,,,
L20,class,D,PF_p,Pine forest plantation,,,,,,class_name,,,Pine forest plantation,,,,,
L20,class,D,PF_p,Pine forest plantation,,,,,,class_description,,,Describe the land cover class,,,,,
L20,class,D,PF_p,Pine forest plantation,,,,,,class_map_code,,,PF_p,,,,,
L20,class,D,PF_p,Pine forest plantation,,,,,,uuid,,,3bd27844-103d-11ea-af90-c8d9d27fd88c,,,,,
L20,hp,D,PF_p,Pine forest plantation,E,,,,,name,,,Horizontal Pattern 1,,,,,
L20,hp,D,PF_p,Pine forest plantation,E,,,,,description,,,Describe the horizontal pattern,,,,,
L20,stratum,D,PF_p,Pine forest plantation,E,F,,,,name,,,Stratum 1,,,,,
L20,stratum,D,PF_p,Pine forest plantation,E,F,,,,description,,,Vegetation 1,,,,,
L20,stratum,D,PF_p,Pine forest plantation,E,F,,,,presence_type,,,Mandatory,,,,,
L20,stratum,D,PF_p,Pine forest plantation,E,F,,,,@ontop,,,0,,,,,
L20,element,D,PF_p,Pine forest plantation,E,F,1,,LC_Tree,lccs3_type,,,LC_Trees,,,,,
L20,element,D,PF_p,Pine forest plantation,E,F,1,,LC_Tree,name,,,Trees,,,,,
L20,element,D,PF_p,Pine forest plantation,E,F,1,,LC_Tree,description,,,Describe a vegetation element of trees type,,,,,
L20,element,D,PF_p,Pine forest plantation,E,F,1,,LC_Tree,cover,30.0,100.0,,,,,,
L20,element,D,PF_p,Pine forest plantation,E,F,1,,LC_Tree,presence_type,,,Mandatory,,,,,
L20,element,D,PF_p,Pine forest plantation,E,F,1,,LC_Tree,LC_WoodyGrowthLeafPhenology[LC_WoodyGrowthLeafPhenology]/name,,,Woody Growth Leaf Phenology,,,,,
L20,element,D,PF_p,Pine forest plantation,E,F,1,,LC_Tree,LC_WoodyGrowthLeafPhenology[LC_WoodyGrowthLeafPhenology]/description,,,Contains the elements of Woody Growth Leaf Phenology,,,,,
L20,element,D,PF_p,Pine forest plantation,E,F,1,,LC_Tree,LC_WoodyGrowthLeafPhenology[LC_WoodyGrowthLeafPhenology]/elements/LC_WoodyLeafPhenology[LC_Evergreen]/name,,,Evergreen,,,,,
L20,element,D,PF_p,Pine forest plantation,E,F,1,,LC_Tree,LC_WoodyGrowthLeafPhenology[LC_WoodyGrowthLeafPhenology]/elements/LC_WoodyLeafPhenology[LC_Evergreen]/description,,,Describe an Evergreen leaf phenology element,,,,,
L20,element,D,PF_p,Pine forest plantation,E,F,1,,LC_Tree,height,3.0,30.0,,,,,,
L20,characteristic,D,PF_p,Pine forest plantation,E,F,1,1,LC_CultivatedAndManagedVegetationCharacteristics,lccs3_type,,,LC_CultivatedAndManagedVegetation,,,,,
L20,characteristic,D,PF_p,Pine forest plantation,E,F,1,1,LC_CultivatedAndManagedVegetationCharacteristics,name,,,Cultivated And Managed Vegetation,,,,,
L20,characteristic,D,PF_p,Pine forest plantation,E,F,1,1,LC_CultivatedAndManagedVegetationCharacteristics,description,,,Describe the cultivated and managed vegetation,,,,,
L20,characteristic,D,PF_p,Pine forest plantation,E,F,1,1,LC_CultivatedAndManagedVegetationCharacteristics,elements/LC_Characteristic[LC_ForestPlantation]/name,,,Forest Plantation,,,,,
L20,characteristic,D,PF_p,Pine forest plantation,E,F,1,1,LC_CultivatedAndManagedVegetationCharacteristics,elements/LC_Characteristic[LC_ForestPlantation]/description,,,Describe the forest plantation,,,,,
L20,characteristic,D,PF_p,Pine forest plantation,E,F,1,1,LC_CultivatedAndManagedVegetationCharacteristics,elements/LC_Characteristic[LC_FieldSize]/name,,,Field Size,,,,,
L20,characteristic,D,PF_p,Pine forest plantation,E,F,1,1,LC_CultivatedAndManagedVegetationCharacteristics,elements/LC_Characteristic[LC_FieldSize]/description,,,Describe the field size,,,,,
L20,characteristic,D,PF_p,Pine forest plantation,E,F,1,1,LC_CultivatedAndManagedVegetationCharacteristics,elements/LC_Characteristic[LC_FieldSize]/size,5.0,100.0,,,,,,
L20,characteristic,D,PF_p,Pine forest plantation,E,F,1,2,LC_FloristicAspectsCharacteristic,lccs3_type,,,LC_FloristicAspect,,,,,
L20,characteristic,D,PF_p,Pine forest plantation,E,F,1,2,LC_FloristicAspectsCharacteristic,name,,,Floristic Aspect,,,,,
L20,characteristic,D,PF_p,Pine forest plantation,E,F,1,2,LC_FloristicAspectsCharacteristic,description,,,Describe the floristic aspect,,,,,
L20,characteristic,D,PF_p,Pine forest plantation,E,F,1,2,LC_FloristicAspectsCharacteristic,elements/LC_Characteristic[LC_FloristicAspectSpecies]/name,,,Floristic Aspect Species,,,,,
L20,characteristic,D,PF_p,Pine forest plantation,E,F,1,2,LC_FloristicAspectsCharacteristic,elements/LC_Characteristic[LC_FloristicAspectSpecies]/description,,,Describe the floristic aspect species,,,,,
L20,characteristic,D,PF_p,Pine forest plantation,E,F,1,2,LC_FloristicAspectsCharacteristic,elements/LC_Characteristic[LC_FloristicAspectSpecies]/species_name,,,Pine,,,,,
L20,class,16,FP_ps,Alamo and willow forest plantation,,,,,,class_name,,,Alamo and willow forest plantation,,,,,
L20,class,16,FP_ps,Alamo and willow forest plantation,,,,,,class_description,,,Describe the land cover class,,,,,
L20,class,16,FP_ps,Alamo and willow forest plantation,,,,,,class_map_code,,,FP_ps,,,,,
L20,class,16,FP_ps,Alamo and willow forest plantation,,,,,,uuid,,,66075ef4-103d-11ea-af90-c8d9d27fd88c,,,,,
L20,hp,16,FP_ps,Alamo and willow forest plantation,17,,,,,name,,,Horizontal Pattern 1,,,,,
L20,hp,16,FP_ps,Alamo and willow forest plantation,17,,,,,description,,,Describe the horizontal pattern,,,,,
L20,stratum,16,FP_ps,Alamo and willow forest plantation,17,18,,,,name,,,Stratum 1,,,,,
L20,stratum,16,FP_ps,Alamo and willow forest plantation,17,18,,,,description,,,Vegetation 1,,,,,
L20,stratum,16,FP_ps,Alamo and willow forest plantation,17,18,,,,presence_type,,,Mandatory,,,,,
L20,stratum,16,FP_ps,Alamo and willow forest plantation,17,18,,,,@ontop,,,0,,,,,
L20,element,16,FP_ps,Alamo and willow forest plantation,17,18,1,,LC_Tree,lccs3_type,,,LC_Trees,,,,,
L20,element,16,FP_ps,Alamo and willow forest plantation,17,18,1,,LC_Tree,name,,,Trees,,,,,
L20,element,16,FP_ps,Alamo and willow forest plantation,17,18,1,,LC_Tree,description,,,Describe a vegetation element of trees type,,,,,
L20,element,16,FP_ps,Alamo and willow forest plantation,17,18,1,,LC_Tree,cover,30.0,100.0,,,,,,
L20,element,16,FP_ps,Alamo and willow forest plantation,17,18,1,,LC_Tree,presence_type,,,Mandatory,,,,,
L20,element,16,FP_ps,Alamo and willow forest plantation,17,18,1,,LC_Tree,LC_WoodyGrowthLeafPhenology[LC_WoodyGrowthLeafPhenology]/name,,,Woody Growth Leaf Phenology,,,,,
L20,element,16,FP_ps,Alamo and willow forest plantation,17,18,1,,LC_Tree,LC_WoodyGrowthLeafPhenology[LC_WoodyGrowthLeafPhenology]/description,,,Contains the elements of Woody Growth Leaf Phenology,,,,,
L20,element,16,FP_ps,Alamo and willow forest plantation,17,18,1,,LC_Tree,LC_WoodyGrowthLeafPhenology[LC_WoodyGrowthLeafPhenology]/elements/LC_WoodyLeafPhenology[LC_Deciduous]/name,,,Deciduous,,,,,
L20,element,16,FP_ps,Alamo and willow forest plantation,17,18,1,,LC_Tree,LC_WoodyGrowthLeafPhenology[LC_WoodyGrowthLeafPhenology]/elements/LC_WoodyLeafPhenology[LC_Deciduous]/description,,,Describe a Deciduous leaf phenology element,,,,,
L20,element,16,FP_ps,Alamo and willow forest plantation,17,18,1,,LC_Tree,height,3.0,30.0,,,,,,
L20,characteristic,16,FP_ps,Alamo and willow forest plantation,17,18,1,1,LC_CultivatedAndManagedVegetationCharacteristics,lccs3_type,,,LC_CultivatedAndManagedVegetation,,,,,
L20,characteristic,16,FP_ps,Alamo and willow forest plantation,17,18,1,1,LC_CultivatedAndManagedVegetationCharacteristics,name,,,Cultivated And Managed Vegetation,,,,,
L20,characteristic,16,FP_ps,Alamo and willow forest plantation,17,18,1,1,LC_CultivatedAndManagedVegetationCharacteristics,description,,,Describe the cultivated and managed vegetation,,,,,
L20,characteristic,16,FP_ps,Alamo and willow forest plantation,17,18,1,1,LC_CultivatedAndManagedVegetationCharacteristics,elements/LC_Characteristic[LC_ForestPlantation]/name,,,Forest Plantation,,,,,
L20,characteristic,16,FP_ps,Alamo and willow forest plantation,17,18,1,1,LC_CultivatedAndManagedVegetationCharacteristics,elements/LC_Characteristic[LC_ForestPlantation]/description,,,Describe the forest plantation,,,,,
L20,characteristic,16,FP_ps,Alamo and willow forest plantation,17,18,1,1,LC_CultivatedAndManagedVegetationCharacteristics,elements/LC_Characteristic[LC_FieldSize]/name,,,Field Size,,,,,
L20,characteristic,16,FP_ps,Alamo and willow forest plantation,17,18,1,1,LC_CultivatedAndManagedVegetationCharacteristics,elements/LC_Characteristic[LC_FieldSize]/description,,,Describe the field size,,,,,
L20,characteristic,16,FP_ps,Alamo and willow forest plantation,17,18,1,1,LC_CultivatedAndManagedVegetationCharacteristics,elements/LC_Characteristic[LC_FieldSize]/size,5.0,100.0,,,,,,
L20,characteristic,16,FP_ps,Alamo and willow forest plantation,17,18,1,2,LC_FloristicAspectsCharacteristic,lccs3_type,,,LC_FloristicAspect,,,,,
L20,characteristic,16,FP_ps,Alamo and willow forest plantation,17,18,1,2,LC_FloristicAspectsCharacteristic,name,,,Floristic Aspect,,,,,
L20,characteristic,16,FP_ps,Alamo and willow forest plantation,17,18,1,2,LC_FloristicAspectsCharacteristic,description,,,Describe the floristic aspect,,,,,
L20,characteristic,16,FP_ps,Alamo and willow forest plantation,17,18,1,2,LC_FloristicAspectsCharacteristic,elements/LC_Characteristic[LC_FloristicAspectSpecies]/name,,,Floristic Aspect Species,,,,,
L20,characteristic,16,FP_ps,Alamo and willow forest plantation,17,18,1,2,LC_FloristicAspectsCharacteristic,elements/LC_Characteristic[LC_FloristicAspectSpecies]/description,,,Describe the floristic aspect species,,,,,
L20,characteristic,16,FP_ps,Alamo and willow forest plantation,17,18,1,2,LC_FloristicAspectsCharacteristic,elements/LC_Characteristic[LC_FloristicAspectSpecies]/species_name,,,Poplar,,,,,
L20,stratum,16,FP_ps,Alamo and willow forest plantation,17,105,,,,name,,,Stratum 2,,,,,
L20,stratum,16,FP_ps,Alamo and willow forest plantation,17,105,,,,description,,,Vegetation 2,,,,,
L20,stratum,16,FP_ps,Alamo and willow forest plantation,17,105,,,,presence_type,,,Mandatory,,,,,
L20,stratum,16,FP_ps,Alamo and willow forest plantation,17,105,,,,@ontop,,,0,,,,,
L20,element,16,FP_ps,Alamo and willow forest plantation,17,105,1,,LC_Tree,lccs3_type,,,LC_Trees,,,,,
L20,element,16,FP_ps,Alamo and willow forest plantation,17,105,1,,LC_Tree,name,,,Trees,,,,,
L20,element,16,FP_ps,Alamo and willow forest plantation,17,105,1,,LC_Tree,description,,,Describe a vegetation element of trees type,,,,,
L20,element,16,FP_ps,Alamo and willow forest plantation,17,105,1,,LC_Tree,cover,30.0,100.0,,,,,,
L20,element,16,FP_ps,Alamo and willow forest plantation,17,105,1,,LC_Tree,presence_type,,,Mandatory,,,,,
L20,element,16,FP_ps,Alamo and willow forest plantation,17,105,1,,LC_Tree,LC_WoodyGrowthLeafPhenology[LC_WoodyGrowthLeafPhenology]/name,,,Woody Growth Leaf Phenology,,,,,
L20,element,16,FP_ps,Alamo and willow forest plantation,17,105,1,,LC_Tree,LC_WoodyGrowthLeafPhenology[LC_WoodyGrowthLeafPhenology]/description,,,Contains the elements of Woody Growth Leaf Phenology,,,,,
L20,element,16,FP_ps,Alamo and willow forest plantation,17,105,1,,LC_Tree,LC_WoodyGrowthLeafPhenology[LC_WoodyGrowthLeafPhenology]/elements/LC_WoodyLeafPhenology[LC_Deciduous]/name,,,Deciduous,,,,,
L20,element,16,FP_ps,Alamo and willow forest plantation,17,105,1,,LC_Tree,LC_WoodyGrowthLeafPhenology[LC_WoodyGrowthLeafPhenology]/elements/LC_WoodyLeafPhenology[LC_Deciduous]/description,,,Describe a Deciduous leaf phenology element,,,,,
L20,element,16,FP_ps,Alamo and willow forest plantation,17,105,1,,LC_Tree,height,3.0,30.0,,,,,,
L20,characteristic,16,FP_ps,Alamo and willow forest plantation,17,105,1,1,LC_CultivatedAndManagedVegetationCharacteristics,lccs3_type,,,LC_CultivatedAndManagedVegetation,,,,,
L20,characteristic,16,FP_ps,Alamo and willow forest plantation,17,105,1,1,LC_CultivatedAndManagedVegetationCharacteristics,name,,,Cultivated And Managed Vegetation,,,,,
L20,characteristic,16,FP_ps,Alamo and willow forest plantation,17,105,1,1,LC_CultivatedAndManagedVegetationCharacteristics,description,,,Describe the cultivated and managed vegetation,,,,,
L20,characteristic,16,FP_ps,Alamo and willow forest plantation,17,105,1,1,LC_CultivatedAndManagedVegetationCharacteristics,elements/LC_Characteristic[LC_ForestPlantation]/name,,,Forest Plantation,,,,,
L20,characteristic,16,FP_ps,Alamo and willow forest plantation,17,105,1,1,LC_CultivatedAndManagedVegetationCharacteristics,elements/LC_Characteristic[LC_ForestPlantation]/description,,,Describe the forest plantation,,,,,
L20,characteristic,16,FP_ps,Alamo and willow forest plantation,17,105,1,1,LC_CultivatedAndManagedVegetationCharacteristics,elements/LC_Characteristic[LC_FieldSize]/name,,,Field Size,,,,,
L20,characteristic,16,FP_ps,Alamo and willow forest plantation,17,105,1,1,LC_CultivatedAndManagedVegetationCharacteristics,elements/LC_Characteristic[LC_FieldSize]/description,,,Describe the field size,,,,,
L20,characteristic,16,FP_ps,Alamo and willow forest plantation,17,105,1,1,LC_CultivatedAndManagedVegetationCharacteristics,elements/LC_Characteristic[LC_FieldSize]/size,5.0,100.0,,,,,,
L20,characteristic,16,FP_ps,Alamo and willow forest plantation,17,105,1,2,LC_FloristicAspectsCharacteristic,lccs3_type,,,LC_FloristicAspect,,,,,
L20,characteristic,16,FP_ps,Alamo and willow forest plantation,17,105,1,2,LC_FloristicAspectsCharacteristic,name,,,Floristic Aspect,,,,,
L20,characteristic,16,FP_ps,Alamo and willow forest plantation,17,105,1,2,LC_FloristicAspectsCharacteristic,description,,,Describe the floristic aspect,,,,,
L20,characteristic,16,FP_ps,Alamo and willow forest plantation,17,105,1,2,LC_FloristicAspectsCharacteristic,elements/LC_Characteristic[LC_FloristicAspectSpecies]/name,,,Floristic Aspect Species,,,,,
L20,characteristic,16,FP_ps,Alamo and willow forest plantation,17,105,1,2,LC_FloristicAspectsCharacteristic,elements/LC_Characteristic[LC_FloristicAspectSpecies]/description,,,Describe the floristic aspect species,,,,,
L20,characteristic,16,FP_ps,Alamo and willow forest plantation,17,105,1,2,LC_FloristicAspectsCharacteristic,elements/LC_Characteristic[LC_FloristicAspectSpecies]/species_name,,,Salix sp,,,,,
L20,class,1F,FP_ma,Vegetation for shelter and shade,,,,,,class_name,,,Vegetation for shelter and shade,,,,,
L20,class,1F,FP_ma,Vegetation for shelter and shade,,,,,,class_description,,,Describe the land cover class,,,,,
L20,class,1F,FP_ma,Vegetation for shelter and shade,,,,,,class_map_code,,,FP_ma,,,,,
L20,class,1F,FP_ma,Vegetation for shelter and shade,,,,,,uuid,,,b5f80044-103d-11ea-af90-c8d9d27fd88c,,,,,
L20,hp,1F,FP_ma,Vegetation for shelter and shade,20,,,,,name,,,Horizontal Pattern 1,,,,,
L20,hp,1F,FP_ma,Vegetation for shelter and shade,20,,,,,description,,,Describe the horizontal pattern,,,,,
L20,stratum,1F,FP_ma,Vegetation for shelter and shade,20,21,,,,name,,,Stratum 1,,,,,
L20,stratum,1F,FP_ma,Vegetation for shelter and shade,20,21,,,,description,,,Vegetation 1,,,,,
L20,stratum,1F,FP_ma,Vegetation for shelter and shade,20,21,,,,presence_type,,,Mandatory,,,,,
L20,stratum,1F,FP_ma,Vegetation for shelter and shade,20,21,,,,@ontop,,,0,,,,,
L20,element,1F,FP_ma,Vegetation for shelter and shade,20,21,1,,LC_Tree,lccs3_type,,,LC_Trees,,,,,
L20,element,1F,FP_ma,Vegetation for shelter and shade,20,21,1,,LC_Tree,name,,,Trees,,,,,
L20,element,1F,FP_ma,Vegetation for shelter and shade,20,21,1,,LC_Tree,description,,,Describe a vegetation element of trees type,,,,,
L20,element,1F,FP_ma,Vegetation for shelter and shade,20,21,1,,LC_Tree,cover,30.0,100.0,,,,,,
L20,element,1F,FP_ma,Vegetation for shelter and shade,20,21,1,,LC_Tree,presence_type,,,Mandatory,,,,,
L20,element,1F,FP_ma,Vegetation for shelter and shade,20,21,1,,LC_Tree,LC_WoodyGrowthLeafPhenology[LC_WoodyGrowthLeafPhenology]/name,,,Woody Growth Leaf Phenology,,,,,
L20,element,1F,FP_ma,Vegetation for shelter and shade,20,21,1,,LC_Tree,LC_WoodyGrowthLeafPhenology[LC_WoodyGrowthLeafPhenology]/description,,,Contains the elements of Woody Growth Leaf Phenology,,,,,
L20,element,1F,FP_ma,Vegetation for shelter and shade,20,21,1,,LC_Tree,LC_WoodyGrowthLeafPhenology[LC_WoodyGrowthLeafPhenology]/elements/LC_WoodyLeafPhenology[LC_Evergreen]/name,,,Evergreen,,,,,
L20,element,1F,FP_ma,Vegetation for shelter and shade,20,21,1,,LC_Tree,LC_WoodyGrowthLeafPhenology[LC_WoodyGrowthLeafPhenology]/elements/LC_WoodyLeafPhenology[LC_Evergreen]/description,,,Describe an Evergreen leaf phenology element,,,,,
L20,element,1F,FP_ma,Vegetation for shelter and shade,20,21,1,,LC_Tree,height,3.0,30.0,,,,,,
L20,characteristic,1F,FP_ma,Vegetation for shelter and shade,20,21,1,1,LC_CultivatedAndManagedVegetationCharacteristics,lccs3_type,,,LC_CultivatedAndManagedVegetation,,,,,
L20,characteristic,1F,FP_ma,Vegetation for shelter and shade,20,21,1,1,LC_CultivatedAndManagedVegetationCharacteristics,name,,,Cultivated And Managed Vegetation,,,,,
L20,characteristic,1F,FP_ma,Vegetation for shelter and shade,20,21,1,1,LC_CultivatedAndManagedVegetationCharacteristics,description,,,Describe the cultivated and managed vegetation,,,,,
L20,characteristic,1F,FP_ma,Vegetation for shelter and shade,20,21,1,1,LC_CultivatedAndManagedVegetationCharacteristics,elements/LC_Characteristic[LC_ForestPlantation]/name,,,Forest Plantation,,,,,
L20,characteristic,1F,FP_ma,Vegetation for shelter and shade,20,21,1,1,LC_CultivatedAndManagedVegetationCharacteristics,elements/LC_Characteristic[LC_ForestPlantation]/description,,,Describe the forest plantation,,,,,
L20,characteristic,1F,FP_ma,Vegetation for shelter and shade,20,21,1,1,LC_CultivatedAndManagedVegetationCharacteristics,elements/LC_Characteristic[LC_FieldSize]/name,,,Field Size,,,,,
L20,characteristic,1F,FP_ma,Vegetation for shelter and shade,20,21,1,1,LC_CultivatedAndManagedVegetationCharacteristics,elements/LC_Characteristic[LC_FieldSize]/description,,,Describe the field size,,,,,
L20,characteristic,1F,FP_ma,Vegetation for shelter and shade,20,21,1,1,LC_CultivatedAndManagedVegetationCharacteristics,elements/LC_Characteristic[LC_FieldSize]/size,0.0,5.0,,,,,,
L20,characteristic,1F,FP_ma,Vegetation for shelter and shade,20,21,1,2,LC_FloristicAspectsCharacteristic,lccs3_type,,,LC_FloristicAspect,,,,,
L20,characteristic,1F,FP_ma,Vegetation for shelter and shade,20,21,1,2,LC_FloristicAspectsCharacteristic,name,,,Floristic Aspect,,,,,
L20,characteristic,1F,FP_ma,Vegetation for shelter and shade,20,21,1,2,LC_FloristicAspectsCharacteristic,description,,,Describe the floristic aspect,,,,,
L20,characteristic,1F,FP_ma,Vegetation for shelter and shade,20,21,1,2,LC_FloristicAspectsCharacteristic,elements/LC_Characteristic[LC_FloristicAspectSpecies]/name,,,Floristic Aspect Species,,,,,
L20,characteristic,1F,FP_ma,Vegetation for shelter and shade,20,21,1,2,LC_FloristicAspectsCharacteristic,elements/LC_Characteristic[LC_FloristicAspectSpecies]/description,,,Describe the floristic aspect species,,,,,
L20,characteristic,1F,FP_ma,Vegetation for shelter and shade,20,21,1,2,LC_FloristicAspectsCharacteristic,elements/LC_Characteristic[LC_FloristicAspectSpecies]/species_name,,,Eucalypt,,,,,
L20,class,28,FP_mx,Mixed forest plantation,,,,,,class_name,,,Mixed forest plantation,,,,,
L20,class,28,FP_mx,Mixed forest plantation,,,,,,class_description,,,Describe the land cover class,,,,,
L20,class,28,FP_mx,Mixed forest plantation,,,,,,class_map_code,,,FP_mx,,,,,
L20,class,28,FP_mx,Mixed forest plantation,,,,,,uuid,,,f67406f4-103d-11ea-af90-c8d9d27fd88c,,,,,
L20,hp,28,FP_mx,Mixed forest plantation,29,,,,,name,,,Horizontal Pattern 1,,,,,
L20,hp,28,FP_mx,Mixed forest plantation,29,,,,,description,,,Describe the horizontal pattern,,,,,
L20,stratum,28,FP_mx,Mixed forest plantation,29,2A,,,,name,,,Stratum 1,,,,,
L20,stratum,28,FP_mx,Mixed forest plantation,29,2A,,,,description,,,Vegetation 1,,,,,
L20,stratum,28,FP_mx,Mixed forest plantation,29,2A,,,,presence_type,,,Mandatory,,,,,
L20,stratum,28,FP_mx,Mixed forest plantation,29,2A,,,,@ontop,,,0,,,,,
L20,element,28,FP_mx,Mixed forest plantation,29,2A,1,,LC_Tree,lccs3_type,,,LC_Trees,,,,,
L20,element,28,FP_mx,Mixed forest plantation,29,2A,1,,LC_Tree,name,,,Trees,,,,,
L20,element,28,FP_mx,Mixed forest plantation,29,2A,1,,LC_Tree,description,,,Describe a vegetation element of trees type,,,,,
L20,element,28,FP_mx,Mixed forest plantation,29,2A,1,,LC_Tree,cover,30.0,100.0,,,,,,
L20,element,28,FP_mx,Mixed forest plantation,29,2A,1,,LC_Tree,presence_type,,,Mandatory,,,,,
L20,element,28,FP_mx,Mixed forest plantation,29,2A,1,,LC_Tree,LC_WoodyGrowthLeafPhenology[LC_WoodyGrowthLeafPhenology]/name,,,Woody Growth Leaf Phenology,,,,,
L20,element,28,FP_mx,Mixed forest plantation,29,2A,1,,LC_Tree,LC_WoodyGrowthLeafPhenology[LC_WoodyGrowthLeafPhenology]/description,,,Contains the elements of Woody Growth Leaf Phenology,,,,,
L20,element,28,FP_mx,Mixed forest plantation,29,2A,1,,LC_Tree,LC_WoodyGrowthLeafPhenology[LC_WoodyGrowthLeafPhenology]/elements/LC_WoodyLeafPhenology[LC_Evergreen]/name,,,Evergreen,,,,,
L20,element,28,FP_mx,Mixed forest plantation,29,2A,1,,LC_Tree,LC_WoodyGrowthLeafPhenology[LC_WoodyGrowthLeafPhenology]/elements/LC_WoodyLeafPhenology[LC_Evergreen]/description,,,Describe an Evergreen leaf phenology element,,,,,
L20,element,28,FP_mx,Mixed forest plantation,29,2A,1,,LC_Tree,height,3.0,30.0,,,,,,
L20,characteristic,28,FP_mx,Mixed forest plantation,29,2A,1,1,LC_CultivatedAndManagedVegetationCharacteristics,lccs3_type,,,LC_CultivatedAndManagedVegetation,,,,,
L20,characteristic,28,FP_mx,Mixed forest plantation,29,2A,1,1,LC_CultivatedAndManagedVegetationCharacteristics,name,,,Cultivated And Managed Vegetation,,,,,
L20,characteristic,28,FP_mx,Mixed forest plantation,29,2A,1,1,LC_CultivatedAndManagedVegetationCharacteristics,description,,,Describe the cultivated and managed vegetation,,,,,
L20,characteristic,28,FP_mx,Mixed forest plantation,29,2A,1,1,LC_CultivatedAndManagedVegetationCharacteristics,elements/LC_Characteristic[LC_ForestPlantation]/name,,,Forest Plantation,,,,,
L20,characteristic,28,FP_mx,Mixed forest plantation,29,2A,1,1,LC_CultivatedAndManagedVegetationCharacteristics,elements/LC_Characteristic[LC_ForestPlantation]/description,,,Describe the forest plantation,,,,,
L20,characteristic,28,FP_mx,Mixed forest plantation,29,2A,1,1,LC_CultivatedAndManagedVegetationCharacteristics,elements/LC_Characteristic[LC_FieldSize]/name,,,Field Size,,,,,
L20,characteristic,28,FP_mx,Mixed forest plantation,29,2A,1,1,LC_CultivatedAndManagedVegetationCharacteristics,elements/LC_Characteristic[LC_FieldSize]/description,,,Describe the field size,,,,,
L20,characteristic,28,FP_mx,Mixed forest plantation,29,2A,1,1,LC_CultivatedAndManagedVegetationCharacteristics,elements/LC_Characteristic[LC_FieldSize]/size,5.0,100.0,,,,,,
L20,class,2F,Mn,Native forest (40-100%),,,,,,class_name,,,Native forest (40-100%),,,,,
L20,class,2F,Mn,Native forest (40-100%),,,,,,class_description,,,Describe the land cover class,,,,,
L20,class,2F,Mn,Native forest (40-100%),,,,,,class_map_code,,,Mn,,,,,
L20,class,2F,Mn,Native forest (40-100%),,,,,,uuid,,,41a06970-103e-11ea-af90-c8d9d27fd88c,,,,,
L20,hp,2F,Mn,Native forest (40-100%),30,,,,,name,,,Horizontal Pattern 1,,,,,
L20,hp,2F,Mn,Native forest (40-100%),30,,,,,description,,,Describe the horizontal pattern,,,,,
L20,stratum,2F,Mn,Native forest (40-100%),30,31,,,,name,,,Stratum 1,,,,,
L20,stratum,2F,Mn,Native forest (40-100%),30,31,,,,description,,,Vegetation 1,,,,,
L20,stratum,2F,Mn,Native forest (40-100%),30,31,,,,presence_type,,,Mandatory,,,,,
L20,stratum,2F,Mn,Native forest (40-100%),30,31,,,,@ontop,,,0,,,,,
L20,element,2F,Mn,Native forest (40-100%),30,31,1,,LC_Tree,lccs3_type,,,LC_Trees,,,,,
L20,element,2F,Mn,Native forest (40-100%),30,31,1,,LC_Tree,name,,,Trees,,,,,
L20,element,2F,Mn,Native forest (40-100%),30,31,1,,LC_Tree,description,,,Describe a vegetation element of trees type,,,,,
L20,element,2F,Mn,Native forest (40-100%),30,31,1,,LC_Tree,cover,40.0,100.0,,,,,,
L20,element,2F,Mn,Native forest (40-100%),30,31,1,,LC_Tree,presence_type,,,Mandatory,,,,,
L20,element,2F,Mn,Native forest (40-100%),30,31,1,,LC_Tree,LC_WoodyGrowthLeafPhenology[LC_WoodyGrowthLeafPhenology]/name,,,Woody Growth Leaf Phenology,,,,,
L20,element,2F,Mn,Native forest (40-100%),30,31,1,,LC_Tree,LC_WoodyGrowthLeafPhenology[LC_WoodyGrowthLeafPhenology]/description,,,Contains the elements of Woody Growth Leaf Phenology,,,,,
L20,element,2F,Mn,Native forest (40-100%),30,31,1,,LC_Tree,LC_WoodyGrowthLeafPhenology[LC_WoodyGrowthLeafPhenology]/elements/LC_WoodyLeafPhenology[LC_Evergreen]/name,,,Evergreen,,,,,
L20,element,2F,Mn,Native forest (40-100%),30,31,1,,LC_Tree,LC_WoodyGrowthLeafPhenology[LC_WoodyGrowthLeafPhenology]/elements/LC_WoodyLeafPhenology[LC_Evergreen]/description,,,Describe an Evergreen leaf phenology element,,,,,
L20,element,2F,Mn,Native forest (40-100%),30,31,1,,LC_Tree,LC_WoodyGrowthLeafPhenology[LC_WoodyGrowthLeafPhenology]/elements/LC_WoodyLeafPhenology[LC_Evergreen]/percentage,50.0,50.0,,,,,,
L20,characteristic,2F,Mn,Native forest (40-100%),30,31,1,1,LC_VegetationArtificialityCharacteristic,lccs3_type,,,LC_NaturalOrSeminaturalVegetation,,,,,value: Natural or Seminatural
L20,characteristic,2F,Mn,Native forest (40-100%),30,31,1,1,LC_VegetationArtificialityCharacteristic,name,,,Natural Or Seminatural Vegetation,,,,,
L20,characteristic,2F,Mn,Native forest (40-100%),30,31,1,1,LC_VegetationArtificialityCharacteristic,description,,,Describe the natural or seminatural vegetation,,,,,
L20,element,2F,Mn,Native forest (40-100%),30,31,2,,LC_Shrub,lccs3_type,,,LC_Shrubs,,,,,
L20,element,2F,Mn,Native forest (40-100%),30,31,2,,LC_Shrub,name,,,Shrubs,,,,,
L20,element,2F,Mn,Native forest (40-100%),30,31,2,,LC_Shrub,description,,,Describe a vegetation element of shrubs type,,,,,
L20,element,2F,Mn,Native forest (40-100%),30,31,2,,LC_Shrub,cover,15.0,100.0,,,,,,
L20,element,2F,Mn,Native forest (40-100%),30,31,2,,LC_Shrub,presence_type,,,Optional,,,,,
L20,element,2F,Mn,Native forest (40-100%),30,31,2,,LC_Shrub,height,0.3,5.0,,,,,,
L20,characteristic,2F,Mn,Native forest (40-100%),30,31,2,1,LC_VegetationArtificialityCharacteristic,lccs3_type,,,LC_NaturalOrSeminaturalVegetation,,,,,value: Natural or Seminatural
L20,characteristic,2F,Mn,Native forest (40-100%),30,31,2,1,LC_VegetationArtificialityCharacteristic,name,,,Natural Or Seminatural Vegetation,,,,,
L20,characteristic,2F,Mn,Native forest (40-100%),30,31,2,1,LC_VegetationArtificialityCharacteristic,description,,,Describe the natural or seminatural vegetation,,,,,
L20,class,38,Pa,Palm trees,,,,,,class_name,,,Palm trees,,,,,
L20,class,38,Pa,Palm trees,,,,,,class_description,,,Describe the land cover class,,,,,
L20,class,38,Pa,Palm trees,,,,,,class_map_code,,,Pa,,,,,
L20,class,38,Pa,Palm trees,,,,,,uuid,,,c7bd56c0-103f-11ea-af90-c8d9d27fd88c,,,,,
L20,hp,38,Pa,Palm trees,39,,,,,name,,,Horizontal Pattern 1,,,,,
L20,hp,38,Pa,Palm trees,39,,,,,description,,,Describe the horizontal pattern,,,,,
L20,stratum,38,Pa,Palm trees,39,3A,,,,name,,,Stratum 1,,,,,
L20,stratum,38,Pa,Palm trees,39,3A,,,,description,,,Vegetation 1,,,,,
L20,stratum,38,Pa,Palm trees,39,3A,,,,presence_type,,,Mandatory,,,,,
L20,stratum,38,Pa,Palm trees,39,3A,,,,@ontop,,,0,,,,,
L20,element,38,Pa,Palm trees,39,3A,1,,LC_Tree,lccs3_type,,,LC_Trees,,,,,
L20,element,38,Pa,Palm trees,39,3A,1,,LC_Tree,name,,,Trees,,,,,
L20,element,38,Pa,Palm trees,39,3A,1,,LC_Tree,description,,,Describe a vegetation element of trees type,,,,,
L20,element,38,Pa,Palm trees,39,3A,1,,LC_Tree,cover,65.0,100.0,,,,,,
L20,element,38,Pa,Palm trees,39,3A,1,,LC_Tree,presence_type,,,Mandatory,,,,,
L20,element,38,Pa,Palm trees,39,3A,1,,LC_Tree,LC_WoodyGrowthLeafPhenology[LC_WoodyGrowthLeafPhenology]/name,,,Woody Growth Leaf Phenology,,,,,
L20,element,38,Pa,Palm trees,39,3A,1,,LC_Tree,LC_WoodyGrowthLeafPhenology[LC_WoodyGrowthLeafPhenology]/description,,,Contains the elements of Woody Growth Leaf Phenology,,,,,
L20,element,38,Pa,Palm trees,39,3A,1,,LC_Tree,LC_WoodyGrowthLeafPhenology[LC_WoodyGrowthLeafPhenology]/elements/LC_WoodyLeafPhenology[LC_Evergreen]/name,,,Evergreen,,,,,
L20,element,38,Pa,Palm trees,39,3A,1,,LC_Tree,LC_WoodyGrowthLeafPhenology[LC_WoodyGrowthLeafPhenology]/elements/LC_WoodyLeafPhenology[LC_Evergreen]/description,,,Describe an Evergreen leaf phenology element,,,,,
L20,element,38,Pa,Palm trees,39,3A,1,,LC_Tree,LC_WoodyGrowthLeafType[LC_WoodyGrowthLeafType]/name,,,Woody Growth Leaf Type,,,,,
L20,element,38,Pa,Palm trees,39,3A,1,,LC_Tree,LC_WoodyGrowthLeafType[LC_WoodyGrowthLeafType]/description,,,Contains the elements of Woody Growth Leaf Type,,,,,
L20,element,38,Pa,Palm trees,39,3A,1,,LC_Tree,LC_WoodyGrowthLeafType[LC_WoodyGrowthLeafType]/elements/LC_WoodyLeafType[LC_Broadleaved]/name,,,Broadleaved,,,,,
L20,element,38,Pa,Palm trees,39,3A,1,,LC_Tree,LC_WoodyGrowthLeafType[LC_WoodyGrowthLeafType]/elements/LC_WoodyLeafType[LC_Broadleaved]/description,,,Describe a Broadleaved type element,,,,,
L20,element,38,Pa,Palm trees,39,3A,1,,LC_Tree,height,3.0,30.0,,,,,,
L20,characteristic,38,Pa,Palm trees,39,3A,1,1,LC_VegetationArtificialityCharacteristic,lccs3_type,,,LC_NaturalOrSeminaturalVegetation,,,,,value: Natural or Seminatural
L20,characteristic,38,Pa,Palm trees,39,3A,1,1,LC_VegetationArtificialityCharacteristic,name,,,Natural Or Seminatural Vegetation,,,,,
L20,characteristic,38,Pa,Palm trees,39,3A,1,1,LC_VegetationArtificialityCharacteristic,description,,,Describe the natural or seminatural vegetation,,,,,
L20,class,41,Mn_p,Native park forest,,,,,,class_name,,,Native park forest,,,,,
L20,class,41,Mn_p,Native park forest,,,,,,class_description,,,Describe the land cover class,,,,,
L20,class,41,Mn_p,Native park forest,,,,,,class_map_code,,,Mn_p,,,,,
L20,class,41,Mn_p,Native park forest,,,,,,uuid,,,4da12820-1040-11ea-af90-c8d9d27fd88c,,,,,
L20,hp,41,Mn_p,Native park forest,42,,,,,name,,,Horizontal Pattern 1,,,,,
L20,hp,41,Mn_p,Native park forest,42,,,,,description,,,Describe the horizontal pattern,,,,,
L20,stratum,41,Mn_p,Native park forest,42,43,,,,name,,,Stratum 1,,,,,
L20,stratum,41,Mn_p,Native park forest,42,43,,,,description,,,Vegetation 1,,,,,
L20,stratum,41,Mn_p,Native park forest,42,43,,,,presence_type,,,Mandatory,,,,,
L20,stratum,41,Mn_p,Native park forest,42,43,,,,@ontop,,,0,,,,,
L20,element,41,Mn_p,Native park forest,42,43,1,,LC_Tree,lccs3_type,,,LC_Trees,,,,,
L20,element,41,Mn_p,Native park forest,42,43,1,,LC_Tree,name,,,Trees,,,,,
L20,element,41,Mn_p,Native park forest,42,43,1,,LC_Tree,description,,,Describe a vegetation element of trees type,,,,,
L20,element,41,Mn_p,Native park forest,42,43,1,,LC_Tree,cover,15.0,40.0,,,,,,
L20,element,41,Mn_p,Native park forest,42,43,1,,LC_Tree,presence_type,,,Mandatory,,,,,
L20,characteristic,41,Mn_p,Native park forest,42,43,1,1,LC_VegetationArtificialityCharacteristic,lccs3_type,,,LC_NaturalOrSeminaturalVegetation,,,,,value: Natural or Seminatural
L20,characteristic,41,Mn_p,Native park forest,42,43,1,1,LC_VegetationArtificialityCharacteristic,name,,,Natural Or Seminatural Vegetation,,,,,
L20,characteristic,41,Mn_p,Native park forest,42,43,1,1,LC_VegetationArtificialityCharacteristic,description,,,Describe the natural or seminatural vegetation,,,,,
L20,stratum,41,Mn_p,Native park forest,42,46,,,,name,,,Stratum 2,,,,,
L20,stratum,41,Mn_p,Native park forest,42,46,,,,description,,,Vegetation 2,,,,,
L20,stratum,41,Mn_p,Native park forest,42,46,,,,presence_type,,,Mandatory,,,,,
L20,stratum,41,Mn_p,Native park forest,42,46,,,,@ontop,,,0,,,,,
L20,element,41,Mn_p,Native park forest,42,46,1,,LC_Graminoid,lccs3_type,,,LC_Graminae,,,,,
L20,element,41,Mn_p,Native park forest,42,46,1,,LC_Graminoid,name,,,Graminae,,,,,
L20,element,41,Mn_p,Native park forest,42,46,1,,LC_Graminoid,description,,,Describe a vegetation element of graminae type,,,,,
L20,element,41,Mn_p,Native park forest,42,46,1,,LC_Graminoid,cover,80.0,100.0,,,,,,
L20,element,41,Mn_p,Native park forest,42,46,1,,LC_Graminoid,presence_type,,,Mandatory,,,,,
L20,characteristic,41,Mn_p,Native park forest,42,46,1,1,LC_VegetationArtificialityCharacteristic,lccs3_type,,,LC_NaturalOrSeminaturalVegetation,,,,,value: Natural or Seminatural
L20,characteristic,41,Mn_p,Native park forest,42,46,1,1,LC_VegetationArtificialityCharacteristic,name,,,Natural Or Seminatural Vegetation,,,,,
L20,characteristic,41,Mn_p,Native park forest,42,46,1,1,LC_VegetationArtificialityCharacteristic,description,,,Describe the natural or seminatural vegetation,,,,,
L20,class,49,Ar_c,Shrubs land,,,,,,class_name,,,Shrubs land,,,,,
L20,class,49,Ar_c,Shrubs land,,,,,,class_description,,,Describe the land cover class,,,,,
L20,class,49,Ar_c,Shrubs land,,,,,,class_map_code,,,Ar_c,,,,,
L20,class,49,Ar_c,Shrubs land,,,,,,uuid,,,07d1cc90-1041-11ea-af90-c8d9d27fd88c,,,,,
L20,hp,49,Ar_c,Shrubs land,4A,,,,,name,,,Horizontal Pattern 1,,,,,
L20,hp,49,Ar_c,Shrubs land,4A,,,,,description,,,Describe the horizontal pattern,,,,,
L20,stratum,49,Ar_c,Shrubs land,4A,4B,,,,name,,,Stratum 1,,,,,
L20,stratum,49,Ar_c,Shrubs land,4A,4B,,,,description,,,Vegetation 1,,,,,
L20,stratum,49,Ar_c,Shrubs land,4A,4B,,,,presence_type,,,Mandatory,,,,,
L20,stratum,49,Ar_c,Shrubs land,4A,4B,,,,@ontop,,,0,,,,,
L20,element,49,Ar_c,Shrubs land,4A,4B,1,,LC_Shrub,lccs3_type,,,LC_Shrubs,,,,,
L20,element,49,Ar_c,Shrubs land,4A,4B,1,,LC_Shrub,name,,,Shrubs,,,,,
L20,element,49,Ar_c,Shrubs land,4A,4B,1,,LC_Shrub,description,,,Describe a vegetation element of shrubs type,,,,,
L20,element,49,Ar_c,Shrubs land,4A,4B,1,,LC_Shrub,cover,65.0,100.0,,,,,,
L20,element,49,Ar_c,Shrubs land,4A,4B,1,,LC_Shrub,presence_type,,,Mandatory,,,,,
L20,element,49,Ar_c,Shrubs land,4A,4B,1,,LC_Shrub,height,0.3,3.0,,,,,,
L20,characteristic,49,Ar_c,Shrubs land,4A,4B,1,1,LC_VegetationArtificialityCharacteristic,lccs3_type,,,LC_NaturalOrSeminaturalVegetation,,,,,value: Natural or Seminatural
L20,characteristic,49,Ar_c,Shrubs land,4A,4B,1,1,LC_VegetationArtificialityCharacteristic,name,,,Natural Or Seminatural Vegetation,,,,,
L20,characteristic,49,Ar_c,Shrubs land,4A,4B,1,1,LC_VegetationArtificialityCharacteristic,description,,,Describe the natural or seminatural vegetation,,,,,
L20,stratum,49,Ar_c,Shrubs land,4A,4E,,,,name,,,Stratum 2,,,,,
L20,stratum,49,Ar_c,Shrubs land,4A,4E,,,,description,,,Vegetation 2,,,,,
L20,stratum,49,Ar_c,Shrubs land,4A,4E,,,,presence_type,,,Mandatory,,,,,
L20,stratum,49,Ar_c,Shrubs land,4A,4E,,,,@ontop,,,0,,,,,
L20,element,49,Ar_c,Shrubs land,4A,4E,1,,LC_HerbaceousGrowthForm,lccs3_type,,,LC_HerbaceousGrowthForms,,,,,
L20,element,49,Ar_c,Shrubs land,4A,4E,1,,LC_HerbaceousGrowthForm,name,,,Herbaceous growth forms,,,,,
L20,element,49,Ar_c,Shrubs land,4A,4E,1,,LC_HerbaceousGrowthForm,description,,,Describe a vegetation element of herbaceous growth form type,,,,,
L20,element,49,Ar_c,Shrubs land,4A,4E,1,,LC_HerbaceousGrowthForm,cover,0.0,35.0,,,,,,
L20,element,49,Ar_c,Shrubs land,4A,4E,1,,LC_HerbaceousGrowthForm,presence_type,,,Mandatory,,,,,
L20,characteristic,49,Ar_c,Shrubs land,4A,4E,1,1,LC_VegetationArtificialityCharacteristic,lccs3_type,,,LC_NaturalOrSeminaturalVegetation,,,,,value: Natural or Seminatural
L20,characteristic,49,Ar_c,Shrubs land,4A,4E,1,1,LC_VegetationArtificialityCharacteristic,name,,,Natural Or Seminatural Vegetation,,,,,
L20,characteristic,49,Ar_c,Shrubs land,4A,4E,1,1,LC_VegetationArtificialityCharacteristic,description,,,Describe the natural or seminatural vegetation,,,,,
L20,class,51,Ar_p,Shrubs with grassland,,,,,,class_name,,,Shrubs with grassland,,,,,
L20,class,51,Ar_p,Shrubs with grassland,,,,,,class_description,,,Describe the land cover class,,,,,
L20,class,51,Ar_p,Shrubs with grassland,,,,,,class_map_code,,,Ar_p,,,,,
L20,class,51,Ar_p,Shrubs with grassland,,,,,,uuid,,,ebce35a3-1041-11ea-af90-c8d9d27fd88c,,,,,
L20,hp,51,Ar_p,Shrubs with grassland,52,,,,,name,,,Horizontal Pattern 1,,,,,
L20,hp,51,Ar_p,Shrubs with grassland,52,,,,,description,,,Describe the horizontal pattern,,,,,
L20,stratum,51,Ar_p,Shrubs with grassland,52,53,,,,name,,,Stratum 1,,,,,
L20,stratum,51,Ar_p,Shrubs with grassland,52,53,,,,description,,,Vegetation 1,,,,,
L20,stratum,51,Ar_p,Shrubs with grassland,52,53,,,,presence_type,,,Mandatory,,,,,
L20,stratum,51,Ar_p,Shrubs with grassland,52,53,,,,@ontop,,,0,,,,,
L20,element,51,Ar_p,Shrubs with grassland,52,53,1,,LC_Shrub,lccs3_type,,,LC_Shrubs,,,,,
L20,element,51,Ar_p,Shrubs with grassland,52,53,1,,LC_Shrub,name,,,Shrubs,,,,,
L20,element,51,Ar_p,Shrubs with grassland,52,53,1,,LC_Shrub,description,,,Describe a vegetation element of shrubs type,,,,,
L20,element,51,Ar_p,Shrubs with grassland,52,53,1,,LC_Shrub,cover,15.0,65.0,,,,,,
L20,element,51,Ar_p,Shrubs with grassland,52,53,1,,LC_Shrub,presence_type,,,Mandatory,,,,,
L20,element,51,Ar_p,Shrubs with grassland,52,53,1,,LC_Shrub,height,0.3,3.0,,,,,,
L20,characteristic,51,Ar_p,Shrubs with grassland,52,53,1,1,LC_VegetationArtificialityCharacteristic,lccs3_type,,,LC_NaturalOrSeminaturalVegetation,,,,,value: Natural or Seminatural
L20,characteristic,51,Ar_p,Shrubs with grassland,52,53,1,1,LC_VegetationArtificialityCharacteristic,name,,,Natural Or Seminatural Vegetation,,,,,
L20,characteristic,51,Ar_p,Shrubs with grassland,52,53,1,1,LC_VegetationArtificialityCharacteristic,description,,,Describe the natural or seminatural vegetation,,,,,
L20,stratum,51,Ar_p,Shrubs with grassland,52,56,,,,name,,,Stratum 2,,,,,
L20,stratum,51,Ar_p,Shrubs with grassland,52,56,,,,description,,,Vegetation 2,,,,,
L20,stratum,51,Ar_p,Shrubs with grassland,52,56,,,,presence_type,,,Mandatory,,,,,
L20,stratum,51,Ar_p,Shrubs with grassland,52,56,,,,@ontop,,,0,,,,,
L20,element,51,Ar_p,Shrubs with grassland,52,56,1,,LC_HerbaceousGrowthForm,lccs3_type,,,LC_HerbaceousGrowthForms,,,,,
L20,element,51,Ar_p,Shrubs with grassland,52,56,1,,LC_HerbaceousGrowthForm,name,,,Herbaceous growth forms,,,,,
L20,element,51,Ar_p,Shrubs with grassland,52,56,1,,LC_HerbaceousGrowthForm,description,,,Describe a vegetation element of herbaceous growth form type,,,,,
L20,element,51,Ar_p,Shrubs with grassland,52,56,1,,LC_HerbaceousGrowthForm,cover,0.0,85.0,,,,,,
L20,element,51,Ar_p,Shrubs with grassland,52,56,1,,LC_HerbaceousGrowthForm,presence_type,,,Mandatory,,,,,
L20,characteristic,51,Ar_p,Shrubs with grassland,52,56,1,1,LC_VegetationArtificialityCharacteristic,lccs3_type,,,LC_NaturalOrSeminaturalVegetation,,,,,value: Natural or Seminatural
L20,characteristic,51,Ar_p,Shrubs with grassland,52,56,1,1,LC_VegetationArtificialityCharacteristic,name,,,Natural Or Seminatural Vegetation,,,,,
L20,characteristic,51,Ar_p,Shrubs with grassland,52,56,1,1,LC_VegetationArtificialityCharacteristic,description,,,Describe the natural or seminatural vegetation,,,,,
L20,class,59,He_ar,Grassland with scattered bushes,,,,,,class_name,,,Grassland with scattered bushes,,,,,
L20,class,59,He_ar,Grassland with scattered bushes,,,,,,class_description,,,Describe the land cover class,,,,,
L20,class,59,He_ar,Grassland with scattered bushes,,,,,,class_map_code,,,He_ar,,,,,
L20,class,59,He_ar,Grassland with scattered bushes,,,,,,uuid,,,2eb7e0f3-1042-11ea-af90-c8d9d27fd88c,,,,,
L20,hp,59,He_ar,Grassland with scattered bushes,5A,,,,,name,,,Horizontal Pattern 1,,,,,
L20,hp,59,He_ar,Grassland with scattered bushes,5A,,,,,description,,,Describe the horizontal pattern,,,,,
L20,stratum,59,He_ar,Grassland with scattered bushes,5A,5B,,,,name,,,Stratum 1,,,,,
L20,stratum,59,He_ar,Grassland with scattered bushes,5A,5B,,,,description,,,Vegetation 1,,,,,
L20,stratum,59,He_ar,Grassland with scattered bushes,5A,5B,,,,presence_type,,,Mandatory,,,,,
L20,stratum,59,He_ar,Grassland with scattered bushes,5A,5B,,,,@ontop,,,0,,,,,
L20,element,59,He_ar,Grassland with scattered bushes,5A,5B,1,,LC_Shrub,lccs3_type,,,LC_Shrubs,,,,,
L20,element,59,He_ar,Grassland with scattered bushes,5A,5B,1,,LC_Shrub,name,,,Shrubs,,,,,
L20,element,59,He_ar,Grassland with scattered bushes,5A,5B,1,,LC_Shrub,description,,,Describe a vegetation element of shrubs type,,,,,
L20,element,59,He_ar,Grassland with scattered bushes,5A,5B,1,,LC_Shrub,cover,0.0,15.0,,,,,,
L20,element,59,He_ar,Grassland with scattered bushes,5A,5B,1,,LC_Shrub,presence_type,,,Mandatory,,,,,
L20,element,59,He_ar,Grassland with scattered bushes,5A,5B,1,,LC_Shrub,height,0.3,5.0,,,,,,
L20,characteristic,59,He_ar,Grassland with scattered bushes,5A,5B,1,1,LC_VegetationArtificialityCharacteristic,lccs3_type,,,LC_NaturalOrSeminaturalVegetation,,,,,value: Natural or Seminatural
L20,characteristic,59,He_ar,Grassland with scattered bushes,5A,5B,1,1,LC_VegetationArtificialityCharacteristic,name,,,Natural Or Seminatural Vegetation,,,,,
L20,characteristic,59,He_ar,Grassland with scattered bushes,5A,5B,1,1,LC_VegetationArtificialityCharacteristic,description,,,Describe the natural or seminatural vegetation,,,,,
L20,stratum,59,He_ar,Grassland with scattered bushes,5A,5E,,,,name,,,Stratum 2,,,,,
L20,stratum,59,He_ar,Grassland with scattered bushes,5A,5E,,,,description,,,Vegetation 2,,,,,
L20,stratum,59,He_ar,Grassland with scattered bushes,5A,5E,,,,presence_type,,,Mandatory,,,,,
L20,stratum,59,He_ar,Grassland with scattered bushes,5A,5E,,,,@ontop,,,0,,,,,
L20,element,59,He_ar,Grassland with scattered bushes,5A,5E,1,,LC_HerbaceousGrowthForm,lccs3_type,,,LC_HerbaceousGrowthForms,,,,,
L20,element,59,He_ar,Grassland with scattered bushes,5A,5E,1,,LC_HerbaceousGrowthForm,name,,,Herbaceous growth forms,,,,,
L20,element,59,He_ar,Grassland with scattered bushes,5A,5E,1,,LC_HerbaceousGrowthForm,description,,,Describe a vegetation element of herbaceous growth form type,,,,,
L20,element,59,He_ar,Grassland with scattered bushes,5A,5E,1,,LC_HerbaceousGrowthForm,cover,15.0,100.0,,,,,,
L20,element,59,He_ar,Grassland with scattered bushes,5A,5E,1,,LC_HerbaceousGrowthForm,presence_type,,,Mandatory,,,,,
L20,characteristic,59,He_ar,Grassland with scattered bushes,5A,5E,1,1,LC_VegetationArtificialityCharacteristic,lccs3_type,,,LC_NaturalOrSeminaturalVegetation,,,,,value: Natural or Seminatural
L20,characteristic,59,He_ar,Grassland with scattered bushes,5A,5E,1,1,LC_VegetationArtificialityCharacteristic,name,,,Natural Or Seminatural Vegetation,,,,,
L20,characteristic,59,He_ar,Grassland with scattered bushes,5A,5E,1,1,LC_VegetationArtificialityCharacteristic,description,,,Describe the natural or seminatural vegetation,,,,,
L20,class,61,He_ps,Psamophilic forest,,,,,,class_name,,,Psamophilic forest,,,,,
L20,class,61,He_ps,Psamophilic forest,,,,,,class_description,,,Describe the land cover class,,,,,
L20,class,61,He_ps,Psamophilic forest,,,,,,class_map_code,,,He_ps,,,,,
L20,class,61,He_ps,Psamophilic forest,,,,,,uuid,,,839ad5f0-1042-11ea-af90-c8d9d27fd88c,,,,,
L20,hp,61,He_ps,Psamophilic forest,62,,,,,name,,,Horizontal Pattern 1,,,,,
L20,hp,61,He_ps,Psamophilic forest,62,,,,,description,,,Describe the horizontal pattern,,,,,
L20,stratum,61,He_ps,Psamophilic forest,62,63,,,,name,,,Stratum 1,,,,,
L20,stratum,61,He_ps,Psamophilic forest,62,63,,,,description,,,Vegetation 1,,,,,
L20,stratum,61,He_ps,Psamophilic forest,62,63,,,,presence_type,,,Mandatory,,,,,
L20,stratum,61,He_ps,Psamophilic forest,62,63,,,,@ontop,,,0,,,,,
L20,element,61,He_ps,Psamophilic forest,62,63,1,,LC_Graminoid,lccs3_type,,,LC_Graminae,,,,,
L20,element,61,He_ps,Psamophilic forest,62,63,1,,LC_Graminoid,name,,,Graminae,,,,,
L20,element,61,He_ps,Psamophilic forest,62,63,1,,LC_Graminoid,description,,,Describe a vegetation element of graminae type,,,,,
L20,element,61,He_ps,Psamophilic forest,62,63,1,,LC_Graminoid,cover,15.0,100.0,,,,,,
L20,element,61,He_ps,Psamophilic forest,62,63,1,,LC_Graminoid,presence_type,,,Mandatory,,,,,
L20,element,61,He_ps,Psamophilic forest,62,63,1,,LC_Graminoid,height,30.0,300.0,,,,,,
L20,characteristic,61,He_ps,Psamophilic forest,62,63,1,1,LC_VegetationArtificialityCharacteristic,lccs3_type,,,LC_NaturalOrSeminaturalVegetation,,,,,value: Natural or Seminatural
L20,characteristic,61,He_ps,Psamophilic forest,62,63,1,1,LC_VegetationArtificialityCharacteristic,name,,,Natural Or Seminatural Vegetation,,,,,
L20,characteristic,61,He_ps,Psamophilic forest,62,63,1,1,LC_VegetationArtificialityCharacteristic,description,,,Describe the natural or seminatural vegetation,,,,,
L20,stratum,61,He_ps,Psamophilic forest,62,11B,,,,name,,,Stratum 2,,,,,
L20,stratum,61,He_ps,Psamophilic forest,62,11B,,,,description,,,Vegetation 2,,,,,
L20,stratum,61,He_ps,Psamophilic forest,62,11B,,,,presence_type,,,Mandatory,,,,,
L20,stratum,61,He_ps,Psamophilic forest,62,11B,,,,@ontop,,,0,,,,,
L20,element,61,He_ps,Psamophilic forest,62,11B,1,,LC_Shrub,lccs3_type,,,LC_Shrubs,,,,,
L20,element,61,He_ps,Psamophilic forest,62,11B,1,,LC_Shrub,name,,,Shrubs,,,,,
L20,element,61,He_ps,Psamophilic forest,62,11B,1,,LC_Shrub,description,,,Describe a vegetation element of shrubs type,,,,,
L20,element,61,He_ps,Psamophilic forest,62,11B,1,,LC_Shrub,cover,40.0,80.0,,,,,,
L20,element,61,He_ps,Psamophilic forest,62,11B,1,,LC_Shrub,presence_type,,,Mandatory,,,,,
L20,element,61,He_ps,Psamophilic forest,62,11B,1,,LC_Shrub,height,0.3,3.0,,,,,,
L20,characteristic,61,He_ps,Psamophilic forest,62,11B,1,1,LC_VegetationArtificialityCharacteristic,lccs3_type,,,LC_NaturalOrSeminaturalVegetation,,,,,value: Natural or Seminatural
L20,characteristic,61,He_ps,Psamophilic forest,62,11B,1,1,LC_VegetationArtificialityCharacteristic,name,,,Natural Or Seminatural Vegetation,,,,,
L20,characteristic,61,He_ps,Psamophilic forest,62,11B,1,1,LC_VegetationArtificialityCharacteristic,description,,,Describe the natural or seminatural vegetation,,,,,
L20,stratum,61,He_ps,Psamophilic forest,62,11D,,,,name,,,Stratum 3,,,,,
L20,stratum,61,He_ps,Psamophilic forest,62,11D,,,,description,,,Vegetation 3,,,,,
L20,stratum,61,He_ps,Psamophilic forest,62,11D,,,,presence_type,,,Mandatory,,,,,
L20,stratum,61,He_ps,Psamophilic forest,62,11D,,,,@ontop,,,0,,,,,
L20,element,61,He_ps,Psamophilic forest,62,11D,1,,LC_Tree,lccs3_type,,,LC_Trees,,,,,
L20,element,61,He_ps,Psamophilic forest,62,11D,1,,LC_Tree,name,,,Trees,,,,,
L20,element,61,He_ps,Psamophilic forest,62,11D,1,,LC_Tree,description,,,Describe a vegetation element of trees type,,,,,
L20,element,61,He_ps,Psamophilic forest,62,11D,1,,LC_Tree,cover,10.0,40.0,,,,,,
L20,element,61,He_ps,Psamophilic forest,62,11D,1,,LC_Tree,presence_type,,,Mandatory,,,,,
L20,element,61,He_ps,Psamophilic forest,62,11D,1,,LC_Tree,LC_WoodyGrowthLeafPhenology[LC_WoodyGrowthLeafPhenology]/name,,,Woody Growth Leaf Phenology,,,,,
L20,element,61,He_ps,Psamophilic forest,62,11D,1,,LC_Tree,LC_WoodyGrowthLeafPhenology[LC_WoodyGrowthLeafPhenology]/description,,,Contains the elements of Woody Growth Leaf Phenology,,,,,
L20,element,61,He_ps,Psamophilic forest,62,11D,1,,LC_Tree,LC_WoodyGrowthLeafPhenology[LC_WoodyGrowthLeafPhenology]/elements/LC_WoodyLeafPhenology[LC_Evergreen]/name,,,Evergreen,,,,,
L20,element,61,He_ps,Psamophilic forest,62,11D,1,,LC_Tree,LC_WoodyGrowthLeafPhenology[LC_WoodyGrowthLeafPhenology]/elements/LC_WoodyLeafPhenology[LC_Evergreen]/description,,,Describe an Evergreen leaf phenology element,,,,,
L20,element,61,He_ps,Psamophilic forest,62,11D,1,,LC_Tree,height,1.0,5.0,,,,,,
L20,characteristic,61,He_ps,Psamophilic forest,62,11D,1,1,LC_VegetationArtificialityCharacteristic,lccs3_type,,,LC_NaturalOrSeminaturalVegetation,,,,,value: Natural or Seminatural
L20,characteristic,61,He_ps,Psamophilic forest,62,11D,1,1,LC_VegetationArtificialityCharacteristic,name,,,Natural Or Seminatural Vegetation,,,,,
L20,characteristic,61,He_ps,Psamophilic forest,62,11D,1,1,LC_VegetationArtificialityCharacteristic,description,,,Describe the natural or seminatural vegetation,,,,,
L20,stratum,61,He_ps,Psamophilic forest,62,66,,,,name,,,Stratum 4,,,,,
L20,stratum,61,He_ps,Psamophilic forest,62,66,,,,description,,,Abiotic surface 4,,,,,
L20,stratum,61,He_ps,Psamophilic forest,62,66,,,,presence_type,,,Mandatory,,,,,
L20,stratum,61,He_ps,Psamophilic forest,62,66,,,,@ontop,,,0,,,,,
L20,element,61,He_ps,Psamophilic forest,62,66,1,,LC_Dune,lccs3_type,,,LC_Dune,,,,,
L20,element,61,He_ps,Psamophilic forest,62,66,1,,LC_Dune,name,,,Dune,,,,,
L20,element,61,He_ps,Psamophilic forest,62,66,1,,LC_Dune,description,,,Describe a dune surface element,,,,,
L20,element,61,He_ps,Psamophilic forest,62,66,1,,LC_Dune,cover,100.0,100.0,,,,,,
L20,element,61,He_ps,Psamophilic forest,62,66,1,,LC_Dune,presence_type,,,Mandatory,,,,,
L20,class,68,He_pa,Grassland with scattered palm trees,,,,,,class_name,,,Grassland with scattered palm trees,,,,,
L20,class,68,He_pa,Grassland with scattered palm trees,,,,,,class_description,,,Describe the land cover class,,,,,
L20,class,68,He_pa,Grassland with scattered palm trees,,,,,,class_map_code,,,He_pa,,,,,
L20,class,68,He_pa,Grassland with scattered palm trees,,,,,,uuid,,,da699ff3-1043-11ea-af90-c8d9d27fd88c,,,,,
L20,hp,68,He_pa,Grassland with scattered palm trees,69,,,,,name,,,Horizontal Pattern 1,,,,,
L20,hp,68,He_pa,Grassland with scattered palm trees,69,,,,,description,,,Describe the horizontal pattern,,,,,
L20,stratum,68,He_pa,Grassland with scattered palm trees,69,6A,,,,name,,,Stratum 1,,,,,
L20,stratum,68,He_pa,Grassland with scattered palm trees,69,6A,,,,description,,,Vegetation 1,,,,,
L20,stratum,68,He_pa,Grassland with scattered palm trees,69,6A,,,,presence_type,,,Mandatory,,,,,
L20,stratum,68,He_pa,Grassland with scattered palm trees,69,6A,,,,@ontop,,,0,,,,,
L20,element,68,He_pa,Grassland with scattered palm trees,69,6A,1,,LC_Tree,lccs3_type,,,LC_Trees,,,,,
L20,element,68,He_pa,Grassland with scattered palm trees,69,6A,1,,LC_Tree,name,,,Trees,,,,,
L20,element,68,He_pa,Grassland with scattered palm trees,69,6A,1,,LC_Tree,description,,,Describe a vegetation element of trees type,,,,,
L20,element,68,He_pa,Grassland with scattered palm trees,69,6A,1,,LC_Tree,cover,1.0,15.0,,,,,,
L20,element,68,He_pa,Grassland with scattered palm trees,69,6A,1,,LC_Tree,presence_type,,,Mandatory,,,,,
L20,element,68,He_pa,Grassland with scattered palm trees,69,6A,1,,LC_Tree,LC_WoodyGrowthLeafPhenology[LC_WoodyGrowthLeafPhenology]/name,,,Woody Growth Leaf Phenology,,,,,
L20,element,68,He_pa,Grassland with scattered palm trees,69,6A,1,,LC_Tree,LC_WoodyGrowthLeafPhenology[LC_WoodyGrowthLeafPhenology]/description,,,Contains the elements of Woody Growth Leaf Phenology,,,,,
L20,element,68,He_pa,Grassland with scattered palm trees,69,6A,1,,LC_Tree,LC_WoodyGrowthLeafPhenology[LC_WoodyGrowthLeafPhenology]/elements/LC_WoodyLeafPhenology[LC_Evergreen]/name,,,Evergreen,,,,,
L20,element,68,He_pa,Grassland with scattered palm trees,69,6A,1,,LC_Tree,LC_WoodyGrowthLeafPhenology[LC_WoodyGrowthLeafPhenology]/elements/LC_WoodyLeafPhenology[LC_Evergreen]/description,,,Describe an Evergreen leaf phenology element,,,,,
L20,element,68,He_pa,Grassland with scattered palm trees,69,6A,1,,LC_Tree,LC_WoodyGrowthLeafType[LC_WoodyGrowthLeafType]/name,,,Woody Growth Leaf Type,,,,,
L20,element,68,He_pa,Grassland with scattered palm trees,69,6A,1,,LC_Tree,LC_WoodyGrowthLeafType[LC_WoodyGrowthLeafType]/description,,,Contains the elements of Woody Growth Leaf Type,,,,,
L20,element,68,He_pa,Grassland with scattered palm trees,69,6A,1,,LC_Tree,LC_WoodyGrowthLeafType[LC_WoodyGrowthLeafType]/elements/LC_WoodyLeafType[LC_Broadleaved]/name,,,Broadleaved,,,,,
L20,element,68,He_pa,Grassland with scattered palm trees,69,6A,1,,LC_Tree,LC_WoodyGrowthLeafType[LC_WoodyGrowthLeafType]/elements/LC_WoodyLeafType[LC_Broadleaved]/description,,,Describe a Broadleaved type element,,,,,
L20,element,68,He_pa,Grassland with scattered palm trees,69,6A,1,,LC_Tree,height,3.0,30.0,,,,,,
L20,characteristic,68,He_pa,Grassland with scattered palm trees,69,6A,1,1,LC_VegetationArtificialityCharacteristic,lccs3_type,,,LC_NaturalOrSeminaturalVegetation,,,,,value: Natural or Seminatural
L20,characteristic,68,He_pa,Grassland with scattered palm trees,69,6A,1,1,LC_VegetationArtificialityCharacteristic,name,,,Natural Or Seminatural Vegetation,,,,,
L20,characteristic,68,He_pa,Grassland with scattered palm trees,69,6A,1,1,LC_VegetationArtificialityCharacteristic,description,,,Describe the natural or seminatural vegetation,,,,,
L20,stratum,68,He_pa,Grassland with scattered palm trees,69,6D,,,,name,,,Stratum 2,,,,,
L20,stratum,68,He_pa,Grassland with scattered palm trees,69,6D,,,,description,,,Vegetation 2,,,,,
L20,stratum,68,He_pa,Grassland with scattered palm trees,69,6D,,,,presence_type,,,Mandatory,,,,,
L20,stratum,68,He_pa,Grassland with scattered palm trees,69,6D,,,,@ontop,,,0,,,,,
L20,element,68,He_pa,Grassland with scattered palm trees,69,6D,1,,LC_HerbaceousGrowthForm,lccs3_type,,,LC_HerbaceousGrowthForms,,,,,
L20,element,68,He_pa,Grassland with scattered palm trees,69,6D,1,,LC_HerbaceousGrowthForm,name,,,Herbaceous growth forms,,,,,
L20,element,68,He_pa,Grassland with scattered palm trees,69,6D,1,,LC_HerbaceousGrowthForm,description,,,Describe a vegetation element of herbaceous growth form type,,,,,
L20,element,68,He_pa,Grassland with scattered palm trees,69,6D,1,,LC_HerbaceousGrowthForm,cover,0.0,99.0,,,,,,
L20,element,68,He_pa,Grassland with scattered palm trees,69,6D,1,,LC_HerbaceousGrowthForm,presence_type,,,Mandatory,,,,,
L20,characteristic,68,He_pa,Grassland with scattered palm trees,69,6D,1,1,LC_VegetationArtificialityCharacteristic,lccs3_type,,,LC_NaturalOrSeminaturalVegetation,,,,,value: Natural or Seminatural
L20,characteristic,68,He_pa,Grassland with scattered palm trees,69,6D,1,1,LC_VegetationArtificialityCharacteristic,name,,,Natural Or Seminatural Vegetation,,,,,
L20,characteristic,68,He_pa,Grassland with scattered palm trees,69,6D,1,1,LC_VegetationArtificialityCharacteristic,description,,,Describe the natural or seminatural vegetation,,,,,
L20,class,70,He_r,Grassland with rock outcrop,,,,,,class_name,,,Grassland with rock outcrop,,,,,
L20,class,70,He_r,Grassland with rock outcrop,,,,,,class_description,,,Describe the land cover class,,,,,
L20,class,70,He_r,Grassland with rock outcrop,,,,,,class_map_code,,,He_r,,,,,
L20,class,70,He_r,Grassland with rock outcrop,,,,,,uuid,,,3d596230-1044-11ea-af90-c8d9d27fd88c,,,,,
L20,hp,70,He_r,Grassland with rock outcrop,71,,,,,name,,,Horizontal Pattern 1,,,,,
L20,hp,70,He_r,Grassland with rock outcrop,71,,,,,description,,,Describe the horizontal pattern,,,,,
L20,stratum,70,He_r,Grassland with rock outcrop,71,72,,,,name,,,Stratum 1,,,,,
L20,stratum,70,He_r,Grassland with rock outcrop,71,72,,,,description,,,Vegetation 1,,,,,
L20,stratum,70,He_r,Grassland with rock outcrop,71,72,,,,presence_type,,,Mandatory,,,,,
L20,stratum,70,He_r,Grassland with rock outcrop,71,72,,,,@ontop,,,0,,,,,
L20,element,70,He_r,Grassland with rock outcrop,71,72,1,,LC_HerbaceousGrowthForm,lccs3_type,,,LC_HerbaceousGrowthForms,,,,,
L20,element,70,He_r,Grassland with rock outcrop,71,72,1,,LC_HerbaceousGrowthForm,name,,,Herbaceous growth forms,,,,,
L20,element,70,He_r,Grassland with rock outcrop,71,72,1,,LC_HerbaceousGrowthForm,description,,,Describe a vegetation element of herbaceous growth form type,,,,,
L20,element,70,He_r,Grassland with rock outcrop,71,72,1,,LC_HerbaceousGrowthForm,cover,60.0,100.0,,,,,,
L20,element,70,He_r,Grassland with rock outcrop,71,72,1,,LC_HerbaceousGrowthForm,presence_type,,,Mandatory,,,,,
L20,characteristic,70,He_r,Grassland with rock outcrop,71,72,1,1,LC_VegetationArtificialityCharacteristic,lccs3_type,,,LC_NaturalOrSeminaturalVegetation,,,,,value: Natural or Seminatural
L20,characteristic,70,He_r,Grassland with rock outcrop,71,72,1,1,LC_VegetationArtificialityCharacteristic,name,,,Natural Or Seminatural Vegetation,,,,,
L20,characteristic,70,He_r,Grassland with rock outcrop,71,72,1,1,LC_VegetationArtificialityCharacteristic,description,,,Describe the natural or seminatural vegetation,,,,,
L20,stratum,70,He_r,Grassland with rock outcrop,71,75,,,,name,,,Stratum 2,,,,,
L20,stratum,70,He_r,Grassland with rock outcrop,71,75,,,,description,,,Abiotic surface 2,,,,,
L20,stratum,70,He_r,Grassland with rock outcrop,71,75,,,,presence_type,,,Mandatory,,,,,
L20,stratum,70,He_r,Grassland with rock outcrop,71,75,,,,@ontop,,,0,,,,,
L20,element,70,He_r,Grassland with rock outcrop,71,75,1,,LC_BareRock,lccs3_type,,,LC_BareRocks,,,,,
L20,element,70,He_r,Grassland with rock outcrop,71,75,1,,LC_BareRock,name,,,Bare Rocks,,,,,
L20,element,70,He_r,Grassland with rock outcrop,71,75,1,,LC_BareRock,description,,,Describe bare rocks surface element,,,,,
L20,element,70,He_r,Grassland with rock outcrop,71,75,1,,LC_BareRock,cover,0.0,10.0,,,,,,
L20,element,70,He_r,Grassland with rock outcrop,71,75,1,,LC_BareRock,presence_type,,,Mandatory,,,,,
L20,class,77,Ur_he,Dispersed urban,,,,,,class_name,,,Dispersed urban,,,,,
L20,class,77,Ur_he,Dispersed urban,,,,,,class_description,,,Describe the land cover class,,,,,
L20,class,77,Ur_he,Dispersed urban,,,,,,class_map_code,,,Ur_he,,,,,
L20,class,77,Ur_he,Dispersed urban,,,,,,uuid,,,c9c5deb0-1044-11ea-af90-c8d9d27fd88c,,,,,
L20,hp,77,Ur_he,Dispersed urban,78,,,,,name,,,Horizontal Pattern 1,,,,,
L20,hp,77,Ur_he,Dispersed urban,78,,,,,description,,,Describe the horizontal pattern,,,,,
L20,stratum,77,Ur_he,Dispersed urban,78,7B,,,,name,,,Stratum 2,,,,,
L20,stratum,77,Ur_he,Dispersed urban,78,7B,,,,description,,,Vegetation 2,,,,,
L20,stratum,77,Ur_he,Dispersed urban,78,7B,,,,presence_type,,,Mandatory,,,,,
L20,stratum,77,Ur_he,Dispersed urban,78,7B,,,,@ontop,,,0,,,,,
L20,element,77,Ur_he,Dispersed urban,78,7B,1,,LC_HerbaceousGrowthForm,lccs3_type,,,LC_HerbaceousGrowthForms,,,,,
L20,element,77,Ur_he,Dispersed urban,78,7B,1,,LC_HerbaceousGrowthForm,name,,,Herbaceous growth forms,,,,,
L20,element,77,Ur_he,Dispersed urban,78,7B,1,,LC_HerbaceousGrowthForm,description,,,Describe a vegetation element of herbaceous growth form type,,,,,
L20,element,77,Ur_he,Dispersed urban,78,7B,1,,LC_HerbaceousGrowthForm,cover,60.0,85.0,,,,,,
L20,element,77,Ur_he,Dispersed urban,78,7B,1,,LC_HerbaceousGrowthForm,presence_type,,,Mandatory,,,,,
L20,characteristic,77,Ur_he,Dispersed urban,78,7B,1,1,LC_VegetationArtificialityCharacteristic,lccs3_type,,,LC_NaturalOrSeminaturalVegetation,,,,,value: Natural or Seminatural
L20,characteristic,77,Ur_he,Dispersed urban,78,7B,1,1,LC_VegetationArtificialityCharacteristic,name,,,Natural Or Seminatural Vegetation,,,,,
L20,characteristic,77,Ur_he,Dispersed urban,78,7B,1,1,LC_VegetationArtificialityCharacteristic,description,,,Describe the natural or seminatural vegetation,,,,,
L20,stratum,77,Ur_he,Dispersed urban,78,126,,,,name,,,Stratum 4,,,,,
L20,stratum,77,Ur_he,Dispersed urban,78,126,,,,description,,,Vegetation 4,,,,,
L20,stratum,77,Ur_he,Dispersed urban,78,126,,,,presence_type,,,Mandatory,,,,,
L20,stratum,77,Ur_he,Dispersed urban,78,126,,,,@ontop,,,0,,,,,
L20,element,77,Ur_he,Dispersed urban,78,126,1,,LC_Tree,lccs3_type,,,LC_Trees,,,,,
L20,element,77,Ur_he,Dispersed urban,78,126,1,,LC_Tree,name,,,Trees,,,,,
L20,element,77,Ur_he,Dispersed urban,78,126,1,,LC_Tree,description,,,Describe a vegetation element of trees type,,,,,
L20,element,77,Ur_he,Dispersed urban,78,126,1,,LC_Tree,cover,0.0,30.0,,,,,,
L20,element,77,Ur_he,Dispersed urban,78,126,1,,LC_Tree,presence_type,,,Mandatory,,,,,
L20,element,77,Ur_he,Dispersed urban,78,126,1,,LC_Tree,height,0.0,30.0,,,,,,
L20,stratum,77,Ur_he,Dispersed urban,78,128,,,,name,,,Stratum 3,,,,,
L20,stratum,77,Ur_he,Dispersed urban,78,128,,,,description,,,Abiotic surface 3,,,,,
L20,stratum,77,Ur_he,Dispersed urban,78,128,,,,presence_type,,,Mandatory,,,,,
L20,stratum,77,Ur_he,Dispersed urban,78,128,,,,@ontop,,,0,,,,,
L20,element,77,Ur_he,Dispersed urban,78,128,1,,LC_Building,lccs3_type,,,LC_Building,,,,,
L20,element,77,Ur_he,Dispersed urban,78,128,1,,LC_Building,name,,,Building,,,,,
L20,element,77,Ur_he,Dispersed urban,78,128,1,,LC_Building,description,,,Describe a building element,,,,,
L20,element,77,Ur_he,Dispersed urban,78,128,1,,LC_Building,cover,15.0,30.0,,,,,,
L20,element,77,Ur_he,Dispersed urban,78,128,1,,LC_Building,presence_type,,,Mandatory,,,,,
L20,stratum,77,Ur_he,Dispersed urban,78,79,,,,name,,,Stratum 1,,,,,
L20,stratum,77,Ur_he,Dispersed urban,78,79,,,,description,,,Abiotic surface 1,,,,,
L20,stratum,77,Ur_he,Dispersed urban,78,79,,,,presence_type,,,Mandatory,,,,,
L20,stratum,77,Ur_he,Dispersed urban,78,79,,,,@ontop,,,0,,,,,
L20,element,77,Ur_he,Dispersed urban,78,79,1,,LC_LinearSurface,lccs3_type,,,LC_LinearSurface,,,,,
L20,element,77,Ur_he,Dispersed urban,78,79,1,,LC_LinearSurface,name,,,Linear Surface,,,,,
L20,element,77,Ur_he,Dispersed urban,78,79,1,,LC_LinearSurface,description,,,Describe a linear built-up surface element,,,,,
L20,element,77,Ur_he,Dispersed urban,78,79,1,,LC_LinearSurface,cover,0.0,10.0,,,,,,
L20,element,77,Ur_he,Dispersed urban,78,79,1,,LC_LinearSurface,presence_type,,,Mandatory,,,,,
L20,class,7E,He,Grassland,,,,,,class_name,,,Grassland,,,,,
L20,class,7E,He,Grassland,,,,,,class_description,,,Describe the land cover class,,,,,
L20,class,7E,He,Grassland,,,,,,class_map_code,,,He,,,,,
L20,class,7E,He,Grassland,,,,,,uuid,,,7679aef0-1047-11ea-af90-c8d9d27fd88c,,,,,
L20,hp,7E,He,Grassland,7F,,,,,name,,,Horizontal Pattern 1,,,,,
L20,hp,7E,He,Grassland,7F,,,,,description,,,Describe the horizontal pattern,,,,,
L20,stratum,7E,He,Grassland,7F,80,,,,name,,,Stratum 1,,,,,
L20,stratum,7E,He,Grassland,7F,80,,,,description,,,Vegetation 1,,,,,
L20,stratum,7E,He,Grassland,7F,80,,,,presence_type,,,Mandatory,,,,,
L20,stratum,7E,He,Grassland,7F,80,,,,@ontop,,,0,,,,,
L20,element,7E,He,Grassland,7F,80,1,,LC_HerbaceousGrowthForm,lccs3_type,,,LC_HerbaceousGrowthForms,,,,,
L20,element,7E,He,Grassland,7F,80,1,,LC_HerbaceousGrowthForm,name,,,Herbaceous growth forms,,,,,
L20,element,7E,He,Grassland,7F,80,1,,LC_HerbaceousGrowthForm,description,,,Describe a vegetation element of herbaceous growth form type,,,,,
L20,element,7E,He,Grassland,7F,80,1,,LC_HerbaceousGrowthForm,cover,15.0,100.0,,,,,,
L20,element,7E,He,Grassland,7F,80,1,,LC_HerbaceousGrowthForm,presence_type,,,Mandatory,,,,,
L20,element,7E,He,Grassland,7F,80,1,,LC_HerbaceousGrowthForm,height,0.0,150.0,,,,,,
L20,characteristic,7E,He,Grassland,7F,80,1,1,LC_VegetationArtificialityCharacteristic,lccs3_type,,,LC_NaturalOrSeminaturalVegetation,,,,,value: Natural or Seminatural
L20,characteristic,7E,He,Grassland,7F,80,1,1,LC_VegetationArtificialityCharacteristic,name,,,Natural Or Seminatural Vegetation,,,,,
L20,characteristic,7E,He,Grassland,7F,80,1,1,LC_VegetationArtificialityCharacteristic,description,,,Describe the natural or seminatural vegetation,,,,,
L20,class,83,Crg_a,Rice field,,,,,,class_name,,,Rice field,,,,,
L20,class,83,Crg_a,Rice field,,,,,,class_description,,,Describe the land cover class,,,,,
L20,class,83,Crg_a,Rice field,,,,,,class_map_code,,,Crg_a,,,,,
L20,class,83,Crg_a,Rice field,,,,,,uuid,,,f1286420-1047-11ea-af90-c8d9d27fd88c,,,,,
L20,hp,83,Crg_a,Rice field,84,,,,,name,,,Horizontal Pattern 1,,,,,
L20,hp,83,Crg_a,Rice field,84,,,,,description,,,Describe the horizontal pattern,,,,,
L20,stratum,83,Crg_a,Rice field,84,85,,,,name,,,Stratum 1,,,,,
L20,stratum,83,Crg_a,Rice field,84,85,,,,description,,,Vegetation 1,,,,,
L20,stratum,83,Crg_a,Rice field,84,85,,,,presence_type,,,Mandatory,,,,,
L20,stratum,83,Crg_a,Rice field,84,85,,,,@ontop,,,0,,,,,
L20,element,83,Crg_a,Rice field,84,85,1,,LC_Graminoid,lccs3_type,,,LC_Graminae,,,,,
L20,element,83,Crg_a,Rice field,84,85,1,,LC_Graminoid,name,,,Graminae,,,,,
L20,element,83,Crg_a,Rice field,84,85,1,,LC_Graminoid,description,,,Describe a vegetation element of graminae type,,,,,
L20,element,83,Crg_a,Rice field,84,85,1,,LC_Graminoid,cover,40.0,60.0,,,,,,
L20,element,83,Crg_a,Rice field,84,85,1,,LC_Graminoid,presence_type,,,Mandatory,,,,,
L20,characteristic,83,Crg_a,Rice field,84,85,1,1,LC_CultivatedAndManagedVegetationCharacteristics,lccs3_type,,,LC_CultivatedAndManagedVegetation,,,,,
L20,characteristic,83,Crg_a,Rice field,84,85,1,1,LC_CultivatedAndManagedVegetationCharacteristics,name,,,Cultivated And Managed Vegetation,,,,,
L20,characteristic,83,Crg_a,Rice field,84,85,1,1,LC_CultivatedAndManagedVegetationCharacteristics,description,,,Describe the cultivated and managed vegetation,,,,,
L20,characteristic,83,Crg_a,Rice field,84,85,1,1,LC_CultivatedAndManagedVegetationCharacteristics,elements/LC_Characteristic[LC_FieldSize]/name,,,Field Size,,,,,
L20,characteristic,83,Crg_a,Rice field,84,85,1,1,LC_CultivatedAndManagedVegetationCharacteristics,elements/LC_Characteristic[LC_FieldSize]/description,,,Describe the field size,,,,,
L20,characteristic,83,Crg_a,Rice field,84,85,1,1,LC_CultivatedAndManagedVegetationCharacteristics,elements/LC_Characteristic[LC_FieldSize]/size,2.0,100.0,,,,,,
L20,characteristic,83,Crg_a,Rice field,84,85,1,1,LC_CultivatedAndManagedVegetationCharacteristics,elements/LC_Characteristic[LC_Irrigation]/name,,,Irrigation,,,,,
L20,characteristic,83,Crg_a,Rice field,84,85,1,1,LC_CultivatedAndManagedVegetationCharacteristics,elements/LC_Characteristic[LC_Irrigation]/description,,,Describe the irrigation,,,,,
L20,characteristic,83,Crg_a,Rice field,84,85,1,1,LC_CultivatedAndManagedVegetationCharacteristics,elements/LC_Characteristic[LC_Irrigation]/irrigation_type,,,Surface,,,,,
L20,characteristic,83,Crg_a,Rice field,84,85,1,2,LC_FloristicAspectsCharacteristic,lccs3_type,,,LC_FloristicAspect,,,,,
L20,characteristic,83,Crg_a,Rice field,84,85,1,2,LC_FloristicAspectsCharacteristic,name,,,Floristic Aspect,,,,,
L20,characteristic,83,Crg_a,Rice field,84,85,1,2,LC_FloristicAspectsCharacteristic,description,,,Describe the floristic aspect,,,,,
L20,characteristic,83,Crg_a,Rice field,84,85,1,2,LC_FloristicAspectsCharacteristic,elements/LC_Characteristic[LC_FloristicAspectSpecies]/name,,,Floristic Aspect Species,,,,,
L20,characteristic,83,Crg_a,Rice field,84,85,1,2,LC_FloristicAspectsCharacteristic,elements/LC_Characteristic[LC_FloristicAspectSpecies]/description,,,Describe the floristic aspect species,,,,,
L20,characteristic,83,Crg_a,Rice field,84,85,1,2,LC_FloristicAspectsCharacteristic,elements/LC_Characteristic[LC_FloristicAspectSpecies]/species_name,,,Rice,,,,,
L20,class,8C,Crg_c,Sugarcane field,,,,,,class_name,,,Sugarcane field,,,,,
L20,class,8C,Crg_c,Sugarcane field,,,,,,class_description,,,Describe the land cover class,,,,,
L20,class,8C,Crg_c,Sugarcane field,,,,,,class_map_code,,,Crg_c,,,,,
L20,class,8C,Crg_c,Sugarcane field,,,,,,uuid,,,2290bf74-1049-11ea-af90-c8d9d27fd88c,,,,,
L20,hp,8C,Crg_c,Sugarcane field,8D,,,,,name,,,Horizontal Pattern 1,,,,,
L20,hp,8C,Crg_c,Sugarcane field,8D,,,,,description,,,Describe the horizontal pattern,,,,,
L20,stratum,8C,Crg_c,Sugarcane field,8D,8E,,,,name,,,Stratum 1,,,,,
L20,stratum,8C,Crg_c,Sugarcane field,8D,8E,,,,description,,,Vegetation 1,,,,,
L20,stratum,8C,Crg_c,Sugarcane field,8D,8E,,,,presence_type,,,Mandatory,,,,,
L20,stratum,8C,Crg_c,Sugarcane field,8D,8E,,,,@ontop,,,0,,,,,
L20,element,8C,Crg_c,Sugarcane field,8D,8E,1,,LC_Graminoid,lccs3_type,,,LC_Graminae,,,,,
L20,element,8C,Crg_c,Sugarcane field,8D,8E,1,,LC_Graminoid,name,,,Graminae,,,,,
L20,element,8C,Crg_c,Sugarcane field,8D,8E,1,,LC_Graminoid,description,,,Describe a vegetation element of graminae type,,,,,
L20,element,8C,Crg_c,Sugarcane field,8D,8E,1,,LC_Graminoid,cover,40.0,60.0,,,,,,
L20,element,8C,Crg_c,Sugarcane field,8D,8E,1,,LC_Graminoid,presence_type,,,Mandatory,,,,,
L20,characteristic,8C,Crg_c,Sugarcane field,8D,8E,1,1,LC_CultivatedAndManagedVegetationCharacteristics,lccs3_type,,,LC_CultivatedAndManagedVegetation,,,,,
L20,characteristic,8C,Crg_c,Sugarcane field,8D,8E,1,1,LC_CultivatedAndManagedVegetationCharacteristics,name,,,Cultivated And Managed Vegetation,,,,,
L20,characteristic,8C,Crg_c,Sugarcane field,8D,8E,1,1,LC_CultivatedAndManagedVegetationCharacteristics,description,,,Describe the cultivated and managed vegetation,,,,,
L20,characteristic,8C,Crg_c,Sugarcane field,8D,8E,1,1,LC_CultivatedAndManagedVegetationCharacteristics,elements/LC_Characteristic[LC_FieldSize]/name,,,Field Size,,,,,
L20,characteristic,8C,Crg_c,Sugarcane field,8D,8E,1,1,LC_CultivatedAndManagedVegetationCharacteristics,elements/LC_Characteristic[LC_FieldSize]/description,,,Describe the field size,,,,,
L20,characteristic,8C,Crg_c,Sugarcane field,8D,8E,1,1,LC_CultivatedAndManagedVegetationCharacteristics,elements/LC_Characteristic[LC_FieldSize]/size,2.0,100.0,,,,,,
L20,characteristic,8C,Crg_c,Sugarcane field,8D,8E,1,1,LC_CultivatedAndManagedVegetationCharacteristics,elements/LC_Characteristic[LC_Irrigation]/name,,,Irrigation,,,,,
L20,characteristic,8C,Crg_c,Sugarcane field,8D,8E,1,1,LC_CultivatedAndManagedVegetationCharacteristics,elements/LC_Characteristic[LC_Irrigation]/description,,,Describe the irrigation,,,,,
L20,characteristic,8C,Crg_c,Sugarcane field,8D,8E,1,1,LC_CultivatedAndManagedVegetationCharacteristics,elements/LC_Characteristic[LC_Irrigation]/irrigation_type,,,Surface,,,,,
L20,characteristic,8C,Crg_c,Sugarcane field,8D,8E,1,2,LC_FloristicAspectsCharacteristic,lccs3_type,,,LC_FloristicAspect,,,,,
L20,characteristic,8C,Crg_c,Sugarcane field,8D,8E,1,2,LC_FloristicAspectsCharacteristic,name,,,Floristic Aspect,,,,,
L20,characteristic,8C,Crg_c,Sugarcane field,8D,8E,1,2,LC_FloristicAspectsCharacteristic,description,,,Describe the floristic aspect,,,,,
L20,characteristic,8C,Crg_c,Sugarcane field,8D,8E,1,2,LC_FloristicAspectsCharacteristic,elements/LC_Characteristic[LC_FloristicAspectSpecies]/name,,,Floristic Aspect Species,,,,,
L20,characteristic,8C,Crg_c,Sugarcane field,8D,8E,1,2,LC_FloristicAspectsCharacteristic,elements/LC_Characteristic[LC_FloristicAspectSpecies]/description,,,Describe the floristic aspect species,,,,,
L20,characteristic,8C,Crg_c,Sugarcane field,8D,8E,1,2,LC_FloristicAspectsCharacteristic,elements/LC_Characteristic[LC_FloristicAspectSpecies]/species_name,,,Sugar cane,,,,,
L20,class,95,He_in,Permanently flooded grassland,,,,,,class_name,,,Permanently flooded grassland,,,,,
L20,class,95,He_in,Permanently flooded grassland,,,,,,class_description,,,Describe the land cover class,,,,,
L20,class,95,He_in,Permanently flooded grassland,,,,,,class_map_code,,,He_in,,,,,
L20,class,95,He_in,Permanently flooded grassland,,,,,,uuid,,,59d32bd0-1049-11ea-af90-c8d9d27fd88c,,,,,
L20,hp,95,He_in,Permanently flooded grassland,96,,,,,name,,,Horizontal Pattern 1,,,,,
L20,hp,95,He_in,Permanently flooded grassland,96,,,,,description,,,Describe the horizontal pattern,,,,,
L20,stratum,95,He_in,Permanently flooded grassland,96,97,,,,name,,,Stratum 1,,,,,
L20,stratum,95,He_in,Permanently flooded grassland,96,97,,,,description,,,Vegetation 1,,,,,
L20,stratum,95,He_in,Permanently flooded grassland,96,97,,,,presence_type,,,Mandatory,,,,,
L20,stratum,95,He_in,Permanently flooded grassland,96,97,,,,@ontop,,,0,,,,,
L20,element,95,He_in,Permanently flooded grassland,96,97,1,,LC_HerbaceousGrowthForm,lccs3_type,,,LC_HerbaceousGrowthForms,,,,,
L20,element,95,He_in,Permanently flooded grassland,96,97,1,,LC_HerbaceousGrowthForm,name,,,Herbaceous growth forms,,,,,
L20,element,95,He_in,Permanently flooded grassland,96,97,1,,LC_HerbaceousGrowthForm,description,,,Describe a vegetation element of herbaceous growth form type,,,,,
L20,element,95,He_in,Permanently flooded grassland,96,97,1,,LC_HerbaceousGrowthForm,cover,15.0,100.0,,,,,,
L20,element,95,He_in,Permanently flooded grassland,96,97,1,,LC_HerbaceousGrowthForm,presence_type,,,Mandatory,,,,,
L20,element,95,He_in,Permanently flooded grassland,96,97,1,,LC_HerbaceousGrowthForm,height,0.0,150.0,,,,,,
L20,stratum,95,He_in,Permanently flooded grassland,96,99,,,,name,,,Stratum 2,,,,,
L20,stratum,95,He_in,Permanently flooded grassland,96,99,,,,description,,,Abiotic surface 2,,,,,
L20,stratum,95,He_in,Permanently flooded grassland,96,99,,,,presence_type,,,Mandatory,,,,,
L20,stratum,95,He_in,Permanently flooded grassland,96,99,,,,@ontop,,,0,,,,,
L20,element,95,He_in,Permanently flooded grassland,96,99,1,,LC_WaterBody,lccs3_type,,,LC_WaterBody,,,,,
L20,element,95,He_in,Permanently flooded grassland,96,99,1,,LC_WaterBody,name,,,Water Body,,,,,
L20,element,95,He_in,Permanently flooded grassland,96,99,1,,LC_WaterBody,description,,,Describe a water body surface element,,,,,
L20,element,95,He_in,Permanently flooded grassland,96,99,1,,LC_WaterBody,presence_type,,,Mandatory,,,,,
L20,element,95,He_in,Permanently flooded grassland,96,99,1,,LC_WaterBody,position,,,Above Surface,,,,,
L20,characteristic,95,He_in,Permanently flooded grassland,96,99,1,1,LC_ArtificialityCharacteristic,lccs3_type,,,LC_Artificiality,,,,,
L20,characteristic,95,He_in,Permanently flooded grassland,96,99,1,1,LC_ArtificialityCharacteristic,name,,,Artificiality,,,,,
L20,characteristic,95,He_in,Permanently flooded grassland,96,99,1,1,LC_ArtificialityCharacteristic,description,,,Describe the artificiality characteristic,,,,,
L20,characteristic,95,He_in,Permanently flooded grassland,96,99,1,1,LC_ArtificialityCharacteristic,type,,,Natural,,,,,
L20,characteristic,95,He_in,Permanently flooded grassland,96,99,1,2,LC_WaterSalinityCharacteristic,lccs3_type,,,LC_WaterSalinity,,,,,
L20,characteristic,95,He_in,Permanently flooded grassland,96,99,1,2,LC_WaterSalinityCharacteristic,name,,,Water Salinity,,,,,
L20,characteristic,95,He_in,Permanently flooded grassland,96,99,1,2,LC_WaterSalinityCharacteristic,description,,,Describe the water salinity characteristic,,,,,
L20,characteristic,95,He_in,Permanently flooded grassland,96,99,1,2,LC_WaterSalinityCharacteristic,type,,,Fresh,,,,,
L20,class,A5,Ur,Urban area,,,,,,class_name,,,Urban area,,,,,
L20,class,A5,Ur,Urban area,,,,,,class_description,,,Describe the land cover class,,,,,
L20,class,A5,Ur,Urban area,,,,,,class_map_code,,,Ur,,,,,
L20,class,A5,Ur,Urban area,,,,,,uuid,,,00aa8bf3-104b-11ea-af90-c8d9d27fd88c,,,,,
L20,hp,A5,Ur,Urban area,A6,,,,,name,,,Horizontal Pattern 1,,,,,
L20,hp,A5,Ur,Urban area,A6,,,,,description,,,Describe the horizontal pattern,,,,,
L20,stratum,A5,Ur,Urban area,A6,123,,,,name,,,Stratum 2,,,,,
L20,stratum,A5,Ur,Urban area,A6,123,,,,description,,,Vegetation 2,,,,,
L20,stratum,A5,Ur,Urban area,A6,123,,,,presence_type,,,Mandatory,,,,,
L20,stratum,A5,Ur,Urban area,A6,123,,,,@ontop,,,0,,,,,
L20,element,A5,Ur,Urban area,A6,123,1,,LC_Tree,lccs3_type,,,LC_Trees,,,,,
L20,element,A5,Ur,Urban area,A6,123,1,,LC_Tree,name,,,Trees,,,,,
L20,element,A5,Ur,Urban area,A6,123,1,,LC_Tree,description,,,Describe a vegetation element of trees type,,,,,
L20,element,A5,Ur,Urban area,A6,123,1,,LC_Tree,cover,0.0,20.0,,,,,,
L20,element,A5,Ur,Urban area,A6,123,1,,LC_Tree,presence_type,,,Mandatory,,,,,
L20,element,A5,Ur,Urban area,A6,123,1,,LC_Tree,height,0.0,30.0,,,,,,
L20,stratum,A5,Ur,Urban area,A6,A7,,,,name,,,Stratum 1,,,,,
L20,stratum,A5,Ur,Urban area,A6,A7,,,,description,,,Abiotic surface 1,,,,,
L20,stratum,A5,Ur,Urban area,A6,A7,,,,presence_type,,,Mandatory,,,,,
L20,stratum,A5,Ur,Urban area,A6,A7,,,,@ontop,,,0,,,,,
L20,element,A5,Ur,Urban area,A6,A7,1,,LC_Building,lccs3_type,,,LC_Building,,,,,
L20,element,A5,Ur,Urban area,A6,A7,1,,LC_Building,name,,,Building,,,,,
L20,element,A5,Ur,Urban area,A6,A7,1,,LC_Building,description,,,Describe a building element,,,,,
L20,element,A5,Ur,Urban area,A6,A7,1,,LC_Building,cover,30.0,100.0,,,,,,
L20,element,A5,Ur,Urban area,A6,A7,1,,LC_Building,presence_type,,,Mandatory,,,,,
L20,element,A5,Ur,Urban area,A6,A7,2,,LC_LinearSurface,lccs3_type,,,LC_LinearSurface,,,,,
L20,element,A5,Ur,Urban area,A6,A7,2,,LC_LinearSurface,name,,,Linear Surface,,,,,
L20,element,A5,Ur,Urban area,A6,A7,2,,LC_LinearSurface,description,,,Describe a linear built-up surface element,,,,,
L20,element,A5,Ur,Urban area,A6,A7,2,,LC_LinearSurface,cover,0.0,30.0,,,,,,
L20,element,A5,Ur,Urban area,A6,A7,2,,LC_LinearSurface,presence_type,,,Optional,,,,,
L20,class,A9,A,"Sandy (beach, dunes) area",,,,,,class_name,,,"Sandy (beach, dunes) area",,,,,
L20,class,A9,A,"Sandy (beach, dunes) area",,,,,,class_description,,,Describe the land cover class,,,,,
L20,class,A9,A,"Sandy (beach, dunes) area",,,,,,class_map_code,,,A,,,,,
L20,class,A9,A,"Sandy (beach, dunes) area",,,,,,uuid,,,427ef6b0-104b-11ea-af90-c8d9d27fd88c,,,,,
L20,hp,A9,A,"Sandy (beach, dunes) area",AA,,,,,name,,,Horizontal Pattern 1,,,,,
L20,hp,A9,A,"Sandy (beach, dunes) area",AA,,,,,description,,,Describe the horizontal pattern,,,,,
L20,stratum,A9,A,"Sandy (beach, dunes) area",AA,AB,,,,name,,,Stratum 1,,,,,
L20,stratum,A9,A,"Sandy (beach, dunes) area",AA,AB,,,,description,,,Abiotic surface 1,,,,,
L20,stratum,A9,A,"Sandy (beach, dunes) area",AA,AB,,,,presence_type,,,Mandatory,,,,,
L20,stratum,A9,A,"Sandy (beach, dunes) area",AA,AB,,,,@ontop,,,0,,,,,
L20,element,A9,A,"Sandy (beach, dunes) area",AA,AB,1,,LC_LooseAndShiftingSand,lccs3_type,,,LC_LooseAndShiftingSand,,,,,
L20,element,A9,A,"Sandy (beach, dunes) area",AA,AB,1,,LC_LooseAndShiftingSand,name,,,Loose and Shifting Sand,,,,,
L20,element,A9,A,"Sandy (beach, dunes) area",AA,AB,1,,LC_LooseAndShiftingSand,description,,,Describe a loose and shifting sand surface element,,,,,
L20,element,A9,A,"Sandy (beach, dunes) area",AA,AB,1,,LC_LooseAndShiftingSand,cover,90.0,100.0,,,,,,
L20,element,A9,A,"Sandy (beach, dunes) area",AA,AB,1,,LC_LooseAndShiftingSand,presence_type,,,Mandatory,,,,,
L20,class,AD,Rc,Consolidated rock,,,,,,class_name,,,Consolidated rock,,,,,
L20,class,AD,Rc,Consolidated rock,,,,,,class_description,,,Describe the land cover class,,,,,
L20,class,AD,Rc,Consolidated rock,,,,,,class_map_code,,,Rc,,,,,
L20,class,AD,Rc,Consolidated rock,,,,,,uuid,,,a036f7d0-104b-11ea-af90-c8d9d27fd88c,,,,,
L20,class_char,AD,Rc,Consolidated rock,,,,1,LC_ConsolidatedSurfaceCharacteristics,name,,,Consolidated Surface Characteristics,,,,,
L20,class_char,AD,Rc,Consolidated rock,,,,1,LC_ConsolidatedSurfaceCharacteristics,description,,,Describe the consolidated surface characteristics,,,,,
L20,class_char,AD,Rc,Consolidated rock,,,,1,LC_ConsolidatedSurfaceCharacteristics,rock_type,,,Igneous Rock,,,,,
L20,hp,AD,Rc,Consolidated rock,AF,,,,,name,,,Horizontal Pattern 1,,,,,
L20,hp,AD,Rc,Consolidated rock,AF,,,,,description,,,Describe the horizontal pattern,,,,,
L20,stratum,AD,Rc,Consolidated rock,AF,B0,,,,name,,,Stratum 1,,,,,
L20,stratum,AD,Rc,Consolidated rock,AF,B0,,,,description,,,Abiotic surface 1,,,,,
L20,stratum,AD,Rc,Consolidated rock,AF,B0,,,,presence_type,,,Mandatory,,,,,
L20,stratum,AD,Rc,Consolidated rock,AF,B0,,,,@ontop,,,0,,,,,
L20,element,AD,Rc,Consolidated rock,AF,B0,1,,LC_BareRock,lccs3_type,,,LC_BareRocks,,,,,
L20,element,AD,Rc,Consolidated rock,AF,B0,1,,LC_BareRock,name,,,Bare Rocks,,,,,
L20,element,AD,Rc,Consolidated rock,AF,B0,1,,LC_BareRock,description,,,Describe bare rocks surface element,,,,,
L20,element,AD,Rc,Consolidated rock,AF,B0,1,,LC_BareRock,cover,90.0,100.0,,,,,,
L20,element,AD,Rc,Consolidated rock,AF,B0,1,,LC_BareRock,presence_type,,,Mandatory,,,,,
L20,characteristic,AD,Rc,Consolidated rock,AF,B0,1,1,LC_NaturalSurfaceCharacteristic,lccs3_type,,,LC_NaturalSurfaceCharacteristic,,,,,no LChS equivalent; kept as-is
L20,characteristic,AD,Rc,Consolidated rock,AF,B0,1,1,LC_NaturalSurfaceCharacteristic,name,,,Natural Surface Characteristic,,,,,
L20,characteristic,AD,Rc,Consolidated rock,AF,B0,1,1,LC_NaturalSurfaceCharacteristic,description,,,Describe the characteristics of Natural Surfaces,,,,,
L20,class,B3,Sd,Bare ground,,,,,,class_name,,,Bare ground,,,,,
L20,class,B3,Sd,Bare ground,,,,,,class_description,,,Describe the land cover class,,,,,
L20,class,B3,Sd,Bare ground,,,,,,class_map_code,,,Sd,,,,,
L20,class,B3,Sd,Bare ground,,,,,,uuid,,,5346cfd0-104c-11ea-af90-c8d9d27fd88c,,,,,
L20,hp,B3,Sd,Bare ground,B4,,,,,name,,,Horizontal Pattern 1,,,,,
L20,hp,B3,Sd,Bare ground,B4,,,,,description,,,Describe the horizontal pattern,,,,,
L20,stratum,B3,Sd,Bare ground,B4,B5,,,,name,,,Stratum 1,,,,,
L20,stratum,B3,Sd,Bare ground,B4,B5,,,,description,,,Abiotic surface 1,,,,,
L20,stratum,B3,Sd,Bare ground,B4,B5,,,,presence_type,,,Mandatory,,,,,
L20,stratum,B3,Sd,Bare ground,B4,B5,,,,@ontop,,,0,,,,,
L20,element,B3,Sd,Bare ground,B4,B5,1,,LC_BareSoil,lccs3_type,,,LC_BareSoil,,,,,
L20,element,B3,Sd,Bare ground,B4,B5,1,,LC_BareSoil,name,,,Bare Soil,,,,,
L20,element,B3,Sd,Bare ground,B4,B5,1,,LC_BareSoil,description,,,Describe a bare soil surface type,,,,,
L20,element,B3,Sd,Bare ground,B4,B5,1,,LC_BareSoil,cover,90.0,100.0,,,,,,
L20,element,B3,Sd,Bare ground,B4,B5,1,,LC_BareSoil,presence_type,,,Mandatory,,,,,
L20,class,B7,Aa_c,Canal,,,,,,class_name,,,Canal,,,,,
L20,class,B7,Aa_c,Canal,,,,,,class_description,,,Describe the land cover class,,,,,
L20,class,B7,Aa_c,Canal,,,,,,class_map_code,,,Aa_c,,,,,
L20,class,B7,Aa_c,Canal,,,,,,uuid,,,822e4210-104c-11ea-af90-c8d9d27fd88c,,,,,
L20,hp,B7,Aa_c,Canal,B8,,,,,name,,,Horizontal Pattern 1,,,,,
L20,hp,B7,Aa_c,Canal,B8,,,,,description,,,Describe the horizontal pattern,,,,,
L20,stratum,B7,Aa_c,Canal,B8,B9,,,,name,,,Stratum 1,,,,,
L20,stratum,B7,Aa_c,Canal,B8,B9,,,,description,,,Abiotic surface 1,,,,,
L20,stratum,B7,Aa_c,Canal,B8,B9,,,,presence_type,,,Mandatory,,,,,
L20,stratum,B7,Aa_c,Canal,B8,B9,,,,@ontop,,,0,,,,,
L20,element,B7,Aa_c,Canal,B8,B9,1,,LC_WaterBody,lccs3_type,,,LC_WaterBody,,,,,
L20,element,B7,Aa_c,Canal,B8,B9,1,,LC_WaterBody,name,,,Water Body,,,,,
L20,element,B7,Aa_c,Canal,B8,B9,1,,LC_WaterBody,description,,,Describe a water body surface element,,,,,
L20,element,B7,Aa_c,Canal,B8,B9,1,,LC_WaterBody,presence_type,,,Mandatory,,,,,
L20,element,B7,Aa_c,Canal,B8,B9,1,,LC_WaterBody,periodic_variation[LC_PeriodicVariations]/name,,,Periodic Variations,,,,,
L20,element,B7,Aa_c,Canal,B8,B9,1,,LC_WaterBody,periodic_variation[LC_PeriodicVariations]/description,,,Contains the elements of Periodic Variation,,,,,
L20,element,B7,Aa_c,Canal,B8,B9,1,,LC_WaterBody,periodic_variation[LC_PeriodicVariations]/elements/LC_PeriodicVariation[LC_PeriodicVariation]/name,,,Periodic Variation,,,,,
L20,element,B7,Aa_c,Canal,B8,B9,1,,LC_WaterBody,periodic_variation[LC_PeriodicVariations]/elements/LC_PeriodicVariation[LC_PeriodicVariation]/description,,,Describe a periodic variation element,,,,,
L20,element,B7,Aa_c,Canal,B8,B9,1,,LC_WaterBody,periodic_variation[LC_PeriodicVariations]/elements/LC_PeriodicVariation[LC_PeriodicVariation]/persistence_units,,,Months,,,,,
L20,element,B7,Aa_c,Canal,B8,B9,1,,LC_WaterBody,periodic_variation[LC_PeriodicVariations]/elements/LC_PeriodicVariation[LC_PeriodicVariation]/period_type,,,Atmospheric,,,,,
L20,element,B7,Aa_c,Canal,B8,B9,1,,LC_WaterBody,position,,,Above Surface,,,,,
L20,element,B7,Aa_c,Canal,B8,B9,1,,LC_WaterBody,dynamics,,,Flowing,,,,,
L20,characteristic,B7,Aa_c,Canal,B8,B9,1,1,LC_ArtificialityCharacteristic,lccs3_type,,,LC_Artificiality,,,,,
L20,characteristic,B7,Aa_c,Canal,B8,B9,1,1,LC_ArtificialityCharacteristic,name,,,Artificiality,,,,,
L20,characteristic,B7,Aa_c,Canal,B8,B9,1,1,LC_ArtificialityCharacteristic,description,,,Describe the artificiality characteristic,,,,,
L20,characteristic,B7,Aa_c,Canal,B8,B9,1,1,LC_ArtificialityCharacteristic,type,,,Artificial,,,,,
L20,class,BE,Aa_l,"Lakes, Reservoirs and barrages",,,,,,class_name,,,"Lakes, Reservoirs and barrages",,,,,
L20,class,BE,Aa_l,"Lakes, Reservoirs and barrages",,,,,,class_description,,,Describe the land cover class,,,,,
L20,class,BE,Aa_l,"Lakes, Reservoirs and barrages",,,,,,class_map_code,,,Aa_l,,,,,
L20,class,BE,Aa_l,"Lakes, Reservoirs and barrages",,,,,,uuid,,,fa826573-104c-11ea-af90-c8d9d27fd88c,,,,,
L20,hp,BE,Aa_l,"Lakes, Reservoirs and barrages",BF,,,,,name,,,Horizontal Pattern 1,,,,,
L20,hp,BE,Aa_l,"Lakes, Reservoirs and barrages",BF,,,,,description,,,Describe the horizontal pattern,,,,,
L20,stratum,BE,Aa_l,"Lakes, Reservoirs and barrages",BF,C0,,,,name,,,Stratum 1,,,,,
L20,stratum,BE,Aa_l,"Lakes, Reservoirs and barrages",BF,C0,,,,description,,,Abiotic surface 1,,,,,
L20,stratum,BE,Aa_l,"Lakes, Reservoirs and barrages",BF,C0,,,,presence_type,,,Mandatory,,,,,
L20,stratum,BE,Aa_l,"Lakes, Reservoirs and barrages",BF,C0,,,,@ontop,,,0,,,,,
L20,element,BE,Aa_l,"Lakes, Reservoirs and barrages",BF,C0,1,,LC_WaterBody,lccs3_type,,,LC_WaterBody,,,,,
L20,element,BE,Aa_l,"Lakes, Reservoirs and barrages",BF,C0,1,,LC_WaterBody,name,,,Water Body,,,,,
L20,element,BE,Aa_l,"Lakes, Reservoirs and barrages",BF,C0,1,,LC_WaterBody,description,,,Describe a water body surface element,,,,,
L20,element,BE,Aa_l,"Lakes, Reservoirs and barrages",BF,C0,1,,LC_WaterBody,presence_type,,,Mandatory,,,,,
L20,element,BE,Aa_l,"Lakes, Reservoirs and barrages",BF,C0,1,,LC_WaterBody,periodic_variation[LC_PeriodicVariations]/name,,,Periodic Variations,,,,,
L20,element,BE,Aa_l,"Lakes, Reservoirs and barrages",BF,C0,1,,LC_WaterBody,periodic_variation[LC_PeriodicVariations]/description,,,Contains the elements of Periodic Variation,,,,,
L20,element,BE,Aa_l,"Lakes, Reservoirs and barrages",BF,C0,1,,LC_WaterBody,periodic_variation[LC_PeriodicVariations]/elements/LC_PeriodicVariation[LC_PeriodicVariation]/name,,,Periodic Variation,,,,,
L20,element,BE,Aa_l,"Lakes, Reservoirs and barrages",BF,C0,1,,LC_WaterBody,periodic_variation[LC_PeriodicVariations]/elements/LC_PeriodicVariation[LC_PeriodicVariation]/description,,,Describe a periodic variation element,,,,,
L20,element,BE,Aa_l,"Lakes, Reservoirs and barrages",BF,C0,1,,LC_WaterBody,periodic_variation[LC_PeriodicVariations]/elements/LC_PeriodicVariation[LC_PeriodicVariation]/persistence_units,,,Months,,,,,
L20,element,BE,Aa_l,"Lakes, Reservoirs and barrages",BF,C0,1,,LC_WaterBody,periodic_variation[LC_PeriodicVariations]/elements/LC_PeriodicVariation[LC_PeriodicVariation]/period_type,,,Atmospheric,,,,,
L20,element,BE,Aa_l,"Lakes, Reservoirs and barrages",BF,C0,1,,LC_WaterBody,position,,,Above Surface,,,,,
L20,element,BE,Aa_l,"Lakes, Reservoirs and barrages",BF,C0,1,,LC_WaterBody,dynamics,,,Standing,,,,,
L20,characteristic,BE,Aa_l,"Lakes, Reservoirs and barrages",BF,C0,1,1,LC_ArtificialityCharacteristic,lccs3_type,,,LC_Artificiality,,,,,
L20,characteristic,BE,Aa_l,"Lakes, Reservoirs and barrages",BF,C0,1,1,LC_ArtificialityCharacteristic,name,,,Artificiality,,,,,
L20,characteristic,BE,Aa_l,"Lakes, Reservoirs and barrages",BF,C0,1,1,LC_ArtificialityCharacteristic,description,,,Describe the artificiality characteristic,,,,,
L20,characteristic,BE,Aa_l,"Lakes, Reservoirs and barrages",BF,C0,1,1,LC_ArtificialityCharacteristic,type,,,Artificial,,,,,
L20,characteristic,BE,Aa_l,"Lakes, Reservoirs and barrages",BF,C0,1,2,LC_WaterChemistryCharacteristic,lccs3_type,,,LC_WaterChemistry,,,,,
L20,characteristic,BE,Aa_l,"Lakes, Reservoirs and barrages",BF,C0,1,2,LC_WaterChemistryCharacteristic,name,,,Water Chemistry,,,,,
L20,characteristic,BE,Aa_l,"Lakes, Reservoirs and barrages",BF,C0,1,2,LC_WaterChemistryCharacteristic,description,,,Describe the water chemistry characteristic,,,,,
L20,characteristic,BE,Aa_l,"Lakes, Reservoirs and barrages",BF,C0,1,2,LC_WaterChemistryCharacteristic,nutrient_level,,,TDS <1000ppm,,,,,
L20,characteristic,BE,Aa_l,"Lakes, Reservoirs and barrages",BF,C0,1,3,LC_WaterSalinityCharacteristic,lccs3_type,,,LC_WaterSalinity,,,,,
L20,characteristic,BE,Aa_l,"Lakes, Reservoirs and barrages",BF,C0,1,3,LC_WaterSalinityCharacteristic,name,,,Water Salinity,,,,,
L20,characteristic,BE,Aa_l,"Lakes, Reservoirs and barrages",BF,C0,1,3,LC_WaterSalinityCharacteristic,description,,,Describe the water salinity characteristic,,,,,
L20,characteristic,BE,Aa_l,"Lakes, Reservoirs and barrages",BF,C0,1,3,LC_WaterSalinityCharacteristic,type,,,Fresh,,,,,
L20,class,C5,An_l,Lagoons,,,,,,class_name,,,Lagoons,,,,,
L20,class,C5,An_l,Lagoons,,,,,,class_description,,,Describe the land cover class,,,,,
L20,class,C5,An_l,Lagoons,,,,,,class_map_code,,,An_l,,,,,
L20,class,C5,An_l,Lagoons,,,,,,uuid,,,51487250-104d-11ea-af90-c8d9d27fd88c,,,,,
L20,hp,C5,An_l,Lagoons,C6,,,,,name,,,Horizontal Pattern 1,,,,,
L20,hp,C5,An_l,Lagoons,C6,,,,,description,,,Describe the horizontal pattern,,,,,
L20,stratum,C5,An_l,Lagoons,C6,C7,,,,name,,,Stratum 1,,,,,
L20,stratum,C5,An_l,Lagoons,C6,C7,,,,description,,,Abiotic surface 1,,,,,
L20,stratum,C5,An_l,Lagoons,C6,C7,,,,presence_type,,,Mandatory,,,,,
L20,stratum,C5,An_l,Lagoons,C6,C7,,,,@ontop,,,0,,,,,
L20,element,C5,An_l,Lagoons,C6,C7,1,,LC_WaterBody,lccs3_type,,,LC_WaterBody,,,,,
L20,element,C5,An_l,Lagoons,C6,C7,1,,LC_WaterBody,name,,,Water Body,,,,,
L20,element,C5,An_l,Lagoons,C6,C7,1,,LC_WaterBody,description,,,Describe a water body surface element,,,,,
L20,element,C5,An_l,Lagoons,C6,C7,1,,LC_WaterBody,presence_type,,,Mandatory,,,,,
L20,element,C5,An_l,Lagoons,C6,C7,1,,LC_WaterBody,periodic_variation[LC_PeriodicVariations]/name,,,Periodic Variations,,,,,
L20,element,C5,An_l,Lagoons,C6,C7,1,,LC_WaterBody,periodic_variation[LC_PeriodicVariations]/description,,,Contains the elements of Periodic Variation,,,,,
L20,element,C5,An_l,Lagoons,C6,C7,1,,LC_WaterBody,periodic_variation[LC_PeriodicVariations]/elements/LC_PeriodicVariation[LC_PeriodicVariation]/name,,,Periodic Variation,,,,,
L20,element,C5,An_l,Lagoons,C6,C7,1,,LC_WaterBody,periodic_variation[LC_PeriodicVariations]/elements/LC_PeriodicVariation[LC_PeriodicVariation]/description,,,Describe a periodic variation element,,,,,
L20,element,C5,An_l,Lagoons,C6,C7,1,,LC_WaterBody,periodic_variation[LC_PeriodicVariations]/elements/LC_PeriodicVariation[LC_PeriodicVariation]/persistence_units,,,Months,,,,,
L20,element,C5,An_l,Lagoons,C6,C7,1,,LC_WaterBody,periodic_variation[LC_PeriodicVariations]/elements/LC_PeriodicVariation[LC_PeriodicVariation]/period_type,,,Atmospheric,,,,,
L20,element,C5,An_l,Lagoons,C6,C7,1,,LC_WaterBody,position,,,Above Surface,,,,,
L20,element,C5,An_l,Lagoons,C6,C7,1,,LC_WaterBody,dynamics,,,Standing,,,,,
L20,characteristic,C5,An_l,Lagoons,C6,C7,1,1,LC_ArtificialityCharacteristic,lccs3_type,,,LC_Artificiality,,,,,
L20,characteristic,C5,An_l,Lagoons,C6,C7,1,1,LC_ArtificialityCharacteristic,name,,,Artificiality,,,,,
L20,characteristic,C5,An_l,Lagoons,C6,C7,1,1,LC_ArtificialityCharacteristic,description,,,Describe the artificiality characteristic,,,,,
L20,characteristic,C5,An_l,Lagoons,C6,C7,1,1,LC_ArtificialityCharacteristic,type,,,Natural,,,,,
L20,class,CC,An_c,Streams and rivers,,,,,,class_name,,,Streams and rivers,,,,,
L20,class,CC,An_c,Streams and rivers,,,,,,class_description,,,Describe the land cover class,,,,,
L20,class,CC,An_c,Streams and rivers,,,,,,class_map_code,,,An_c,,,,,
L20,class,CC,An_c,Streams and rivers,,,,,,uuid,,,9b0d2e83-104d-11ea-af90-c8d9d27fd88c,,,,,
L20,hp,CC,An_c,Streams and rivers,CD,,,,,name,,,Horizontal Pattern 1,,,,,
L20,hp,CC,An_c,Streams and rivers,CD,,,,,description,,,Describe the horizontal pattern,,,,,
L20,stratum,CC,An_c,Streams and rivers,CD,CE,,,,name,,,Stratum 1,,,,,
L20,stratum,CC,An_c,Streams and rivers,CD,CE,,,,description,,,Abiotic surface 1,,,,,
L20,stratum,CC,An_c,Streams and rivers,CD,CE,,,,presence_type,,,Mandatory,,,,,
L20,stratum,CC,An_c,Streams and rivers,CD,CE,,,,@ontop,,,0,,,,,
L20,element,CC,An_c,Streams and rivers,CD,CE,1,,LC_WaterBody,lccs3_type,,,LC_WaterBody,,,,,
L20,element,CC,An_c,Streams and rivers,CD,CE,1,,LC_WaterBody,name,,,Water Body,,,,,
L20,element,CC,An_c,Streams and rivers,CD,CE,1,,LC_WaterBody,description,,,Describe a water body surface element,,,,,
L20,element,CC,An_c,Streams and rivers,CD,CE,1,,LC_WaterBody,presence_type,,,Mandatory,,,,,
L20,element,CC,An_c,Streams and rivers,CD,CE,1,,LC_WaterBody,periodic_variation[LC_PeriodicVariations]/name,,,Periodic Variations,,,,,
L20,element,CC,An_c,Streams and rivers,CD,CE,1,,LC_WaterBody,periodic_variation[LC_PeriodicVariations]/description,,,Contains the elements of Periodic Variation,,,,,
L20,element,CC,An_c,Streams and rivers,CD,CE,1,,LC_WaterBody,periodic_variation[LC_PeriodicVariations]/elements/LC_PeriodicVariation[LC_PeriodicVariation]/name,,,Periodic Variation,,,,,
L20,element,CC,An_c,Streams and rivers,CD,CE,1,,LC_WaterBody,periodic_variation[LC_PeriodicVariations]/elements/LC_PeriodicVariation[LC_PeriodicVariation]/description,,,Describe a periodic variation element,,,,,
L20,element,CC,An_c,Streams and rivers,CD,CE,1,,LC_WaterBody,periodic_variation[LC_PeriodicVariations]/elements/LC_PeriodicVariation[LC_PeriodicVariation]/persistence_units,,,Months,,,,,
L20,element,CC,An_c,Streams and rivers,CD,CE,1,,LC_WaterBody,periodic_variation[LC_PeriodicVariations]/elements/LC_PeriodicVariation[LC_PeriodicVariation]/period_type,,,Atmospheric,,,,,
L20,element,CC,An_c,Streams and rivers,CD,CE,1,,LC_WaterBody,position,,,Above Surface,,,,,
L20,element,CC,An_c,Streams and rivers,CD,CE,1,,LC_WaterBody,dynamics,,,Standing,,,,,
L20,characteristic,CC,An_c,Streams and rivers,CD,CE,1,1,LC_ArtificialityCharacteristic,lccs3_type,,,LC_Artificiality,,,,,
L20,characteristic,CC,An_c,Streams and rivers,CD,CE,1,1,LC_ArtificialityCharacteristic,name,,,Artificiality,,,,,
L20,characteristic,CC,An_c,Streams and rivers,CD,CE,1,1,LC_ArtificialityCharacteristic,description,,,Describe the artificiality characteristic,,,,,
L20,characteristic,CC,An_c,Streams and rivers,CD,CE,1,1,LC_ArtificialityCharacteristic,type,,,Natural,,,,,
L20,class,D1,Cp,Cropland <2ha,,,,,,class_name,,,Cropland <2ha,,,,,
L20,class,D1,Cp,Cropland <2ha,,,,,,class_description,,,Describe the land cover class,,,,,
L20,class,D1,Cp,Cropland <2ha,,,,,,class_map_code,,,Cp,,,,,
L20,class,D1,Cp,Cropland <2ha,,,,,,uuid,,,ba1c1ec0-104e-11ea-af90-c8d9d27fd88c,,,,,
L20,hp,D1,Cp,Cropland <2ha,D2,,,,,name,,,Horizontal Pattern 1,,,,,
L20,hp,D1,Cp,Cropland <2ha,D2,,,,,description,,,Describe the horizontal pattern,,,,,
L20,stratum,D1,Cp,Cropland <2ha,D2,D3,,,,name,,,Stratum 1,,,,,
L20,stratum,D1,Cp,Cropland <2ha,D2,D3,,,,description,,,Vegetation 1,,,,,
L20,stratum,D1,Cp,Cropland <2ha,D2,D3,,,,presence_type,,,Mandatory,,,,,
L20,stratum,D1,Cp,Cropland <2ha,D2,D3,,,,@ontop,,,0,,,,,
L20,element,D1,Cp,Cropland <2ha,D2,D3,1,,LC_HerbaceousGrowthForm,lccs3_type,,,LC_HerbaceousGrowthForms,,,,,
L20,element,D1,Cp,Cropland <2ha,D2,D3,1,,LC_HerbaceousGrowthForm,name,,,Herbaceous growth forms,,,,,
L20,element,D1,Cp,Cropland <2ha,D2,D3,1,,LC_HerbaceousGrowthForm,description,,,Describe a vegetation element of herbaceous growth form type,,,,,
L20,element,D1,Cp,Cropland <2ha,D2,D3,1,,LC_HerbaceousGrowthForm,presence_type,,,Mandatory,,,,,
L20,characteristic,D1,Cp,Cropland <2ha,D2,D3,1,1,LC_CultivatedAndManagedVegetationCharacteristics,lccs3_type,,,LC_CultivatedAndManagedVegetation,,,,,
L20,characteristic,D1,Cp,Cropland <2ha,D2,D3,1,1,LC_CultivatedAndManagedVegetationCharacteristics,name,,,Cultivated And Managed Vegetation,,,,,
L20,characteristic,D1,Cp,Cropland <2ha,D2,D3,1,1,LC_CultivatedAndManagedVegetationCharacteristics,description,,,Describe the cultivated and managed vegetation,,,,,
L20,characteristic,D1,Cp,Cropland <2ha,D2,D3,1,1,LC_CultivatedAndManagedVegetationCharacteristics,elements/LC_Characteristic[LC_Irrigation]/name,,,Irrigation,,,,,
L20,characteristic,D1,Cp,Cropland <2ha,D2,D3,1,1,LC_CultivatedAndManagedVegetationCharacteristics,elements/LC_Characteristic[LC_Irrigation]/description,,,Describe the irrigation,,,,,
L20,characteristic,D1,Cp,Cropland <2ha,D2,D3,1,1,LC_CultivatedAndManagedVegetationCharacteristics,elements/LC_Characteristic[LC_FieldSize]/name,,,Field Size,,,,,
L20,characteristic,D1,Cp,Cropland <2ha,D2,D3,1,1,LC_CultivatedAndManagedVegetationCharacteristics,elements/LC_Characteristic[LC_FieldSize]/description,,,Describe the field size,,,,,
L20,characteristic,D1,Cp,Cropland <2ha,D2,D3,1,1,LC_CultivatedAndManagedVegetationCharacteristics,elements/LC_Characteristic[LC_FieldSize]/size,0.0,2.0,,,,,,
L20,characteristic,D1,Cp,Cropland <2ha,D2,D3,1,1,LC_CultivatedAndManagedVegetationCharacteristics,elements/LC_Characteristic[LC_Rainfed]/name,,,Rainfed,,,,,
L20,characteristic,D1,Cp,Cropland <2ha,D2,D3,1,1,LC_CultivatedAndManagedVegetationCharacteristics,elements/LC_Characteristic[LC_Rainfed]/description,,,Describe the rainfed,,,,,
L20,class,D9,Crg,Irrigated cropland >2ha,,,,,,class_name,,,Irrigated cropland >2ha,,,,,
L20,class,D9,Crg,Irrigated cropland >2ha,,,,,,class_description,,,Describe the land cover class,,,,,
L20,class,D9,Crg,Irrigated cropland >2ha,,,,,,class_map_code,,,Crg,,,,,
L20,class,D9,Crg,Irrigated cropland >2ha,,,,,,uuid,,,3ca2bb63-104f-11ea-af90-c8d9d27fd88c,,,,,
L20,hp,D9,Crg,Irrigated cropland >2ha,DA,,,,,name,,,Horizontal Pattern 1,,,,,
L20,hp,D9,Crg,Irrigated cropland >2ha,DA,,,,,description,,,Describe the horizontal pattern,,,,,
L20,stratum,D9,Crg,Irrigated cropland >2ha,DA,DB,,,,name,,,Stratum 1,,,,,
L20,stratum,D9,Crg,Irrigated cropland >2ha,DA,DB,,,,description,,,Vegetation 1,,,,,
L20,stratum,D9,Crg,Irrigated cropland >2ha,DA,DB,,,,presence_type,,,Mandatory,,,,,
L20,stratum,D9,Crg,Irrigated cropland >2ha,DA,DB,,,,@ontop,,,0,,,,,
L20,element,D9,Crg,Irrigated cropland >2ha,DA,DB,1,,LC_HerbaceousGrowthForm,lccs3_type,,,LC_HerbaceousGrowthForms,,,,,
L20,element,D9,Crg,Irrigated cropland >2ha,DA,DB,1,,LC_HerbaceousGrowthForm,name,,,Herbaceous growth forms,,,,,
L20,element,D9,Crg,Irrigated cropland >2ha,DA,DB,1,,LC_HerbaceousGrowthForm,description,,,Describe a vegetation element of herbaceous growth form type,,,,,
L20,element,D9,Crg,Irrigated cropland >2ha,DA,DB,1,,LC_HerbaceousGrowthForm,presence_type,,,Mandatory,,,,,
L20,characteristic,D9,Crg,Irrigated cropland >2ha,DA,DB,1,1,LC_CultivatedAndManagedVegetationCharacteristics,lccs3_type,,,LC_CultivatedAndManagedVegetation,,,,,
L20,characteristic,D9,Crg,Irrigated cropland >2ha,DA,DB,1,1,LC_CultivatedAndManagedVegetationCharacteristics,name,,,Cultivated And Managed Vegetation,,,,,
L20,characteristic,D9,Crg,Irrigated cropland >2ha,DA,DB,1,1,LC_CultivatedAndManagedVegetationCharacteristics,description,,,Describe the cultivated and managed vegetation,,,,,
L20,characteristic,D9,Crg,Irrigated cropland >2ha,DA,DB,1,1,LC_CultivatedAndManagedVegetationCharacteristics,elements/LC_Characteristic[LC_Irrigation]/name,,,Irrigation,,,,,
L20,characteristic,D9,Crg,Irrigated cropland >2ha,DA,DB,1,1,LC_CultivatedAndManagedVegetationCharacteristics,elements/LC_Characteristic[LC_Irrigation]/description,,,Describe the irrigation,,,,,
L20,characteristic,D9,Crg,Irrigated cropland >2ha,DA,DB,1,1,LC_CultivatedAndManagedVegetationCharacteristics,elements/LC_Characteristic[LC_FieldSize]/name,,,Field Size,,,,,
L20,characteristic,D9,Crg,Irrigated cropland >2ha,DA,DB,1,1,LC_CultivatedAndManagedVegetationCharacteristics,elements/LC_Characteristic[LC_FieldSize]/description,,,Describe the field size,,,,,
L20,characteristic,D9,Crg,Irrigated cropland >2ha,DA,DB,1,1,LC_CultivatedAndManagedVegetationCharacteristics,elements/LC_Characteristic[LC_FieldSize]/size,2.0,100.0,,,,,,
L20,class,E0,Csg,Rainfed cropland >2ha,,,,,,class_name,,,Rainfed cropland >2ha,,,,,
L20,class,E0,Csg,Rainfed cropland >2ha,,,,,,class_description,,,Describe the land cover class,,,,,
L20,class,E0,Csg,Rainfed cropland >2ha,,,,,,class_map_code,,,Csg,,,,,
L20,class,E0,Csg,Rainfed cropland >2ha,,,,,,uuid,,,75e53d80-104f-11ea-af90-c8d9d27fd88c,,,,,
L20,hp,E0,Csg,Rainfed cropland >2ha,E1,,,,,name,,,Horizontal Pattern 1,,,,,
L20,hp,E0,Csg,Rainfed cropland >2ha,E1,,,,,description,,,Describe the horizontal pattern,,,,,
L20,stratum,E0,Csg,Rainfed cropland >2ha,E1,E2,,,,name,,,Stratum 1,,,,,
L20,stratum,E0,Csg,Rainfed cropland >2ha,E1,E2,,,,description,,,Vegetation 1,,,,,
L20,stratum,E0,Csg,Rainfed cropland >2ha,E1,E2,,,,presence_type,,,Mandatory,,,,,
L20,stratum,E0,Csg,Rainfed cropland >2ha,E1,E2,,,,@ontop,,,0,,,,,
L20,element,E0,Csg,Rainfed cropland >2ha,E1,E2,1,,LC_HerbaceousGrowthForm,lccs3_type,,,LC_HerbaceousGrowthForms,,,,,
L20,element,E0,Csg,Rainfed cropland >2ha,E1,E2,1,,LC_HerbaceousGrowthForm,name,,,Herbaceous growth forms,,,,,
L20,element,E0,Csg,Rainfed cropland >2ha,E1,E2,1,,LC_HerbaceousGrowthForm,description,,,Describe a vegetation element of herbaceous growth form type,,,,,
L20,element,E0,Csg,Rainfed cropland >2ha,E1,E2,1,,LC_HerbaceousGrowthForm,presence_type,,,Mandatory,,,,,
L20,characteristic,E0,Csg,Rainfed cropland >2ha,E1,E2,1,1,LC_CultivatedAndManagedVegetationCharacteristics,lccs3_type,,,LC_CultivatedAndManagedVegetation,,,,,
L20,characteristic,E0,Csg,Rainfed cropland >2ha,E1,E2,1,1,LC_CultivatedAndManagedVegetationCharacteristics,name,,,Cultivated And Managed Vegetation,,,,,
L20,characteristic,E0,Csg,Rainfed cropland >2ha,E1,E2,1,1,LC_CultivatedAndManagedVegetationCharacteristics,description,,,Describe the cultivated and managed vegetation,,,,,
L20,characteristic,E0,Csg,Rainfed cropland >2ha,E1,E2,1,1,LC_CultivatedAndManagedVegetationCharacteristics,elements/LC_Characteristic[LC_Rainfed]/name,,,Rainfed,,,,,
L20,characteristic,E0,Csg,Rainfed cropland >2ha,E1,E2,1,1,LC_CultivatedAndManagedVegetationCharacteristics,elements/LC_Characteristic[LC_Rainfed]/description,,,Describe the rainfed,,,,,
L20,characteristic,E0,Csg,Rainfed cropland >2ha,E1,E2,1,1,LC_CultivatedAndManagedVegetationCharacteristics,elements/LC_Characteristic[LC_FieldSize]/name,,,Field Size,,,,,
L20,characteristic,E0,Csg,Rainfed cropland >2ha,E1,E2,1,1,LC_CultivatedAndManagedVegetationCharacteristics,elements/LC_Characteristic[LC_FieldSize]/description,,,Describe the field size,,,,,
L20,characteristic,E0,Csg,Rainfed cropland >2ha,E1,E2,1,1,LC_CultivatedAndManagedVegetationCharacteristics,elements/LC_Characteristic[LC_FieldSize]/size,2.0,100.0,,,,,,
L20,class,E7,He_p,Improved grassland,,,,,,class_name,,,Improved grassland,,,,,
L20,class,E7,He_p,Improved grassland,,,,,,class_description,,,Describe the land cover class,,,,,
L20,class,E7,He_p,Improved grassland,,,,,,class_map_code,,,He_p,,,,,
L20,class,E7,He_p,Improved grassland,,,,,,uuid,,,40794960-1050-11ea-af90-c8d9d27fd88c,,,,,
L20,hp,E7,He_p,Improved grassland,E8,,,,,name,,,Horizontal Pattern 1,,,,,
L20,hp,E7,He_p,Improved grassland,E8,,,,,description,,,Describe the horizontal pattern,,,,,
L20,stratum,E7,He_p,Improved grassland,E8,E9,,,,name,,,Stratum 1,,,,,
L20,stratum,E7,He_p,Improved grassland,E8,E9,,,,description,,,Vegetation 1,,,,,
L20,stratum,E7,He_p,Improved grassland,E8,E9,,,,presence_type,,,Mandatory,,,,,
L20,stratum,E7,He_p,Improved grassland,E8,E9,,,,@ontop,,,0,,,,,
L20,element,E7,He_p,Improved grassland,E8,E9,1,,LC_HerbaceousGrowthForm,lccs3_type,,,LC_HerbaceousGrowthForms,,,,,
L20,element,E7,He_p,Improved grassland,E8,E9,1,,LC_HerbaceousGrowthForm,name,,,Herbaceous growth forms,,,,,
L20,element,E7,He_p,Improved grassland,E8,E9,1,,LC_HerbaceousGrowthForm,description,,,Describe a vegetation element of herbaceous growth form type,,,,,
L20,element,E7,He_p,Improved grassland,E8,E9,1,,LC_HerbaceousGrowthForm,presence_type,,,Mandatory,,,,,
L20,characteristic,E7,He_p,Improved grassland,E8,E9,1,1,LC_CultivatedAndManagedVegetationCharacteristics,lccs3_type,,,LC_CultivatedAndManagedVegetation,,,,,
L20,characteristic,E7,He_p,Improved grassland,E8,E9,1,1,LC_CultivatedAndManagedVegetationCharacteristics,name,,,Cultivated And Managed Vegetation,,,,,
L20,characteristic,E7,He_p,Improved grassland,E8,E9,1,1,LC_CultivatedAndManagedVegetationCharacteristics,description,,,Describe the cultivated and managed vegetation,,,,,
L20,characteristic,E7,He_p,Improved grassland,E8,E9,1,2,LC_CultivatedAndManagedVegetationCharacteristics,lccs3_type,,,LC_TreeAreaManagementPractices,,,,,land-use practice in ISO 19144-3
L20,characteristic,E7,He_p,Improved grassland,E8,E9,1,2,LC_CultivatedAndManagedVegetationCharacteristics,name,,,Management Practice,,,,,
L20,characteristic,E7,He_p,Improved grassland,E8,E9,1,2,LC_CultivatedAndManagedVegetationCharacteristics,description,,,Describe a management practice,,,,,
L20,characteristic,E7,He_p,Improved grassland,E8,E9,1,2,LC_CultivatedAndManagedVegetationCharacteristics,LC_MultiTreeAreaManagementPractices[LC_MultiTreeAreaManagementPractices]/name,,,Management Practices,,,,,
L20,characteristic,E7,He_p,Improved grassland,E8,E9,1,2,LC_CultivatedAndManagedVegetationCharacteristics,LC_MultiTreeAreaManagementPractices[LC_MultiTreeAreaManagementPractices]/description,,,Contains the elements of Management Practices,,,,,
L20,characteristic,E7,He_p,Improved grassland,E8,E9,1,2,LC_CultivatedAndManagedVegetationCharacteristics,LC_MultiTreeAreaManagementPractices[LC_MultiTreeAreaManagementPractices]/elements/LC_MultiTreeAreaManagementPractice[LC_MultiTreeAreaManagementPractice]/name,,,Management Practice,,,,,
L20,characteristic,E7,He_p,Improved grassland,E8,E9,1,2,LC_CultivatedAndManagedVegetationCharacteristics,LC_MultiTreeAreaManagementPractices[LC_MultiTreeAreaManagementPractices]/elements/LC_MultiTreeAreaManagementPractice[LC_MultiTreeAreaManagementPractice]/description,,,Describe a management practice element,,,,,
L20,characteristic,E7,He_p,Improved grassland,E8,E9,1,2,LC_CultivatedAndManagedVegetationCharacteristics,LC_MultiTreeAreaManagementPractices[LC_MultiTreeAreaManagementPractices]/elements/LC_MultiTreeAreaManagementPractice[LC_MultiTreeAreaManagementPractice]/type,,,Managed grassland,,,,,
L20,class,EF,Fr,Orchard,,,,,,class_name,,,Orchard,,,,,
L20,class,EF,Fr,Orchard,,,,,,class_description,,,Describe the land cover class,,,,,
L20,class,EF,Fr,Orchard,,,,,,class_map_code,,,Fr,,,,,
L20,class,EF,Fr,Orchard,,,,,,uuid,,,8be334a0-1051-11ea-af90-c8d9d27fd88c,,,,,
L20,hp,EF,Fr,Orchard,F0,,,,,name,,,Horizontal Pattern 1,,,,,
L20,hp,EF,Fr,Orchard,F0,,,,,description,,,Describe the horizontal pattern,,,,,
L20,stratum,EF,Fr,Orchard,F0,F1,,,,name,,,Stratum 1,,,,,
L20,stratum,EF,Fr,Orchard,F0,F1,,,,description,,,Vegetation 1,,,,,
L20,stratum,EF,Fr,Orchard,F0,F1,,,,presence_type,,,Mandatory,,,,,
L20,stratum,EF,Fr,Orchard,F0,F1,,,,@ontop,,,0,,,,,
L20,element,EF,Fr,Orchard,F0,F1,1,,LC_Tree,lccs3_type,,,LC_Trees,,,,,
L20,element,EF,Fr,Orchard,F0,F1,1,,LC_Tree,name,,,Trees,,,,,
L20,element,EF,Fr,Orchard,F0,F1,1,,LC_Tree,description,,,Describe a vegetation element of trees type,,,,,
L20,element,EF,Fr,Orchard,F0,F1,1,,LC_Tree,presence_type,,,Mandatory,,,,,
L20,characteristic,EF,Fr,Orchard,F0,F1,1,1,LC_CultivatedAndManagedVegetationCharacteristics,lccs3_type,,,LC_CultivatedAndManagedVegetation,,,,,
L20,characteristic,EF,Fr,Orchard,F0,F1,1,1,LC_CultivatedAndManagedVegetationCharacteristics,name,,,Cultivated And Managed Vegetation,,,,,
L20,characteristic,EF,Fr,Orchard,F0,F1,1,1,LC_CultivatedAndManagedVegetationCharacteristics,description,,,Describe the cultivated and managed vegetation,,,,,
L20,characteristic,EF,Fr,Orchard,F0,F1,1,1,LC_CultivatedAndManagedVegetationCharacteristics,elements/LC_Characteristic[LC_OrchardAndOtherPlantation]/name,,,Orchard And Other Plantation,,,,,
L20,characteristic,EF,Fr,Orchard,F0,F1,1,1,LC_CultivatedAndManagedVegetationCharacteristics,elements/LC_Characteristic[LC_OrchardAndOtherPlantation]/description,,,Describe the orchard and other plantation,,,,,
L20,characteristic,EF,Fr,Orchard,F0,F1,1,1,LC_CultivatedAndManagedVegetationCharacteristics,elements/LC_Characteristic[LC_Irrigation]/name,,,Irrigation,,,,,
L20,characteristic,EF,Fr,Orchard,F0,F1,1,1,LC_CultivatedAndManagedVegetationCharacteristics,elements/LC_Characteristic[LC_Irrigation]/description,,,Describe the irrigation,,,,,
L20,characteristic,EF,Fr,Orchard,F0,F1,1,1,LC_CultivatedAndManagedVegetationCharacteristics,elements/LC_Characteristic[LC_Irrigation]/percentage,60.0,100.0,,,,,,
L20,characteristic,EF,Fr,Orchard,F0,F1,1,2,LC_FloristicAspectsCharacteristic,lccs3_type,,,LC_FloristicAspect,,,,,
L20,characteristic,EF,Fr,Orchard,F0,F1,1,2,LC_FloristicAspectsCharacteristic,name,,,Floristic Aspect,,,,,
L20,characteristic,EF,Fr,Orchard,F0,F1,1,2,LC_FloristicAspectsCharacteristic,description,,,Describe the floristic aspect,,,,,
L20,characteristic,EF,Fr,Orchard,F0,F1,1,2,LC_FloristicAspectsCharacteristic,elements/LC_Characteristic[LC_GroupOfPlantSpecies]/name,,,Group Of Plant Species,,,,,
L20,characteristic,EF,Fr,Orchard,F0,F1,1,2,LC_FloristicAspectsCharacteristic,elements/LC_Characteristic[LC_GroupOfPlantSpecies]/description,,,Describe a floristic aspect as a group of plant species,,,,,
L20,class,F9,He_ein,Consolidated rock,,,,,,class_name,,,Consolidated rock,,,,,
L20,class,F9,He_ein,Consolidated rock,,,,,,class_description,,,Describe the land cover class,,,,,
L20,class,F9,He_ein,Consolidated rock,,,,,,class_map_code,,,He_ein,,,,,
L20,class,F9,He_ein,Consolidated rock,,,,,,uuid,,,9e699133-1053-11ea-af90-c8d9d27fd88c,,,,,
L20,hp,F9,He_ein,Consolidated rock,FA,,,,,name,,,Horizontal Pattern 1,,,,,
L20,hp,F9,He_ein,Consolidated rock,FA,,,,,description,,,Describe the horizontal pattern,,,,,
L20,stratum,F9,He_ein,Consolidated rock,FA,FB,,,,name,,,Stratum 1,,,,,
L20,stratum,F9,He_ein,Consolidated rock,FA,FB,,,,description,,,Vegetation 1,,,,,
L20,stratum,F9,He_ein,Consolidated rock,FA,FB,,,,presence_type,,,Mandatory,,,,,
L20,stratum,F9,He_ein,Consolidated rock,FA,FB,,,,@ontop,,,0,,,,,
L20,element,F9,He_ein,Consolidated rock,FA,FB,1,,LC_HerbaceousGrowthForm,lccs3_type,,,LC_HerbaceousGrowthForms,,,,,
L20,element,F9,He_ein,Consolidated rock,FA,FB,1,,LC_HerbaceousGrowthForm,name,,,Herbaceous growth forms,,,,,
L20,element,F9,He_ein,Consolidated rock,FA,FB,1,,LC_HerbaceousGrowthForm,description,,,Describe a vegetation element of herbaceous growth form type,,,,,
L20,element,F9,He_ein,Consolidated rock,FA,FB,1,,LC_HerbaceousGrowthForm,cover,15.0,100.0,,,,,,
L20,element,F9,He_ein,Consolidated rock,FA,FB,1,,LC_HerbaceousGrowthForm,presence_type,,,Mandatory,,,,,
L20,element,F9,He_ein,Consolidated rock,FA,FB,1,,LC_HerbaceousGrowthForm,height,0.0,150.0,,,,,,
L20,stratum,F9,He_ein,Consolidated rock,FA,FD,,,,name,,,Stratum 2,,,,,
L20,stratum,F9,He_ein,Consolidated rock,FA,FD,,,,description,,,Abiotic surface 2,,,,,
L20,stratum,F9,He_ein,Consolidated rock,FA,FD,,,,presence_type,,,Mandatory,,,,,
L20,stratum,F9,He_ein,Consolidated rock,FA,FD,,,,@ontop,,,0,,,,,
L20,element,F9,He_ein,Consolidated rock,FA,FD,1,,LC_WaterBody,lccs3_type,,,LC_WaterBody,,,,,
L20,element,F9,He_ein,Consolidated rock,FA,FD,1,,LC_WaterBody,name,,,Water Body,,,,,
L20,element,F9,He_ein,Consolidated rock,FA,FD,1,,LC_WaterBody,description,,,Describe a water body surface element,,,,,
L20,element,F9,He_ein,Consolidated rock,FA,FD,1,,LC_WaterBody,presence_type,,,Mandatory,,,,,
L20,element,F9,He_ein,Consolidated rock,FA,FD,1,,LC_WaterBody,periodic_variation[LC_PeriodicVariations]/name,,,Periodic Variations,,,,,
L20,element,F9,He_ein,Consolidated rock,FA,FD,1,,LC_WaterBody,periodic_variation[LC_PeriodicVariations]/description,,,Contains the elements of Periodic Variation,,,,,
L20,element,F9,He_ein,Consolidated rock,FA,FD,1,,LC_WaterBody,periodic_variation[LC_PeriodicVariations]/elements/LC_PeriodicVariation[LC_PeriodicVariation]/name,,,Periodic Variation,,,,,
L20,element,F9,He_ein,Consolidated rock,FA,FD,1,,LC_WaterBody,periodic_variation[LC_PeriodicVariations]/elements/LC_PeriodicVariation[LC_PeriodicVariation]/description,,,Describe a periodic variation element,,,,,
L20,element,F9,He_ein,Consolidated rock,FA,FD,1,,LC_WaterBody,periodic_variation[LC_PeriodicVariations]/elements/LC_PeriodicVariation[LC_PeriodicVariation]/persistence_units,,,Months,,,,,
L20,element,F9,He_ein,Consolidated rock,FA,FD,1,,LC_WaterBody,periodic_variation[LC_PeriodicVariations]/elements/LC_PeriodicVariation[LC_PeriodicVariation]/period_type,,,Atmospheric,,,,,
L20,element,F9,He_ein,Consolidated rock,FA,FD,1,,LC_WaterBody,position,,,Above Surface,,,,,
L20,characteristic,F9,He_ein,Consolidated rock,FA,FD,1,1,LC_ArtificialityCharacteristic,lccs3_type,,,LC_Artificiality,,,,,
L20,characteristic,F9,He_ein,Consolidated rock,FA,FD,1,1,LC_ArtificialityCharacteristic,name,,,Artificiality,,,,,
L20,characteristic,F9,He_ein,Consolidated rock,FA,FD,1,1,LC_ArtificialityCharacteristic,description,,,Describe the artificiality characteristic,,,,,
L20,characteristic,F9,He_ein,Consolidated rock,FA,FD,1,1,LC_ArtificialityCharacteristic,type,,,Natural,,,,,
L20,characteristic,F9,He_ein,Consolidated rock,FA,FD,1,2,LC_WaterSalinityCharacteristic,lccs3_type,,,LC_WaterSalinity,,,,,
L20,characteristic,F9,He_ein,Consolidated rock,FA,FD,1,2,LC_WaterSalinityCharacteristic,name,,,Water Salinity,,,,,
L20,characteristic,F9,He_ein,Consolidated rock,FA,FD,1,2,LC_WaterSalinityCharacteristic,description,,,Describe the water salinity characteristic,,,,,
L20,characteristic,F9,He_ein,Consolidated rock,FA,FD,1,2,LC_WaterSalinityCharacteristic,type,,,Fresh,,,,,
