system,record,class_id,class_map_code,class_name,hp_id,stratum_id,block_id,char_id,ref,attribute,min,max,value,evidence,framing_ref,confidence,status,note
L35,legend,,,,,,,,,legend_name,,,Fouta Djallon Highlands,,,,,
L35,legend,,,,,,,,,legend_description,,,Describe the legend,,,,,
L35,class,2,LT,Large to medium tree crops,,,,,,class_name,,,Large to medium tree crops,,,,,
L35,class,2,LT,Large to medium tree crops,,,,,,class_description,,,Describe the land cover class,,,,,
L35,class,2,LT,Large to medium tree crops,,,,,,class_map_code,,,LT,,,,,
L35,class,2,LT,Large to medium tree crops,,,,,,uuid,,,77495f30-390d-11ef-ae97-086ac51cbb00,,,,,
L35,hp,2,LT,Large to medium tree crops,3,,,,,name,,,Horizontal Pattern 1,,,,,
L35,hp,2,LT,Large to medium tree crops,3,,,,,description,,,Describe the horizontal pattern,,,,,
L35,stratum,2,LT,Large to medium tree crops,3,4,,,,name,,,Stratum 1,,,,,
L35,stratum,2,LT,Large to medium tree crops,3,4,,,,description,,,Vegetation 1,,,,,
L35,stratum,2,LT,Large to medium tree crops,3,4,,,,presence_type,,,Mandatory,,,,,
L35,stratum,2,LT,Large to medium tree crops,3,4,,,,@ontop,,,0,,,,,
L35,element,2,LT,Large to medium tree crops,3,4,1,,LC_Tree,lccs3_type,,,LC_Trees,,,,,
L35,element,2,LT,Large to medium tree crops,3,4,1,,LC_Tree,name,,,Trees,,,,,
L35,element,2,LT,Large to medium tree crops,3,4,1,,LC_Tree,description,,,Describe a vegetation element of trees type,,,,,
L35,element,2,LT,Large to medium tree crops,3,4,1,,LC_Tree,presence_type,,,Mandatory,,,,,
L35,characteristic,2,LT,Large to medium tree crops,3,4,1,1,LC_CultivatedAndManagedVegetationCharacteristics,lccs3_type,,,LC_CultivatedAndManagedVegetation,,,,,
L35,characteristic,2,LT,Large to medium tree crops,3,4,1,1,LC_CultivatedAndManagedVegetationCharacteristics,name,,,Cultivated And Managed Vegetation,,,,,
L35,characteristic,2,LT,Large to medium tree crops,3,4,1,1,LC_CultivatedAndManagedVegetationCharacteristics,description,,,Describe the cultivated and managed vegetation,,,,,
L35,characteristic,2,LT,Large to medium tree crops,3,4,1,1,LC_CultivatedAndManagedVegetationCharacteristics,elements/LC_Characteristic[LC_OrchardAndOtherPlantation]/name,,,Orchard And Other Plantation,,,,,
L35,characteristic,2,LT,Large to medium tree crops,3,4,1,1,LC_CultivatedAndManagedVegetationCharacteristics,elements/LC_Characteristic[LC_OrchardAndOtherPlantation]/description,,,Describe the orchard and other plantation,,,,,
L35,characteristic,2,LT,Large to medium tree crops,3,4,1,1,LC_CultivatedAndManagedVegetationCharacteristics,elements/LC_Characteristic[LC_FieldSize]/name,,,Field Size,,,,,
L35,characteristic,2,LT,Large to medium tree crops,3,4,1,1,LC_CultivatedAndManagedVegetationCharacteristics,elements/LC_Characteristic[LC_FieldSize]/description,,,Describe the field size,,,,,
L35,characteristic,2,LT,Large to medium tree crops,3,4,1,1,LC_CultivatedAndManagedVegetationCharacteristics,elements/LC_Characteristic[LC_FieldSize]/size,2.0,100.0,,,,,,
L35,class,9,ST,Small tree crops,,,,,,class_name,,,Small tree crops,,,,,
L35,class,9,ST,Small tree crops,,,,,,class_description,,,Describe the land cover class,,,,,
L35,class,9,ST,Small tree crops,,,,,,class_map_code,,,ST,,,,,
L35,class,9,ST,Small tree crops,,,,,,uuid,,,c973eaf0-390d-11ef-ae97-086ac51cbb00,,,,,
L35,hp,9,ST,Small tree crops,A,,,,,name,,,Horizontal Pattern 1,,,,,
L35,hp,9,ST,Small tree crops,A,,,,,description,,,Describe the horizontal pattern,,,,,
L35,stratum,9,ST,Small tree crops,A,B,,,,name,,,Stratum 1,,,,,
L35,stratum,9,ST,Small tree crops,A,B,,,,description,,,Vegetation 1,,,,,
L35,stratum,9,ST,Small tree crops,A,B,,,,presence_type,,,Mandatory,,,,,
L35,stratum,9,ST,Small tree crops,A,B,,,,@ontop,,,0,,,,,
L35,element,9,ST,Small tree crops,A,B,1,,LC_Tree,lccs3_type,,,LC_Trees,,,,,
L35,element,9,ST,Small tree crops,A,B,1,,LC_Tree,name,,,Trees,,,,,
L35,element,9,ST,Small tree crops,A,B,1,,LC_Tree,description,,,Describe a vegetation element of trees type,,,,,
L35,element,9,ST,Small tree crops,A,B,1,,LC_Tree,presence_type,,,Mandatory,,,,,
L35,characteristic,9,ST,Small tree crops,A,B,1,1,LC_CultivatedAndManagedVegetationCharacteristics,lccs3_type,,,LC_CultivatedAndManagedVegetation,,,,,
L35,characteristic,9,ST,Small tree crops,A,B,1,1,LC_CultivatedAndManagedVegetationCharacteristics,name,,,Cultivated And Managed Vegetation,,,,,
L35,characteristic,9,ST,Small tree crops,A,B,1,1,LC_CultivatedAndManagedVegetationCharacteristics,description,,,Describe the cultivated and managed vegetation,,,,,
L35,characteristic,9,ST,Small tree crops,A,B,1,1,LC_CultivatedAndManagedVegetationCharacteristics,elements/LC_Characteristic[LC_OrchardAndOtherPlantation]/name,,,Orchard And Other Plantation,,,,,
L35,characteristic,9,ST,Small tree crops,A,B,1,1,LC_CultivatedAndManagedVegetationCharacteristics,elements/LC_Characteristic[LC_OrchardAndOtherPlantation]/description,,,Describe the orchard and other plantation,,,,,
L35,characteristic,9,ST,Small tree crops,A,B,1,1,LC_CultivatedAndManagedVegetationCharacteristics,elements/LC_Characteristic[LC_FieldSize]/name,,,Field Size,,,,,
L35,characteristic,9,ST,Small tree crops,A,B,1,1,LC_CultivatedAndManagedVegetationCharacteristics,elements/LC_Characteristic[LC_FieldSize]/description,,,Describe the field size,,,,,
L35,characteristic,9,ST,Small tree crops,A,B,1,1,LC_CultivatedAndManagedVegetationCharacteristics,elements/LC_Characteristic[LC_FieldSize]/size,0.1,2.0,,,,,,
L35,class,11,RBT,Rainfed broadleaved evergreen tree crop(s),,,,,,class_name,,,Rainfed broadleaved evergreen tree crop(s),,,,,
L35,class,11,RBT,Rainfed broadleaved evergreen tree crop(s),,,,,,class_description,,,Dominated by coconut palm (Cocos nucifera L.),,,,,
L35,class,11,RBT,Rainfed broadleaved evergreen tree crop(s),,,,,,class_map_code,,,RBT,,,,,
L35,class,11,RBT,Rainfed broadleaved evergreen tree crop(s),,,,,,uuid,,,8e575c30-390e-11ef-ae97-086ac51cbb00,,,,,
L35,hp,11,RBT,Rainfed broadleaved evergreen tree crop(s),12,,,,,name,,,Horizontal Pattern 1,,,,,
L35,hp,11,RBT,Rainfed broadleaved evergreen tree crop(s),12,,,,,description,,,Describe the horizontal pattern,,,,,
L35,stratum,11,RBT,Rainfed broadleaved evergreen tree crop(s),12,13,,,,name,,,Stratum 1,,,,,
L35,stratum,11,RBT,Rainfed broadleaved evergreen tree crop(s),12,13,,,,description,,,Vegetation 1,,,,,
L35,stratum,11,RBT,Rainfed broadleaved evergreen tree crop(s),12,13,,,,presence_type,,,Mandatory,,,,,
L35,stratum,11,RBT,Rainfed broadleaved evergreen tree crop(s),12,13,,,,@ontop,,,0,,,,,
L35,element,11,RBT,Rainfed broadleaved evergreen tree crop(s),12,13,1,,LC_Tree,lccs3_type,,,LC_Trees,,,,,
L35,element,11,RBT,Rainfed broadleaved evergreen tree crop(s),12,13,1,,LC_Tree,name,,,Trees,,,,,
L35,element,11,RBT,Rainfed broadleaved evergreen tree crop(s),12,13,1,,LC_Tree,description,,,Describe a vegetation element of trees type,,,,,
L35,element,11,RBT,Rainfed broadleaved evergreen tree crop(s),12,13,1,,LC_Tree,presence_type,,,Mandatory,,,,,
L35,element,11,RBT,Rainfed broadleaved evergreen tree crop(s),12,13,1,,LC_Tree,LC_WoodyGrowthLeafType[LC_WoodyGrowthLeafType]/name,,,Woody Growth Leaf Type,,,,,
L35,element,11,RBT,Rainfed broadleaved evergreen tree crop(s),12,13,1,,LC_Tree,LC_WoodyGrowthLeafType[LC_WoodyGrowthLeafType]/description,,,Contains the elements of Woody Growth Leaf Type,,,,,
L35,element,11,RBT,Rainfed broadleaved evergreen tree crop(s),12,13,1,,LC_Tree,LC_WoodyGrowthLeafType[LC_WoodyGrowthLeafType]/elements/LC_WoodyLeafType[LC_Broadleaved]/name,,,Broadleaved,,,,,
L35,element,11,RBT,Rainfed broadleaved evergreen tree crop(s),12,13,1,,LC_Tree,LC_WoodyGrowthLeafType[LC_WoodyGrowthLeafType]/elements/LC_WoodyLeafType[LC_Broadleaved]/description,,,Describe a Broadleaved type element,,,,,
L35,element,11,RBT,Rainfed broadleaved evergreen tree crop(s),12,13,1,,LC_Tree,LC_WoodyGrowthLeafPhenology[LC_WoodyGrowthLeafPhenology]/name,,,Woody Growth Leaf Phenology,,,,,
L35,element,11,RBT,Rainfed broadleaved evergreen tree crop(s),12,13,1,,LC_Tree,LC_WoodyGrowthLeafPhenology[LC_WoodyGrowthLeafPhenology]/description,,,Contains the elements of Woody Growth Leaf Phenology,,,,,
L35,element,11,RBT,Rainfed broadleaved evergreen tree crop(s),12,13,1,,LC_Tree,LC_WoodyGrowthLeafPhenology[LC_WoodyGrowthLeafPhenology]/elements/LC_WoodyLeafPhenology[LC_Evergreen]/name,,,Evergreen,,,,,
L35,element,11,RBT,Rainfed broadleaved evergreen tree crop(s),12,13,1,,LC_Tree,LC_WoodyGrowthLeafPhenology[LC_WoodyGrowthLeafPhenology]/elements/LC_WoodyLeafPhenology[LC_Evergreen]/description,,,Describe an Evergreen leaf phenology element,,,,,
L35,characteristic,11,RBT,Rainfed broadleaved evergreen tree crop(s),12,13,1,1,LC_CultivatedAndManagedVegetationCharacteristics,lccs3_type,,,LC_CultivatedAndManagedVegetation,,,,,
L35,characteristic,11,RBT,Rainfed broadleaved evergreen tree crop(s),12,13,1,1,LC_CultivatedAndManagedVegetationCharacteristics,name,,,Cultivated And Managed Vegetation,,,,,
L35,characteristic,11,RBT,Rainfed broadleaved evergreen tree crop(s),12,13,1,1,LC_CultivatedAndManagedVegetationCharacteristics,description,,,Describe the cultivated and managed vegetation,,,,,
L35,characteristic,11,RBT,Rainfed broadleaved evergreen tree crop(s),12,13,1,1,LC_CultivatedAndManagedVegetationCharacteristics,elements/LC_Characteristic[LC_Rainfed]/name,,,Rainfed,,,,,
L35,characteristic,11,RBT,Rainfed broadleaved evergreen tree crop(s),12,13,1,1,LC_CultivatedAndManagedVegetationCharacteristics,elements/LC_Characteristic[LC_Rainfed]/description,,,Describe the rainfed,,,,,
L35,characteristic,11,RBT,Rainfed broadleaved evergreen tree crop(s),12,13,1,2,LC_FloristicAspectsCharacteristic,lccs3_type,,,LC_FloristicAspect,,,,,
L35,characteristic,11,RBT,Rainfed broadleaved evergreen tree crop(s),12,13,1,2,LC_FloristicAspectsCharacteristic,name,,,Floristic Aspect,,,,,
L35,characteristic,11,RBT,Rainfed broadleaved evergreen tree crop(s),12,13,1,2,LC_FloristicAspectsCharacteristic,description,,,Describe the floristic aspect,,,,,
L35,characteristic,11,RBT,Rainfed broadleaved evergreen tree crop(s),12,13,1,2,LC_FloristicAspectsCharacteristic,elements/LC_Characteristic[LC_SinglePlantSpecies]/name,,,Single Plant Species,,,,,
L35,characteristic,11,RBT,Rainfed broadleaved evergreen tree crop(s),12,13,1,2,LC_FloristicAspectsCharacteristic,elements/LC_Characteristic[LC_SinglePlantSpecies]/description,,,Describe a floristic aspect of single plant species,,,,,
L35,characteristic,11,RBT,Rainfed broadleaved evergreen tree crop(s),12,13,1,2,LC_FloristicAspectsCharacteristic,elements/LC_Characteristic[LC_SinglePlantSpecies]/type,,,Dominant,,,,,
L35,characteristic,11,RBT,Rainfed broadleaved evergreen tree crop(s),12,13,1,2,LC_FloristicAspectsCharacteristic,elements/LC_Characteristic[LC_FloristicAspectSpecies]/name,,,Floristic Aspect Species,,,,,
L35,characteristic,11,RBT,Rainfed broadleaved evergreen tree crop(s),12,13,1,2,LC_FloristicAspectsCharacteristic,elements/LC_Characteristic[LC_FloristicAspectSpecies]/description,,,Describe the floristic aspect species,,,,,
L35,characteristic,11,RBT,Rainfed broadleaved evergreen tree crop(s),12,13,1,2,LC_FloristicAspectsCharacteristic,elements/LC_Characteristic[LC_FloristicAspectSpecies]/species_name,,,Coconut,,,,,
L35,class,1B,RT,Rainfed tree plantation,,,,,,class_name,,,Rainfed tree plantation,,,,,
L35,class,1B,RT,Rainfed tree plantation,,,,,,class_description,,,Describe the land cover class,,,,,
L35,class,1B,RT,Rainfed tree plantation,,,,,,class_map_code,,,RT,,,,,
L35,class,1B,RT,Rainfed tree plantation,,,,,,uuid,,,6aee75c0-390f-11ef-ae97-086ac51cbb00,,,,,
L35,hp,1B,RT,Rainfed tree plantation,1C,,,,,name,,,Horizontal Pattern 1,,,,,
L35,hp,1B,RT,Rainfed tree plantation,1C,,,,,description,,,Describe the horizontal pattern,,,,,
L35,stratum,1B,RT,Rainfed tree plantation,1C,1D,,,,name,,,Stratum 1,,,,,
L35,stratum,1B,RT,Rainfed tree plantation,1C,1D,,,,description,,,Vegetation 1,,,,,
L35,stratum,1B,RT,Rainfed tree plantation,1C,1D,,,,presence_type,,,Mandatory,,,,,
L35,stratum,1B,RT,Rainfed tree plantation,1C,1D,,,,@ontop,,,0,,,,,
L35,element,1B,RT,Rainfed tree plantation,1C,1D,1,,LC_Tree,lccs3_type,,,LC_Trees,,,,,
L35,element,1B,RT,Rainfed tree plantation,1C,1D,1,,LC_Tree,name,,,Trees,,,,,
L35,element,1B,RT,Rainfed tree plantation,1C,1D,1,,LC_Tree,description,,,Describe a vegetation element of trees type,,,,,
L35,element,1B,RT,Rainfed tree plantation,1C,1D,1,,LC_Tree,presence_type,,,Mandatory,,,,,
L35,characteristic,1B,RT,Rainfed tree plantation,1C,1D,1,1,LC_CultivatedAndManagedVegetationCharacteristics,lccs3_type,,,LC_CultivatedAndManagedVegetation,,,,,
L35,characteristic,1B,RT,Rainfed tree plantation,1C,1D,1,1,LC_CultivatedAndManagedVegetationCharacteristics,name,,,Cultivated And Managed Vegetation,,,,,
L35,characteristic,1B,RT,Rainfed tree plantation,1C,1D,1,1,LC_CultivatedAndManagedVegetationCharacteristics,description,,,Describe the cultivated and managed vegetation,,,,,
L35,characteristic,1B,RT,Rainfed tree plantation,1C,1D,1,1,LC_CultivatedAndManagedVegetationCharacteristics,elements/LC_Characteristic[LC_Plantation]/name,,,Plantation,,,,,
L35,characteristic,1B,RT,Rainfed tree plantation,1C,1D,1,1,LC_CultivatedAndManagedVegetationCharacteristics,elements/LC_Characteristic[LC_Plantation]/description,,,Describe the plantation,,,,,
L35,characteristic,1B,RT,Rainfed tree plantation,1C,1D,1,1,LC_CultivatedAndManagedVegetationCharacteristics,elements/LC_Characteristic[LC_Rainfed]/name,,,Rainfed,,,,,
L35,characteristic,1B,RT,Rainfed tree plantation,1C,1D,1,1,LC_CultivatedAndManagedVegetationCharacteristics,elements/LC_Characteristic[LC_Rainfed]/description,,,Describe the rainfed,,,,,
L35,class,22,LS,Large to medium size field(s) of rainfed shrub crop(s),,,,,,class_name,,,Large to medium size field(s) of rainfed shrub crop(s),,,,,
L35,class,22,LS,Large to medium size field(s) of rainfed shrub crop(s),,,,,,class_description,,,Describe the land cover class,,,,,
L35,class,22,LS,Large to medium size field(s) of rainfed shrub crop(s),,,,,,class_map_code,,,LS,,,,,
L35,class,22,LS,Large to medium size field(s) of rainfed shrub crop(s),,,,,,uuid,,,90a04550-390f-11ef-ae97-086ac51cbb00,,,,,
L35,hp,22,LS,Large to medium size field(s) of rainfed shrub crop(s),23,,,,,name,,,Horizontal Pattern 1,,,,,
L35,hp,22,LS,Large to medium size field(s) of rainfed shrub crop(s),23,,,,,description,,,Describe the horizontal pattern,,,,,
L35,stratum,22,LS,Large to medium size field(s) of rainfed shrub crop(s),23,24,,,,name,,,Stratum 1,,,,,
L35,stratum,22,LS,Large to medium size field(s) of rainfed shrub crop(s),23,24,,,,description,,,Vegetation 1,,,,,
L35,stratum,22,LS,Large to medium size field(s) of rainfed shrub crop(s),23,24,,,,presence_type,,,Mandatory,,,,,
L35,stratum,22,LS,Large to medium size field(s) of rainfed shrub crop(s),23,24,,,,@ontop,,,0,,,,,
L35,element,22,LS,Large to medium size field(s) of rainfed shrub crop(s),23,24,1,,LC_Shrub,lccs3_type,,,LC_Shrubs,,,,,
L35,element,22,LS,Large to medium size field(s) of rainfed shrub crop(s),23,24,1,,LC_Shrub,name,,,Shrubs,,,,,
L35,element,22,LS,Large to medium size field(s) of rainfed shrub crop(s),23,24,1,,LC_Shrub,description,,,Describe a vegetation element of shrubs type,,,,,
L35,element,22,LS,Large to medium size field(s) of rainfed shrub crop(s),23,24,1,,LC_Shrub,presence_type,,,Mandatory,,,,,
L35,characteristic,22,LS,Large to medium size field(s) of rainfed shrub crop(s),23,24,1,1,LC_CultivatedAndManagedVegetationCharacteristics,lccs3_type,,,LC_CultivatedAndManagedVegetation,,,,,
L35,characteristic,22,LS,Large to medium size field(s) of rainfed shrub crop(s),23,24,1,1,LC_CultivatedAndManagedVegetationCharacteristics,name,,,Cultivated And Managed Vegetation,,,,,
L35,characteristic,22,LS,Large to medium size field(s) of rainfed shrub crop(s),23,24,1,1,LC_CultivatedAndManagedVegetationCharacteristics,description,,,Describe the cultivated and managed vegetation,,,,,
L35,characteristic,22,LS,Large to medium size field(s) of rainfed shrub crop(s),23,24,1,1,LC_CultivatedAndManagedVegetationCharacteristics,elements/LC_Characteristic[LC_Rainfed]/name,,,Rainfed,,,,,
L35,characteristic,22,LS,Large to medium size field(s) of rainfed shrub crop(s),23,24,1,1,LC_CultivatedAndManagedVegetationCharacteristics,elements/LC_Characteristic[LC_Rainfed]/description,,,Describe the rainfed,,,,,
L35,characteristic,22,LS,Large to medium size field(s) of rainfed shrub crop(s),23,24,1,1,LC_CultivatedAndManagedVegetationCharacteristics,elements/LC_Characteristic[LC_FieldSize]/name,,,Field Size,,,,,
L35,characteristic,22,LS,Large to medium size field(s) of rainfed shrub crop(s),23,24,1,1,LC_CultivatedAndManagedVegetationCharacteristics,elements/LC_Characteristic[LC_FieldSize]/description,,,Describe the field size,,,,,
L35,characteristic,22,LS,Large to medium size field(s) of rainfed shrub crop(s),23,24,1,1,LC_CultivatedAndManagedVegetationCharacteristics,elements/LC_Characteristic[LC_FieldSize]/size,2.0,100.0,,,,,,
L35,class,29,SS,Small sized field(s) of rainfed shrub crop(s),,,,,,class_name,,,Small sized field(s) of rainfed shrub crop(s),,,,,
L35,class,29,SS,Small sized field(s) of rainfed shrub crop(s),,,,,,class_description,,,Describe the land cover class,,,,,
L35,class,29,SS,Small sized field(s) of rainfed shrub crop(s),,,,,,class_map_code,,,SS,,,,,
L35,class,29,SS,Small sized field(s) of rainfed shrub crop(s),,,,,,uuid,,,64c22600-3910-11ef-ae97-086ac51cbb00,,,,,
L35,hp,29,SS,Small sized field(s) of rainfed shrub crop(s),2A,,,,,name,,,Horizontal Pattern 1,,,,,
L35,hp,29,SS,Small sized field(s) of rainfed shrub crop(s),2A,,,,,description,,,Describe the horizontal pattern,,,,,
L35,stratum,29,SS,Small sized field(s) of rainfed shrub crop(s),2A,2B,,,,name,,,Stratum 1,,,,,
L35,stratum,29,SS,Small sized field(s) of rainfed shrub crop(s),2A,2B,,,,description,,,Vegetation 1,,,,,
L35,stratum,29,SS,Small sized field(s) of rainfed shrub crop(s),2A,2B,,,,presence_type,,,Mandatory,,,,,
L35,stratum,29,SS,Small sized field(s) of rainfed shrub crop(s),2A,2B,,,,@ontop,,,0,,,,,
L35,element,29,SS,Small sized field(s) of rainfed shrub crop(s),2A,2B,1,,LC_Shrub,lccs3_type,,,LC_Shrubs,,,,,
L35,element,29,SS,Small sized field(s) of rainfed shrub crop(s),2A,2B,1,,LC_Shrub,name,,,Shrubs,,,,,
L35,element,29,SS,Small sized field(s) of rainfed shrub crop(s),2A,2B,1,,LC_Shrub,description,,,Describe a vegetation element of shrubs type,,,,,
L35,element,29,SS,Small sized field(s) of rainfed shrub crop(s),2A,2B,1,,LC_Shrub,presence_type,,,Mandatory,,,,,
L35,characteristic,29,SS,Small sized field(s) of rainfed shrub crop(s),2A,2B,1,1,LC_CultivatedAndManagedVegetationCharacteristics,lccs3_type,,,LC_CultivatedAndManagedVegetation,,,,,
L35,characteristic,29,SS,Small sized field(s) of rainfed shrub crop(s),2A,2B,1,1,LC_CultivatedAndManagedVegetationCharacteristics,name,,,Cultivated And Managed Vegetation,,,,,
L35,characteristic,29,SS,Small sized field(s) of rainfed shrub crop(s),2A,2B,1,1,LC_CultivatedAndManagedVegetationCharacteristics,description,,,Describe the cultivated and managed vegetation,,,,,
L35,characteristic,29,SS,Small sized field(s) of rainfed shrub crop(s),2A,2B,1,1,LC_CultivatedAndManagedVegetationCharacteristics,elements/LC_Characteristic[LC_Rainfed]/name,,,Rainfed,,,,,
L35,characteristic,29,SS,Small sized field(s) of rainfed shrub crop(s),2A,2B,1,1,LC_CultivatedAndManagedVegetationCharacteristics,elements/LC_Characteristic[LC_Rainfed]/description,,,Describe the rainfed,,,,,
L35,characteristic,29,SS,Small sized field(s) of rainfed shrub crop(s),2A,2B,1,1,LC_CultivatedAndManagedVegetationCharacteristics,elements/LC_Characteristic[LC_FieldSize]/name,,,Field Size,,,,,
L35,characteristic,29,SS,Small sized field(s) of rainfed shrub crop(s),2A,2B,1,1,LC_CultivatedAndManagedVegetationCharacteristics,elements/LC_Characteristic[LC_FieldSize]/description,,,Describe the field size,,,,,
L35,characteristic,29,SS,Small sized field(s) of rainfed shrub crop(s),2A,2B,1,1,LC_CultivatedAndManagedVegetationCharacteristics,elements/LC_Characteristic[LC_FieldSize]/size,0.1,2.0,,,,,,
L35,class,30,SSC,Scattered isolated small sized field(s) of rainfed shrub crop(s),,,,,,class_name,,,Scattered isolated small sized field(s) of rainfed shrub crop(s),,,,,
L35,class,30,SSC,Scattered isolated small sized field(s) of rainfed shrub crop(s),,,,,,class_description,,,Describe the land cover class,,,,,
L35,class,30,SSC,Scattered isolated small sized field(s) of rainfed shrub crop(s),,,,,,class_map_code,,,SSC,,,,,
L35,class,30,SSC,Scattered isolated small sized field(s) of rainfed shrub crop(s),,,,,,uuid,,,97444b30-3910-11ef-ae97-086ac51cbb00,,,,,
L35,hp,30,SSC,Scattered isolated small sized field(s) of rainfed shrub crop(s),31,,,,,name,,,Horizontal Pattern 1,,,,,
L35,hp,30,SSC,Scattered isolated small sized field(s) of rainfed shrub crop(s),31,,,,,description,,,Describe the horizontal pattern,,,,,
L35,stratum,30,SSC,Scattered isolated small sized field(s) of rainfed shrub crop(s),31,32,,,,name,,,Stratum 1,,,,,
L35,stratum,30,SSC,Scattered isolated small sized field(s) of rainfed shrub crop(s),31,32,,,,description,,,Vegetation 1,,,,,
L35,stratum,30,SSC,Scattered isolated small sized field(s) of rainfed shrub crop(s),31,32,,,,presence_type,,,Mandatory,,,,,
L35,stratum,30,SSC,Scattered isolated small sized field(s) of rainfed shrub crop(s),31,32,,,,@ontop,,,0,,,,,
L35,element,30,SSC,Scattered isolated small sized field(s) of rainfed shrub crop(s),31,32,1,,LC_Shrub,lccs3_type,,,LC_Shrubs,,,,,
L35,element,30,SSC,Scattered isolated small sized field(s) of rainfed shrub crop(s),31,32,1,,LC_Shrub,name,,,Shrubs,,,,,
L35,element,30,SSC,Scattered isolated small sized field(s) of rainfed shrub crop(s),31,32,1,,LC_Shrub,description,,,Describe a vegetation element of shrubs type,,,,,
L35,element,30,SSC,Scattered isolated small sized field(s) of rainfed shrub crop(s),31,32,1,,LC_Shrub,presence_type,,,Mandatory,,,,,
L35,characteristic,30,SSC,Scattered isolated small sized field(s) of rainfed shrub crop(s),31,32,1,1,LC_CultivatedAndManagedVegetationCharacteristics,lccs3_type,,,LC_CultivatedAndManagedVegetation,,,,,
L35,characteristic,30,SSC,Scattered isolated small sized field(s) of rainfed shrub crop(s),31,32,1,1,LC_CultivatedAndManagedVegetationCharacteristics,name,,,Cultivated And Managed Vegetation,,,,,
L35,characteristic,30,SSC,Scattered isolated small sized field(s) of rainfed shrub crop(s),31,32,1,1,LC_CultivatedAndManagedVegetationCharacteristics,description,,,Describe the cultivated and managed vegetation,,,,,
L35,characteristic,30,SSC,Scattered isolated small sized field(s) of rainfed shrub crop(s),31,32,1,1,LC_CultivatedAndManagedVegetationCharacteristics,elements/LC_Characteristic[LC_Rainfed]/name,,,Rainfed,,,,,
L35,characteristic,30,SSC,Scattered isolated small sized field(s) of rainfed shrub crop(s),31,32,1,1,LC_CultivatedAndManagedVegetationCharacteristics,elements/LC_Characteristic[LC_Rainfed]/description,,,Describe the rainfed,,,,,
L35,characteristic,30,SSC,Scattered isolated small sized field(s) of rainfed shrub crop(s),31,32,1,1,LC_CultivatedAndManagedVegetationCharacteristics,elements/LC_Characteristic[LC_FieldSize]/name,,,Field Size,,,,,
L35,characteristic,30,SSC,Scattered isolated small sized field(s) of rainfed shrub crop(s),31,32,1,1,LC_CultivatedAndManagedVegetationCharacteristics,elements/LC_Characteristic[LC_FieldSize]/description,,,Describe the field size,,,,,
L35,characteristic,30,SSC,Scattered isolated small sized field(s) of rainfed shrub crop(s),31,32,1,1,LC_CultivatedAndManagedVegetationCharacteristics,elements/LC_Characteristic[LC_FieldSize]/size,0.1,2.0,,,,,,
L35,characteristic,30,SSC,Scattered isolated small sized field(s) of rainfed shrub crop(s),31,32,1,1,LC_CultivatedAndManagedVegetationCharacteristics,elements/LC_Characteristic[LC_FieldDistribution]/name,,,Field Distribution,,,,,
L35,characteristic,30,SSC,Scattered isolated small sized field(s) of rainfed shrub crop(s),31,32,1,1,LC_CultivatedAndManagedVegetationCharacteristics,elements/LC_Characteristic[LC_FieldDistribution]/description,,,Describe the field distribution,,,,,
L35,characteristic,30,SSC,Scattered isolated small sized field(s) of rainfed shrub crop(s),31,32,1,1,LC_CultivatedAndManagedVegetationCharacteristics,elements/LC_Characteristic[LC_FieldDistribution]/type,,,Scattered Isolated,,,,,
L35,class,38,LH,Large to medium irrigated herbaceous crop(s),,,,,,class_name,,,Large to medium irrigated herbaceous crop(s),,,,,
L35,class,38,LH,Large to medium irrigated herbaceous crop(s),,,,,,class_description,,,Describe the land cover class,,,,,
L35,class,38,LH,Large to medium irrigated herbaceous crop(s),,,,,,class_map_code,,,LH,,,,,
L35,class,38,LH,Large to medium irrigated herbaceous crop(s),,,,,,uuid,,,1c3ad660-3911-11ef-ae97-086ac51cbb00,,,,,
L35,hp,38,LH,Large to medium irrigated herbaceous crop(s),39,,,,,name,,,Horizontal Pattern 1,,,,,
L35,hp,38,LH,Large to medium irrigated herbaceous crop(s),39,,,,,description,,,Describe the horizontal pattern,,,,,
L35,stratum,38,LH,Large to medium irrigated herbaceous crop(s),39,3A,,,,name,,,Stratum 1,,,,,
L35,stratum,38,LH,Large to medium irrigated herbaceous crop(s),39,3A,,,,description,,,Vegetation 1,,,,,
L35,stratum,38,LH,Large to medium irrigated herbaceous crop(s),39,3A,,,,presence_type,,,Mandatory,,,,,
L35,stratum,38,LH,Large to medium irrigated herbaceous crop(s),39,3A,,,,@ontop,,,0,,,,,
L35,element,38,LH,Large to medium irrigated herbaceous crop(s),39,3A,1,,LC_HerbaceousGrowthForm,lccs3_type,,,LC_HerbaceousGrowthForms,,,,,
L35,element,38,LH,Large to medium irrigated herbaceous crop(s),39,3A,1,,LC_HerbaceousGrowthForm,name,,,Herbaceous growth forms,,,,,
L35,element,38,LH,Large to medium irrigated herbaceous crop(s),39,3A,1,,LC_HerbaceousGrowthForm,description,,,Describe a vegetation element of herbaceous growth form type,,,,,
L35,element,38,LH,Large to medium irrigated herbaceous crop(s),39,3A,1,,LC_HerbaceousGrowthForm,presence_type,,,Mandatory,,,,,
L35,characteristic,38,LH,Large to medium irrigated herbaceous crop(s),39,3A,1,1,LC_CultivatedAndManagedVegetationCharacteristics,lccs3_type,,,LC_CultivatedAndManagedVegetation,,,,,
L35,characteristic,38,LH,Large to medium irrigated herbaceous crop(s),39,3A,1,1,LC_CultivatedAndManagedVegetationCharacteristics,name,,,Cultivated And Managed Vegetation,,,,,
L35,characteristic,38,LH,Large to medium irrigated herbaceous crop(s),39,3A,1,1,LC_CultivatedAndManagedVegetationCharacteristics,description,,,Describe the cultivated and managed vegetation,,,,,
L35,characteristic,38,LH,Large to medium irrigated herbaceous crop(s),39,3A,1,1,LC_CultivatedAndManagedVegetationCharacteristics,elements/LC_Characteristic[LC_Irrigation]/name,,,Irrigation,,,,,
L35,characteristic,38,LH,Large to medium irrigated herbaceous crop(s),39,3A,1,1,LC_CultivatedAndManagedVegetationCharacteristics,elements/LC_Characteristic[LC_Irrigation]/description,,,Describe the irrigation,,,,,
L35,characteristic,38,LH,Large to medium irrigated herbaceous crop(s),39,3A,1,1,LC_CultivatedAndManagedVegetationCharacteristics,elements/LC_Characteristic[LC_FieldSize]/name,,,Field Size,,,,,
L35,characteristic,38,LH,Large to medium irrigated herbaceous crop(s),39,3A,1,1,LC_CultivatedAndManagedVegetationCharacteristics,elements/LC_Characteristic[LC_FieldSize]/description,,,Describe the field size,,,,,
L35,characteristic,38,LH,Large to medium irrigated herbaceous crop(s),39,3A,1,1,LC_CultivatedAndManagedVegetationCharacteristics,elements/LC_Characteristic[LC_FieldSize]/size,2.0,100.0,,,,,,
L35,class,3F,SH,Small irrigated herbaceous crops,,,,,,class_name,,,Small irrigated herbaceous crops,,,,,
L35,class,3F,SH,Small irrigated herbaceous crops,,,,,,class_description,,,Describe the land cover class,,,,,
L35,class,3F,SH,Small irrigated herbaceous crops,,,,,,class_map_code,,,SH,,,,,
L35,class,3F,SH,Small irrigated herbaceous crops,,,,,,uuid,,,1782b010-3912-11ef-ae97-086ac51cbb00,,,,,
L35,hp,3F,SH,Small irrigated herbaceous crops,40,,,,,name,,,Horizontal Pattern 1,,,,,
L35,hp,3F,SH,Small irrigated herbaceous crops,40,,,,,description,,,Describe the horizontal pattern,,,,,
L35,stratum,3F,SH,Small irrigated herbaceous crops,40,41,,,,name,,,Stratum 1,,,,,
L35,stratum,3F,SH,Small irrigated herbaceous crops,40,41,,,,description,,,Vegetation 1,,,,,
L35,stratum,3F,SH,Small irrigated herbaceous crops,40,41,,,,presence_type,,,Mandatory,,,,,
L35,stratum,3F,SH,Small irrigated herbaceous crops,40,41,,,,@ontop,,,0,,,,,
L35,element,3F,SH,Small irrigated herbaceous crops,40,41,1,,LC_HerbaceousGrowthForm,lccs3_type,,,LC_HerbaceousGrowthForms,,,,,
L35,element,3F,SH,Small irrigated herbaceous crops,40,41,1,,LC_HerbaceousGrowthForm,name,,,Herbaceous growth forms,,,,,
L35,element,3F,SH,Small irrigated herbaceous crops,40,41,1,,LC_HerbaceousGrowthForm,description,,,Describe a vegetation element of herbaceous growth form type,,,,,
L35,element,3F,SH,Small irrigated herbaceous crops,40,41,1,,LC_HerbaceousGrowthForm,presence_type,,,Mandatory,,,,,
L35,characteristic,3F,SH,Small irrigated herbaceous crops,40,41,1,1,LC_CultivatedAndManagedVegetationCharacteristics,lccs3_type,,,LC_CultivatedAndManagedVegetation,,,,,
L35,characteristic,3F,SH,Small irrigated herbaceous crops,40,41,1,1,LC_CultivatedAndManagedVegetationCharacteristics,name,,,Cultivated And Managed Vegetation,,,,,
L35,characteristic,3F,SH,Small irrigated herbaceous crops,40,41,1,1,LC_CultivatedAndManagedVegetationCharacteristics,description,,,Describe the cultivated and managed vegetation,,,,,
L35,characteristic,3F,SH,Small irrigated herbaceous crops,40,41,1,1,LC_CultivatedAndManagedVegetationCharacteristics,elements/LC_Characteristic[LC_Irrigation]/name,,,Irrigation,,,,,
L35,characteristic,3F,SH,Small irrigated herbaceous crops,40,41,1,1,LC_CultivatedAndManagedVegetationCharacteristics,elements/LC_Characteristic[LC_Irrigation]/description,,,Describe the irrigation,,,,,
L35,characteristic,3F,SH,Small irrigated herbaceous crops,40,41,1,1,LC_CultivatedAndManagedVegetationCharacteristics,elements/LC_Characteristic[LC_FieldSize]/name,,,Field Size,,,,,
L35,characteristic,3F,SH,Small irrigated herbaceous crops,40,41,1,1,LC_CultivatedAndManagedVegetationCharacteristics,elements/LC_Characteristic[LC_FieldSize]/description,,,Describe the field size,,,,,
L35,characteristic,3F,SH,Small irrigated herbaceous crops,40,41,1,1,LC_CultivatedAndManagedVegetationCharacteristics,elements/LC_Characteristic[LC_FieldSize]/size,0.1,2.0,,,,,,
L35,class,186,LC,Large to medium rainfed herbaceous crops,,,,,,class_name,,,Large to medium rainfed herbaceous crops,,,,,
L35,class,186,LC,Large to medium rainfed herbaceous crops,,,,,,class_description,,,Describe the land cover class,,,,,
L35,class,186,LC,Large to medium rainfed herbaceous crops,,,,,,class_map_code,,,LC,,,,,
L35,class,186,LC,Large to medium rainfed herbaceous crops,,,,,,uuid,,,d83f7240-39e7-11ef-803b-90784174c049,,,,,
L35,hp,186,LC,Large to medium rainfed herbaceous crops,187,,,,,name,,,Horizontal Pattern 1,,,,,
L35,hp,186,LC,Large to medium rainfed herbaceous crops,187,,,,,description,,,Describe the horizontal pattern,,,,,
L35,stratum,186,LC,Large to medium rainfed herbaceous crops,187,188,,,,name,,,Stratum 1,,,,,
L35,stratum,186,LC,Large to medium rainfed herbaceous crops,187,188,,,,description,,,Vegetation 1,,,,,
L35,stratum,186,LC,Large to medium rainfed herbaceous crops,187,188,,,,presence_type,,,Mandatory,,,,,
L35,stratum,186,LC,Large to medium rainfed herbaceous crops,187,188,,,,@ontop,,,0,,,,,
L35,element,186,LC,Large to medium rainfed herbaceous crops,187,188,1,,LC_HerbaceousGrowthForm,lccs3_type,,,LC_HerbaceousGrowthForms,,,,,
L35,element,186,LC,Large to medium rainfed herbaceous crops,187,188,1,,LC_HerbaceousGrowthForm,name,,,Herbaceous growth forms,,,,,
L35,element,186,LC,Large to medium rainfed herbaceous crops,187,188,1,,LC_HerbaceousGrowthForm,description,,,Describe a vegetation element of herbaceous growth form type,,,,,
L35,element,186,LC,Large to medium rainfed herbaceous crops,187,188,1,,LC_HerbaceousGrowthForm,presence_type,,,Mandatory,,,,,
L35,characteristic,186,LC,Large to medium rainfed herbaceous crops,187,188,1,1,LC_CultivatedAndManagedVegetationCharacteristics,lccs3_type,,,LC_CultivatedAndManagedVegetation,,,,,
L35,characteristic,186,LC,Large to medium rainfed herbaceous crops,187,188,1,1,LC_CultivatedAndManagedVegetationCharacteristics,name,,,Cultivated And Managed Vegetation,,,,,
L35,characteristic,186,LC,Large to medium rainfed herbaceous crops,187,188,1,1,LC_CultivatedAndManagedVegetationCharacteristics,description,,,Describe the cultivated and managed vegetation,,,,,
L35,characteristic,186,LC,Large to medium rainfed herbaceous crops,187,188,1,1,LC_CultivatedAndManagedVegetationCharacteristics,elements/LC_Characteristic[LC_Rainfed]/name,,,Rainfed,,,,,
L35,characteristic,186,LC,Large to medium rainfed herbaceous crops,187,188,1,1,LC_CultivatedAndManagedVegetationCharacteristics,elements/LC_Characteristic[LC_Rainfed]/description,,,Describe the rainfed,,,,,
L35,characteristic,186,LC,Large to medium rainfed herbaceous crops,187,188,1,1,LC_CultivatedAndManagedVegetationCharacteristics,elements/LC_Characteristic[LC_FieldSize]/name,,,Field Size,,,,,
L35,characteristic,186,LC,Large to medium rainfed herbaceous crops,187,188,1,1,LC_CultivatedAndManagedVegetationCharacteristics,elements/LC_Characteristic[LC_FieldSize]/description,,,Describe the field size,,,,,
L35,characteristic,186,LC,Large to medium rainfed herbaceous crops,187,188,1,1,LC_CultivatedAndManagedVegetationCharacteristics,elements/LC_Characteristic[LC_FieldSize]/size,2.0,100.0,,,,,,
L35,class,46,SR,Small rainfed herbaceous crops,,,,,,class_name,,,Small rainfed herbaceous crops,,,,,
L35,class,46,SR,Small rainfed herbaceous crops,,,,,,class_description,,,Describe the land cover class,,,,,
L35,class,46,SR,Small rainfed herbaceous crops,,,,,,class_map_code,,,SR,,,,,
L35,class,46,SR,Small rainfed herbaceous crops,,,,,,uuid,,,4ae39c80-3912-11ef-ae97-086ac51cbb00,,,,,
L35,hp,46,SR,Small rainfed herbaceous crops,47,,,,,name,,,Horizontal Pattern 1,,,,,
L35,hp,46,SR,Small rainfed herbaceous crops,47,,,,,description,,,Describe the horizontal pattern,,,,,
L35,stratum,46,SR,Small rainfed herbaceous crops,47,48,,,,name,,,Stratum 1,,,,,
L35,stratum,46,SR,Small rainfed herbaceous crops,47,48,,,,description,,,Vegetation 1,,,,,
L35,stratum,46,SR,Small rainfed herbaceous crops,47,48,,,,presence_type,,,Mandatory,,,,,
L35,stratum,46,SR,Small rainfed herbaceous crops,47,48,,,,@ontop,,,0,,,,,
L35,element,46,SR,Small rainfed herbaceous crops,47,48,1,,LC_HerbaceousGrowthForm,lccs3_type,,,LC_HerbaceousGrowthForms,,,,,
L35,element,46,SR,Small rainfed herbaceous crops,47,48,1,,LC_HerbaceousGrowthForm,name,,,Herbaceous growth forms,,,,,
L35,element,46,SR,Small rainfed herbaceous crops,47,48,1,,LC_HerbaceousGrowthForm,description,,,Describe a vegetation element of herbaceous growth form type,,,,,
L35,element,46,SR,Small rainfed herbaceous crops,47,48,1,,LC_HerbaceousGrowthForm,presence_type,,,Mandatory,,,,,
L35,characteristic,46,SR,Small rainfed herbaceous crops,47,48,1,1,LC_CultivatedAndManagedVegetationCharacteristics,lccs3_type,,,LC_CultivatedAndManagedVegetation,,,,,
L35,characteristic,46,SR,Small rainfed herbaceous crops,47,48,1,1,LC_CultivatedAndManagedVegetationCharacteristics,name,,,Cultivated And Managed Vegetation,,,,,
L35,characteristic,46,SR,Small rainfed herbaceous crops,47,48,1,1,LC_CultivatedAndManagedVegetationCharacteristics,description,,,Describe the cultivated and managed vegetation,,,,,
L35,characteristic,46,SR,Small rainfed herbaceous crops,47,48,1,1,LC_CultivatedAndManagedVegetationCharacteristics,elements/LC_Characteristic[LC_Rainfed]/name,,,Rainfed,,,,,
L35,characteristic,46,SR,Small rainfed herbaceous crops,47,48,1,1,LC_CultivatedAndManagedVegetationCharacteristics,elements/LC_Characteristic[LC_Rainfed]/description,,,Describe the rainfed,,,,,
L35,characteristic,46,SR,Small rainfed herbaceous crops,47,48,1,1,LC_CultivatedAndManagedVegetationCharacteristics,elements/LC_Characteristic[LC_FieldSize]/name,,,Field Size,,,,,
L35,characteristic,46,SR,Small rainfed herbaceous crops,47,48,1,1,LC_CultivatedAndManagedVegetationCharacteristics,elements/LC_Characteristic[LC_FieldSize]/description,,,Describe the field size,,,,,
L35,characteristic,46,SR,Small rainfed herbaceous crops,47,48,1,1,LC_CultivatedAndManagedVegetationCharacteristics,elements/LC_Characteristic[LC_FieldSize]/size,0.1,2.0,,,,,,
L35,class,4D,SRH,Small rainfed herbaceous crops (isolated),,,,,,class_name,,,Small rainfed herbaceous crops (isolated),,,,,
L35,class,4D,SRH,Small rainfed herbaceous crops (isolated),,,,,,class_description,,,Describe the land cover class,,,,,
L35,class,4D,SRH,Small rainfed herbaceous crops (isolated),,,,,,class_map_code,,,SRH,,,,,
L35,class,4D,SRH,Small rainfed herbaceous crops (isolated),,,,,,uuid,,,db5833c0-3912-11ef-ae97-086ac51cbb00,,,,,
L35,hp,4D,SRH,Small rainfed herbaceous crops (isolated),4E,,,,,name,,,Horizontal Pattern 1,,,,,
L35,hp,4D,SRH,Small rainfed herbaceous crops (isolated),4E,,,,,description,,,Describe the horizontal pattern,,,,,
L35,stratum,4D,SRH,Small rainfed herbaceous crops (isolated),4E,4F,,,,name,,,Stratum 1,,,,,
L35,stratum,4D,SRH,Small rainfed herbaceous crops (isolated),4E,4F,,,,description,,,Vegetation 1,,,,,
L35,stratum,4D,SRH,Small rainfed herbaceous crops (isolated),4E,4F,,,,presence_type,,,Mandatory,,,,,
L35,stratum,4D,SRH,Small rainfed herbaceous crops (isolated),4E,4F,,,,@ontop,,,0,,,,,
L35,element,4D,SRH,Small rainfed herbaceous crops (isolated),4E,4F,1,,LC_HerbaceousGrowthForm,lccs3_type,,,LC_HerbaceousGrowthForms,,,,,
L35,element,4D,SRH,Small rainfed herbaceous crops (isolated),4E,4F,1,,LC_HerbaceousGrowthForm,name,,,Herbaceous growth forms,,,,,
L35,element,4D,SRH,Small rainfed herbaceous crops (isolated),4E,4F,1,,LC_HerbaceousGrowthForm,description,,,Describe a vegetation element of herbaceous growth form type,,,,,
L35,element,4D,SRH,Small rainfed herbaceous crops (isolated),4E,4F,1,,LC_HerbaceousGrowthForm,cover,10.0,20.0,,,,,,
L35,element,4D,SRH,Small rainfed herbaceous crops (isolated),4E,4F,1,,LC_HerbaceousGrowthForm,presence_type,,,Mandatory,,,,,
L35,characteristic,4D,SRH,Small rainfed herbaceous crops (isolated),4E,4F,1,1,LC_CultivatedAndManagedVegetationCharacteristics,lccs3_type,,,LC_CultivatedAndManagedVegetation,,,,,
L35,characteristic,4D,SRH,Small rainfed herbaceous crops (isolated),4E,4F,1,1,LC_CultivatedAndManagedVegetationCharacteristics,name,,,Cultivated And Managed Vegetation,,,,,
L35,characteristic,4D,SRH,Small rainfed herbaceous crops (isolated),4E,4F,1,1,LC_CultivatedAndManagedVegetationCharacteristics,description,,,Describe the cultivated and managed vegetation,,,,,
L35,characteristic,4D,SRH,Small rainfed herbaceous crops (isolated),4E,4F,1,1,LC_CultivatedAndManagedVegetationCharacteristics,elements/LC_Characteristic[LC_Rainfed]/name,,,Rainfed,,,,,
L35,characteristic,4D,SRH,Small rainfed herbaceous crops (isolated),4E,4F,1,1,LC_CultivatedAndManagedVegetationCharacteristics,elements/LC_Characteristic[LC_Rainfed]/description,,,Describe the rainfed,,,,,
L35,characteristic,4D,SRH,Small rainfed herbaceous crops (isolated),4E,4F,1,1,LC_CultivatedAndManagedVegetationCharacteristics,elements/LC_Characteristic[LC_FieldSize]/name,,,Field Size,,,,,
L35,characteristic,4D,SRH,Small rainfed herbaceous crops (isolated),4E,4F,1,1,LC_CultivatedAndManagedVegetationCharacteristics,elements/LC_Characteristic[LC_FieldSize]/description,,,Describe the field size,,,,,
L35,characteristic,4D,SRH,Small rainfed herbaceous crops (isolated),4E,4F,1,1,LC_CultivatedAndManagedVegetationCharacteristics,elements/LC_Characteristic[LC_FieldSize]/size,0.1,2.0,,,,,,
L35,characteristic,4D,SRH,Small rainfed herbaceous crops (isolated),4E,4F,1,1,LC_CultivatedAndManagedVegetationCharacteristics,elements/LC_Characteristic[LC_FieldDistribution]/name,,,Field Distribution,,,,,
L35,characteristic,4D,SRH,Small rainfed herbaceous crops (isolated),4E,4F,1,1,LC_CultivatedAndManagedVegetationCharacteristics,elements/LC_Characteristic[LC_FieldDistribution]/description,,,Describe the field distribution,,,,,
L35,characteristic,4D,SRH,Small rainfed herbaceous crops (isolated),4E,4F,1,1,LC_CultivatedAndManagedVegetationCharacteristics,elements/LC_Characteristic[LC_FieldDistribution]/type,,,Scattered Isolated,,,,,
L35,class,181,SC,Shifting cultivation of herbaceous crops,,,,,,class_name,,,Shifting cultivation of herbaceous crops,,,,,
L35,class,181,SC,Shifting cultivation of herbaceous crops,,,,,,class_description,,,Describe the land cover class,,,,,
L35,class,181,SC,Shifting cultivation of herbaceous crops,,,,,,class_map_code,,,SC,,,,,
L35,class,181,SC,Shifting cultivation of herbaceous crops,,,,,,uuid,,,19babd50-39e4-11ef-803b-90784174c049,,,,,
L35,hp,181,SC,Shifting cultivation of herbaceous crops,182,,,,,name,,,Horizontal Pattern 1,,,,,
L35,hp,181,SC,Shifting cultivation of herbaceous crops,182,,,,,description,,,Describe the horizontal pattern,,,,,
L35,stratum,181,SC,Shifting cultivation of herbaceous crops,182,183,,,,name,,,Stratum 1,,,,,
L35,stratum,181,SC,Shifting cultivation of herbaceous crops,182,183,,,,description,,,Vegetation 1,,,,,
L35,stratum,181,SC,Shifting cultivation of herbaceous crops,182,183,,,,presence_type,,,Mandatory,,,,,
L35,stratum,181,SC,Shifting cultivation of herbaceous crops,182,183,,,,@ontop,,,0,,,,,
L35,element,181,SC,Shifting cultivation of herbaceous crops,182,183,1,,LC_HerbaceousGrowthForm,lccs3_type,,,LC_HerbaceousGrowthForms,,,,,
L35,element,181,SC,Shifting cultivation of herbaceous crops,182,183,1,,LC_HerbaceousGrowthForm,name,,,Herbaceous growth forms,,,,,
L35,element,181,SC,Shifting cultivation of herbaceous crops,182,183,1,,LC_HerbaceousGrowthForm,description,,,Describe a vegetation element of herbaceous growth form type,,,,,
L35,element,181,SC,Shifting cultivation of herbaceous crops,182,183,1,,LC_HerbaceousGrowthForm,presence_type,,,Mandatory,,,,,
L35,characteristic,181,SC,Shifting cultivation of herbaceous crops,182,183,1,1,LC_CultivatedAndManagedVegetationCharacteristics,lccs3_type,,,LC_CultivatedAndManagedVegetation,,,,,
L35,characteristic,181,SC,Shifting cultivation of herbaceous crops,182,183,1,1,LC_CultivatedAndManagedVegetationCharacteristics,name,,,Cultivated And Managed Vegetation,,,,,
L35,characteristic,181,SC,Shifting cultivation of herbaceous crops,182,183,1,1,LC_CultivatedAndManagedVegetationCharacteristics,description,,,Describe the cultivated and managed vegetation,,,,,
L35,class,5A,SF,Small post flooding herbaceous crops,,,,,,class_name,,,Small post flooding herbaceous crops,,,,,
L35,class,5A,SF,Small post flooding herbaceous crops,,,,,,class_description,,,Describe the land cover class,,,,,
L35,class,5A,SF,Small post flooding herbaceous crops,,,,,,class_map_code,,,SF,,,,,
L35,class,5A,SF,Small post flooding herbaceous crops,,,,,,uuid,,,5ea47810-3918-11ef-ae97-086ac51cbb00,,,,,
L35,hp,5A,SF,Small post flooding herbaceous crops,5B,,,,,name,,,Horizontal Pattern 1,,,,,
L35,hp,5A,SF,Small post flooding herbaceous crops,5B,,,,,description,,,Describe the horizontal pattern,,,,,
L35,stratum,5A,SF,Small post flooding herbaceous crops,5B,5C,,,,name,,,Stratum 1,,,,,
L35,stratum,5A,SF,Small post flooding herbaceous crops,5B,5C,,,,description,,,Vegetation 1,,,,,
L35,stratum,5A,SF,Small post flooding herbaceous crops,5B,5C,,,,presence_type,,,Mandatory,,,,,
L35,stratum,5A,SF,Small post flooding herbaceous crops,5B,5C,,,,@ontop,,,0,,,,,
L35,element,5A,SF,Small post flooding herbaceous crops,5B,5C,1,,LC_HerbaceousGrowthForm,lccs3_type,,,LC_HerbaceousGrowthForms,,,,,
L35,element,5A,SF,Small post flooding herbaceous crops,5B,5C,1,,LC_HerbaceousGrowthForm,name,,,Herbaceous growth forms,,,,,
L35,element,5A,SF,Small post flooding herbaceous crops,5B,5C,1,,LC_HerbaceousGrowthForm,description,,,Describe a vegetation element of herbaceous growth form type,,,,,
L35,element,5A,SF,Small post flooding herbaceous crops,5B,5C,1,,LC_HerbaceousGrowthForm,presence_type,,,Mandatory,,,,,
L35,characteristic,5A,SF,Small post flooding herbaceous crops,5B,5C,1,1,LC_CultivatedAndManagedVegetationCharacteristics,lccs3_type,,,LC_CultivatedAndManagedVegetation,,,,,
L35,characteristic,5A,SF,Small post flooding herbaceous crops,5B,5C,1,1,LC_CultivatedAndManagedVegetationCharacteristics,name,,,Cultivated And Managed Vegetation,,,,,
L35,characteristic,5A,SF,Small post flooding herbaceous crops,5B,5C,1,1,LC_CultivatedAndManagedVegetationCharacteristics,description,,,Describe the cultivated and managed vegetation,,,,,
L35,characteristic,5A,SF,Small post flooding herbaceous crops,5B,5C,1,1,LC_CultivatedAndManagedVegetationCharacteristics,elements/LC_Characteristic[LC_FieldSize]/name,,,Field Size,,,,,
L35,characteristic,5A,SF,Small post flooding herbaceous crops,5B,5C,1,1,LC_CultivatedAndManagedVegetationCharacteristics,elements/LC_Characteristic[LC_FieldSize]/description,,,Describe the field size,,,,,
L35,characteristic,5A,SF,Small post flooding herbaceous crops,5B,5C,1,1,LC_CultivatedAndManagedVegetationCharacteristics,elements/LC_Characteristic[LC_FieldSize]/size,0.1,2.0,,,,,,
L35,characteristic,5A,SF,Small post flooding herbaceous crops,5B,5C,1,1,LC_CultivatedAndManagedVegetationCharacteristics,elements/LC_Characteristic[LC_Postflooding]/name,,,Postflooding,,,,,
L35,characteristic,5A,SF,Small post flooding herbaceous crops,5B,5C,1,1,LC_CultivatedAndManagedVegetationCharacteristics,elements/LC_Characteristic[LC_Postflooding]/description,,,Describe the postflooding,,,,,
L35,class,64,FC,Post flooding cultivation of scattered isolated small sized field(s) of herbaceous crop(s),,,,,,class_name,,,Post flooding cultivation of scattered isolated small sized field(s) of herbaceous crop(s),,,,,
L35,class,64,FC,Post flooding cultivation of scattered isolated small sized field(s) of herbaceous crop(s),,,,,,class_description,,,Describe the land cover class,,,,,
L35,class,64,FC,Post flooding cultivation of scattered isolated small sized field(s) of herbaceous crop(s),,,,,,class_map_code,,,FC,,,,,
L35,class,64,FC,Post flooding cultivation of scattered isolated small sized field(s) of herbaceous crop(s),,,,,,uuid,,,948de420-3918-11ef-ae97-086ac51cbb00,,,,,
L35,hp,64,FC,Post flooding cultivation of scattered isolated small sized field(s) of herbaceous crop(s),65,,,,,name,,,Horizontal Pattern 1,,,,,
L35,hp,64,FC,Post flooding cultivation of scattered isolated small sized field(s) of herbaceous crop(s),65,,,,,description,,,Describe the horizontal pattern,,,,,
L35,stratum,64,FC,Post flooding cultivation of scattered isolated small sized field(s) of herbaceous crop(s),65,66,,,,name,,,Stratum 1,,,,,
L35,stratum,64,FC,Post flooding cultivation of scattered isolated small sized field(s) of herbaceous crop(s),65,66,,,,description,,,Vegetation 1,,,,,
L35,stratum,64,FC,Post flooding cultivation of scattered isolated small sized field(s) of herbaceous crop(s),65,66,,,,presence_type,,,Mandatory,,,,,
L35,stratum,64,FC,Post flooding cultivation of scattered isolated small sized field(s) of herbaceous crop(s),65,66,,,,@ontop,,,0,,,,,
L35,element,64,FC,Post flooding cultivation of scattered isolated small sized field(s) of herbaceous crop(s),65,66,1,,LC_HerbaceousGrowthForm,lccs3_type,,,LC_HerbaceousGrowthForms,,,,,
L35,element,64,FC,Post flooding cultivation of scattered isolated small sized field(s) of herbaceous crop(s),65,66,1,,LC_HerbaceousGrowthForm,name,,,Herbaceous growth forms,,,,,
L35,element,64,FC,Post flooding cultivation of scattered isolated small sized field(s) of herbaceous crop(s),65,66,1,,LC_HerbaceousGrowthForm,description,,,Describe a vegetation element of herbaceous growth form type,,,,,
L35,element,64,FC,Post flooding cultivation of scattered isolated small sized field(s) of herbaceous crop(s),65,66,1,,LC_HerbaceousGrowthForm,presence_type,,,Mandatory,,,,,
L35,characteristic,64,FC,Post flooding cultivation of scattered isolated small sized field(s) of herbaceous crop(s),65,66,1,1,LC_CultivatedAndManagedVegetationCharacteristics,lccs3_type,,,LC_CultivatedAndManagedVegetation,,,,,
L35,characteristic,64,FC,Post flooding cultivation of scattered isolated small sized field(s) of herbaceous crop(s),65,66,1,1,LC_CultivatedAndManagedVegetationCharacteristics,name,,,Cultivated And Managed Vegetation,,,,,
L35,characteristic,64,FC,Post flooding cultivation of scattered isolated small sized field(s) of herbaceous crop(s),65,66,1,1,LC_CultivatedAndManagedVegetationCharacteristics,description,,,Describe the cultivated and managed vegetation,,,,,
L35,characteristic,64,FC,Post flooding cultivation of scattered isolated small sized field(s) of herbaceous crop(s),65,66,1,1,LC_CultivatedAndManagedVegetationCharacteristics,elements/LC_Characteristic[LC_FieldSize]/name,,,Field Size,,,,,
L35,characteristic,64,FC,Post flooding cultivation of scattered isolated small sized field(s) of herbaceous crop(s),65,66,1,1,LC_CultivatedAndManagedVegetationCharacteristics,elements/LC_Characteristic[LC_FieldSize]/description,,,Describe the field size,,,,,
L35,characteristic,64,FC,Post flooding cultivation of scattered isolated small sized field(s) of herbaceous crop(s),65,66,1,1,LC_CultivatedAndManagedVegetationCharacteristics,elements/LC_Characteristic[LC_FieldSize]/size,0.1,2.0,,,,,,
L35,characteristic,64,FC,Post flooding cultivation of scattered isolated small sized field(s) of herbaceous crop(s),65,66,1,1,LC_CultivatedAndManagedVegetationCharacteristics,elements/LC_Characteristic[LC_Postflooding]/name,,,Postflooding,,,,,
L35,characteristic,64,FC,Post flooding cultivation of scattered isolated small sized field(s) of herbaceous crop(s),65,66,1,1,LC_CultivatedAndManagedVegetationCharacteristics,elements/LC_Characteristic[LC_Postflooding]/description,,,Describe the postflooding,,,,,
L35,characteristic,64,FC,Post flooding cultivation of scattered isolated small sized field(s) of herbaceous crop(s),65,66,1,1,LC_CultivatedAndManagedVegetationCharacteristics,elements/LC_Characteristic[LC_FieldDistribution]/name,,,Field Distribution,,,,,
L35,characteristic,64,FC,Post flooding cultivation of scattered isolated small sized field(s) of herbaceous crop(s),65,66,1,1,LC_CultivatedAndManagedVegetationCharacteristics,elements/LC_Characteristic[LC_FieldDistribution]/description,,,Describe the field distribution,,,,,
L35,characteristic,64,FC,Post flooding cultivation of scattered isolated small sized field(s) of herbaceous crop(s),65,66,1,1,LC_CultivatedAndManagedVegetationCharacteristics,elements/LC_Characteristic[LC_FieldDistribution]/type,,,Scattered Isolated,,,,,
L35,class,6C,SRF,Small sized herbaceous rainfed field(s),,,,,,class_name,,,Small sized herbaceous rainfed field(s),,,,,
L35,class,6C,SRF,Small sized herbaceous rainfed field(s),,,,,,class_description,,,"Often limited by woody hedgerow, with scattered rural houses forming a village.",,,,,
L35,class,6C,SRF,Small sized herbaceous rainfed field(s),,,,,,class_map_code,,,SRF,,,,,
L35,class,6C,SRF,Small sized herbaceous rainfed field(s),,,,,,uuid,,,4da35490-3919-11ef-ae97-086ac51cbb00,,,,,
L35,hp,6C,SRF,Small sized herbaceous rainfed field(s),6D,,,,,name,,,Horizontal Pattern 1,,,,,
L35,hp,6C,SRF,Small sized herbaceous rainfed field(s),6D,,,,,description,,,Describe the horizontal pattern,,,,,
L35,stratum,6C,SRF,Small sized herbaceous rainfed field(s),6D,6E,,,,name,,,Stratum 1,,,,,
L35,stratum,6C,SRF,Small sized herbaceous rainfed field(s),6D,6E,,,,description,,,Vegetation 1,,,,,
L35,stratum,6C,SRF,Small sized herbaceous rainfed field(s),6D,6E,,,,presence_type,,,Mandatory,,,,,
L35,stratum,6C,SRF,Small sized herbaceous rainfed field(s),6D,6E,,,,@ontop,,,0,,,,,
L35,element,6C,SRF,Small sized herbaceous rainfed field(s),6D,6E,1,,LC_HerbaceousGrowthForm,lccs3_type,,,LC_HerbaceousGrowthForms,,,,,
L35,element,6C,SRF,Small sized herbaceous rainfed field(s),6D,6E,1,,LC_HerbaceousGrowthForm,name,,,Herbaceous growth forms,,,,,
L35,element,6C,SRF,Small sized herbaceous rainfed field(s),6D,6E,1,,LC_HerbaceousGrowthForm,description,,,Describe a vegetation element of herbaceous growth form type,,,,,
L35,element,6C,SRF,Small sized herbaceous rainfed field(s),6D,6E,1,,LC_HerbaceousGrowthForm,presence_type,,,Mandatory,,,,,
L35,characteristic,6C,SRF,Small sized herbaceous rainfed field(s),6D,6E,1,1,LC_CultivatedAndManagedVegetationCharacteristics,lccs3_type,,,LC_CultivatedAndManagedVegetation,,,,,
L35,characteristic,6C,SRF,Small sized herbaceous rainfed field(s),6D,6E,1,1,LC_CultivatedAndManagedVegetationCharacteristics,name,,,Cultivated And Managed Vegetation,,,,,
L35,characteristic,6C,SRF,Small sized herbaceous rainfed field(s),6D,6E,1,1,LC_CultivatedAndManagedVegetationCharacteristics,description,,,Describe the cultivated and managed vegetation,,,,,
L35,characteristic,6C,SRF,Small sized herbaceous rainfed field(s),6D,6E,1,1,LC_CultivatedAndManagedVegetationCharacteristics,elements/LC_Characteristic[LC_Rainfed]/name,,,Rainfed,,,,,
L35,characteristic,6C,SRF,Small sized herbaceous rainfed field(s),6D,6E,1,1,LC_CultivatedAndManagedVegetationCharacteristics,elements/LC_Characteristic[LC_Rainfed]/description,,,Describe the rainfed,,,,,
L35,element,6C,SRF,Small sized herbaceous rainfed field(s),6D,6E,2,,LC_Shrub,lccs3_type,,,LC_Shrubs,,,,,
L35,element,6C,SRF,Small sized herbaceous rainfed field(s),6D,6E,2,,LC_Shrub,name,,,Shrubs,,,,,
L35,element,6C,SRF,Small sized herbaceous rainfed field(s),6D,6E,2,,LC_Shrub,description,,,Describe a vegetation element of shrubs type,,,,,
L35,element,6C,SRF,Small sized herbaceous rainfed field(s),6D,6E,2,,LC_Shrub,presence_type,,,Optional,,,,,
L35,element,6C,SRF,Small sized herbaceous rainfed field(s),6D,6E,2,,LC_Shrub,LC_WoodyGrowthLeafPhenology[LC_WoodyGrowthLeafPhenology]/name,,,Woody Growth Leaf Phenology,,,,,
L35,element,6C,SRF,Small sized herbaceous rainfed field(s),6D,6E,2,,LC_Shrub,LC_WoodyGrowthLeafPhenology[LC_WoodyGrowthLeafPhenology]/description,,,Contains the elements of Woody Growth Leaf Phenology,,,,,
L35,element,6C,SRF,Small sized herbaceous rainfed field(s),6D,6E,2,,LC_Shrub,LC_WoodyGrowthLeafPhenology[LC_WoodyGrowthLeafPhenology]/elements/LC_WoodyLeafPhenology[LC_WoodyLeafPhenology]/name,,,Woody Leaf Phenology,,,,,
L35,element,6C,SRF,Small sized herbaceous rainfed field(s),6D,6E,2,,LC_Shrub,LC_WoodyGrowthLeafPhenology[LC_WoodyGrowthLeafPhenology]/elements/LC_WoodyLeafPhenology[LC_WoodyLeafPhenology]/description,,,Describe a generic Woody Leaf Phenology element,,,,,
L35,characteristic,6C,SRF,Small sized herbaceous rainfed field(s),6D,6E,2,1,LC_VegetationArtificialityCharacteristic,lccs3_type,,,LC_NaturalOrSeminaturalVegetation,,,,,value: Natural or Seminatural
L35,characteristic,6C,SRF,Small sized herbaceous rainfed field(s),6D,6E,2,1,LC_VegetationArtificialityCharacteristic,name,,,Natural Or Seminatural Vegetation,,,,,
L35,characteristic,6C,SRF,Small sized herbaceous rainfed field(s),6D,6E,2,1,LC_VegetationArtificialityCharacteristic,description,,,Describe the natural or seminatural vegetation,,,,,
L35,stratum,6C,SRF,Small sized herbaceous rainfed field(s),6D,152,,,,name,,,Stratum 2,,,,,
L35,stratum,6C,SRF,Small sized herbaceous rainfed field(s),6D,152,,,,description,,,Abiotic surface 2,,,,,
L35,stratum,6C,SRF,Small sized herbaceous rainfed field(s),6D,152,,,,presence_type,,,Mandatory,,,,,
L35,stratum,6C,SRF,Small sized herbaceous rainfed field(s),6D,152,,,,@ontop,,,0,,,,,
L35,element,6C,SRF,Small sized herbaceous rainfed field(s),6D,152,1,,LC_Building,lccs3_type,,,LC_Building,,,,,
L35,element,6C,SRF,Small sized herbaceous rainfed field(s),6D,152,1,,LC_Building,name,,,Building,,,,,
L35,element,6C,SRF,Small sized herbaceous rainfed field(s),6D,152,1,,LC_Building,description,,,Describe a building element,,,,,
L35,element,6C,SRF,Small sized herbaceous rainfed field(s),6D,152,1,,LC_Building,presence_type,,,Mandatory,,,,,
L35,characteristic,6C,SRF,Small sized herbaceous rainfed field(s),6D,152,1,1,LC_ConstructionUse,lccs3_type,,,LC_ConstructionUse,,,,,
L35,characteristic,6C,SRF,Small sized herbaceous rainfed field(s),6D,152,1,1,LC_ConstructionUse,name,,,Construction Use,,,,,
L35,characteristic,6C,SRF,Small sized herbaceous rainfed field(s),6D,152,1,1,LC_ConstructionUse,description,,,Describe the construction use characteristic,,,,,
L35,characteristic,6C,SRF,Small sized herbaceous rainfed field(s),6D,152,1,1,LC_ConstructionUse,type,,,rural houses,,,,,
L35,hp,6C,SRF,Small sized herbaceous rainfed field(s),75,,,,,name,,,Horizontal Pattern 2,,,,,
L35,hp,6C,SRF,Small sized herbaceous rainfed field(s),75,,,,,description,,,Describe the horizontal pattern,,,,,
L35,stratum,6C,SRF,Small sized herbaceous rainfed field(s),75,76,,,,name,,,Stratum 1,,,,,
L35,stratum,6C,SRF,Small sized herbaceous rainfed field(s),75,76,,,,description,,,Abiotic surface 1,,,,,
L35,stratum,6C,SRF,Small sized herbaceous rainfed field(s),75,76,,,,presence_type,,,Mandatory,,,,,
L35,stratum,6C,SRF,Small sized herbaceous rainfed field(s),75,76,,,,@ontop,,,0,,,,,
L35,element,6C,SRF,Small sized herbaceous rainfed field(s),75,76,1,,LC_Building,lccs3_type,,,LC_Building,,,,,
L35,element,6C,SRF,Small sized herbaceous rainfed field(s),75,76,1,,LC_Building,name,,,Building,,,,,
L35,element,6C,SRF,Small sized herbaceous rainfed field(s),75,76,1,,LC_Building,description,,,Describe a building element,,,,,
L35,element,6C,SRF,Small sized herbaceous rainfed field(s),75,76,1,,LC_Building,presence_type,,,Mandatory,,,,,
L35,class,78,LR,Large to medium rice crops (rotational),,,,,,class_name,,,Large to medium rice crops (rotational),,,,,
L35,class,78,LR,Large to medium rice crops (rotational),,,,,,class_description,,,In rotation with mais and other herbaceous crops.,,,,,
L35,class,78,LR,Large to medium rice crops (rotational),,,,,,class_map_code,,,LR,,,,,
L35,class,78,LR,Large to medium rice crops (rotational),,,,,,uuid,,,07530930-391a-11ef-ae97-086ac51cbb00,,,,,
L35,hp,78,LR,Large to medium rice crops (rotational),79,,,,,name,,,Horizontal Pattern 1,,,,,
L35,hp,78,LR,Large to medium rice crops (rotational),79,,,,,description,,,Describe the horizontal pattern,,,,,
L35,stratum,78,LR,Large to medium rice crops (rotational),79,7A,,,,name,,,Stratum 1,,,,,
L35,stratum,78,LR,Large to medium rice crops (rotational),79,7A,,,,description,,,Vegetation 1,,,,,
L35,stratum,78,LR,Large to medium rice crops (rotational),79,7A,,,,presence_type,,,Mandatory,,,,,
L35,stratum,78,LR,Large to medium rice crops (rotational),79,7A,,,,@ontop,,,0,,,,,
L35,element,78,LR,Large to medium rice crops (rotational),79,7A,1,,LC_HerbaceousGrowthForm,lccs3_type,,,LC_HerbaceousGrowthForms,,,,,
L35,element,78,LR,Large to medium rice crops (rotational),79,7A,1,,LC_HerbaceousGrowthForm,name,,,Herbaceous growth forms,,,,,
L35,element,78,LR,Large to medium rice crops (rotational),79,7A,1,,LC_HerbaceousGrowthForm,description,,,Describe a vegetation element of herbaceous growth form type,,,,,
L35,element,78,LR,Large to medium rice crops (rotational),79,7A,1,,LC_HerbaceousGrowthForm,presence_type,,,Mandatory,,,,,
L35,characteristic,78,LR,Large to medium rice crops (rotational),79,7A,1,1,LC_CultivatedAndManagedVegetationCharacteristics,lccs3_type,,,LC_CultivatedAndManagedVegetation,,,,,
L35,characteristic,78,LR,Large to medium rice crops (rotational),79,7A,1,1,LC_CultivatedAndManagedVegetationCharacteristics,name,,,Cultivated And Managed Vegetation,,,,,
L35,characteristic,78,LR,Large to medium rice crops (rotational),79,7A,1,1,LC_CultivatedAndManagedVegetationCharacteristics,description,,,Describe the cultivated and managed vegetation,,,,,
L35,characteristic,78,LR,Large to medium rice crops (rotational),79,7A,1,2,LC_FloristicAspectsCharacteristic,lccs3_type,,,LC_FloristicAspect,,,,,
L35,characteristic,78,LR,Large to medium rice crops (rotational),79,7A,1,2,LC_FloristicAspectsCharacteristic,name,,,Floristic Aspect,,,,,
L35,characteristic,78,LR,Large to medium rice crops (rotational),79,7A,1,2,LC_FloristicAspectsCharacteristic,description,,,Describe the floristic aspect,,,,,
L35,characteristic,78,LR,Large to medium rice crops (rotational),79,7A,1,2,LC_FloristicAspectsCharacteristic,elements/LC_Characteristic[LC_SinglePlantSpecies]/name,,,Single Plant Species,,,,,
L35,characteristic,78,LR,Large to medium rice crops (rotational),79,7A,1,2,LC_FloristicAspectsCharacteristic,elements/LC_Characteristic[LC_SinglePlantSpecies]/description,,,Describe a floristic aspect of single plant species,,,,,
L35,characteristic,78,LR,Large to medium rice crops (rotational),79,7A,1,2,LC_FloristicAspectsCharacteristic,elements/LC_Characteristic[LC_SinglePlantSpecies]/type,,,Most Frequent,,,,,
L35,characteristic,78,LR,Large to medium rice crops (rotational),79,7A,1,2,LC_FloristicAspectsCharacteristic,elements/LC_Characteristic[LC_FloristicAspectSpecies]/name,,,Floristic Aspect Species,,,,,
L35,characteristic,78,LR,Large to medium rice crops (rotational),79,7A,1,2,LC_FloristicAspectsCharacteristic,elements/LC_Characteristic[LC_FloristicAspectSpecies]/description,,,Describe the floristic aspect species,,,,,
L35,characteristic,78,LR,Large to medium rice crops (rotational),79,7A,1,2,LC_FloristicAspectsCharacteristic,elements/LC_Characteristic[LC_FloristicAspectSpecies]/species_name,,,Rice,,,,,
L35,stratum,78,LR,Large to medium rice crops (rotational),79,156,,,,name,,,Stratum 2,,,,,
L35,stratum,78,LR,Large to medium rice crops (rotational),79,156,,,,description,,,Vegetation 2,,,,,
L35,stratum,78,LR,Large to medium rice crops (rotational),79,156,,,,presence_type,,,Mandatory,,,,,
L35,stratum,78,LR,Large to medium rice crops (rotational),79,156,,,,@ontop,,,0,,,,,
L35,element,78,LR,Large to medium rice crops (rotational),79,156,1,,LC_HerbaceousGrowthForm,lccs3_type,,,LC_HerbaceousGrowthForms,,,,,
L35,element,78,LR,Large to medium rice crops (rotational),79,156,1,,LC_HerbaceousGrowthForm,name,,,Herbaceous growth forms,,,,,
L35,element,78,LR,Large to medium rice crops (rotational),79,156,1,,LC_HerbaceousGrowthForm,description,,,Describe a vegetation element of herbaceous growth form type,,,,,
L35,element,78,LR,Large to medium rice crops (rotational),79,156,1,,LC_HerbaceousGrowthForm,presence_type,,,Mandatory,,,,,
L35,characteristic,78,LR,Large to medium rice crops (rotational),79,156,1,1,LC_CultivatedAndManagedVegetationCharacteristics,lccs3_type,,,LC_CultivatedAndManagedVegetation,,,,,
L35,characteristic,78,LR,Large to medium rice crops (rotational),79,156,1,1,LC_CultivatedAndManagedVegetationCharacteristics,name,,,Cultivated And Managed Vegetation,,,,,
L35,characteristic,78,LR,Large to medium rice crops (rotational),79,156,1,1,LC_CultivatedAndManagedVegetationCharacteristics,description,,,Describe the cultivated and managed vegetation,,,,,
L35,characteristic,78,LR,Large to medium rice crops (rotational),79,156,1,2,LC_FloristicAspectsCharacteristic,lccs3_type,,,LC_FloristicAspect,,,,,
L35,characteristic,78,LR,Large to medium rice crops (rotational),79,156,1,2,LC_FloristicAspectsCharacteristic,name,,,Floristic Aspect,,,,,
L35,characteristic,78,LR,Large to medium rice crops (rotational),79,156,1,2,LC_FloristicAspectsCharacteristic,description,,,Describe the floristic aspect,,,,,
L35,characteristic,78,LR,Large to medium rice crops (rotational),79,156,1,2,LC_FloristicAspectsCharacteristic,elements/LC_Characteristic[LC_FloristicAspectSpecies]/name,,,Floristic Aspect Species,,,,,
L35,characteristic,78,LR,Large to medium rice crops (rotational),79,156,1,2,LC_FloristicAspectsCharacteristic,elements/LC_Characteristic[LC_FloristicAspectSpecies]/description,,,Describe the floristic aspect species,,,,,
L35,characteristic,78,LR,Large to medium rice crops (rotational),79,156,1,2,LC_FloristicAspectsCharacteristic,elements/LC_Characteristic[LC_FloristicAspectSpecies]/species_name,,,Mais and other crops,,,,,
L35,class,80,SRC,Small rice crops,,,,,,class_name,,,Small rice crops,,,,,
L35,class,80,SRC,Small rice crops,,,,,,class_description,,,Describe the land cover class,,,,,
L35,class,80,SRC,Small rice crops,,,,,,class_map_code,,,SRC,,,,,
L35,class,80,SRC,Small rice crops,,,,,,uuid,,,099e5bf0-391e-11ef-ae97-086ac51cbb00,,,,,
L35,hp,80,SRC,Small rice crops,81,,,,,name,,,Horizontal Pattern 1,,,,,
L35,hp,80,SRC,Small rice crops,81,,,,,description,,,Describe the horizontal pattern,,,,,
L35,stratum,80,SRC,Small rice crops,81,82,,,,name,,,Stratum 1,,,,,
L35,stratum,80,SRC,Small rice crops,81,82,,,,description,,,Vegetation 1,,,,,
L35,stratum,80,SRC,Small rice crops,81,82,,,,presence_type,,,Mandatory,,,,,
L35,stratum,80,SRC,Small rice crops,81,82,,,,@ontop,,,0,,,,,
L35,element,80,SRC,Small rice crops,81,82,1,,LC_HerbaceousGrowthForm,lccs3_type,,,LC_HerbaceousGrowthForms,,,,,
L35,element,80,SRC,Small rice crops,81,82,1,,LC_HerbaceousGrowthForm,name,,,Herbaceous growth forms,,,,,
L35,element,80,SRC,Small rice crops,81,82,1,,LC_HerbaceousGrowthForm,description,,,Describe a vegetation element of herbaceous growth form type,,,,,
L35,element,80,SRC,Small rice crops,81,82,1,,LC_HerbaceousGrowthForm,presence_type,,,Mandatory,,,,,
L35,characteristic,80,SRC,Small rice crops,81,82,1,1,LC_FloristicAspectsCharacteristic,lccs3_type,,,LC_FloristicAspect,,,,,
L35,characteristic,80,SRC,Small rice crops,81,82,1,1,LC_FloristicAspectsCharacteristic,name,,,Floristic Aspect,,,,,
L35,characteristic,80,SRC,Small rice crops,81,82,1,1,LC_FloristicAspectsCharacteristic,description,,,Describe the floristic aspect,,,,,
L35,characteristic,80,SRC,Small rice crops,81,82,1,1,LC_FloristicAspectsCharacteristic,elements/LC_Characteristic[LC_SinglePlantSpecies]/name,,,Single Plant Species,,,,,
L35,characteristic,80,SRC,Small rice crops,81,82,1,1,LC_FloristicAspectsCharacteristic,elements/LC_Characteristic[LC_SinglePlantSpecies]/description,,,Describe a floristic aspect of single plant species,,,,,
L35,characteristic,80,SRC,Small rice crops,81,82,1,1,LC_FloristicAspectsCharacteristic,elements/LC_Characteristic[LC_FloristicAspectSpecies]/name,,,Floristic Aspect Species,,,,,
L35,characteristic,80,SRC,Small rice crops,81,82,1,1,LC_FloristicAspectsCharacteristic,elements/LC_Characteristic[LC_FloristicAspectSpecies]/description,,,Describe the floristic aspect species,,,,,
L35,characteristic,80,SRC,Small rice crops,81,82,1,1,LC_FloristicAspectsCharacteristic,elements/LC_Characteristic[LC_FloristicAspectSpecies]/species_name,,,Rice,,,,,
L35,characteristic,80,SRC,Small rice crops,81,82,1,2,LC_CultivatedAndManagedVegetationCharacteristics,lccs3_type,,,LC_CultivatedAndManagedVegetation,,,,,
L35,characteristic,80,SRC,Small rice crops,81,82,1,2,LC_CultivatedAndManagedVegetationCharacteristics,name,,,Cultivated And Managed Vegetation,,,,,
L35,characteristic,80,SRC,Small rice crops,81,82,1,2,LC_CultivatedAndManagedVegetationCharacteristics,description,,,Describe the cultivated and managed vegetation,,,,,
L35,characteristic,80,SRC,Small rice crops,81,82,1,2,LC_CultivatedAndManagedVegetationCharacteristics,elements/LC_Characteristic[LC_FieldSize]/name,,,Field Size,,,,,
L35,characteristic,80,SRC,Small rice crops,81,82,1,2,LC_CultivatedAndManagedVegetationCharacteristics,elements/LC_Characteristic[LC_FieldSize]/description,,,Describe the field size,,,,,
L35,characteristic,80,SRC,Small rice crops,81,82,1,2,LC_CultivatedAndManagedVegetationCharacteristics,elements/LC_Characteristic[LC_FieldSize]/size,0.1,2.0,,,,,,
L35,class,87,CB,Closed broadleaved deciduous trees,,,,,,class_name,,,Closed broadleaved deciduous trees,,,,,
L35,class,87,CB,Closed broadleaved deciduous trees,,,,,,class_description,,,Describe the land cover class,,,,,
L35,class,87,CB,Closed broadleaved deciduous trees,,,,,,class_map_code,,,CB,,,,,
L35,class,87,CB,Closed broadleaved deciduous trees,,,,,,uuid,,,24402380-391e-11ef-ae97-086ac51cbb00,,,,,
L35,hp,87,CB,Closed broadleaved deciduous trees,88,,,,,name,,,Horizontal Pattern 1,,,,,
L35,hp,87,CB,Closed broadleaved deciduous trees,88,,,,,description,,,Describe the horizontal pattern,,,,,
L35,stratum,87,CB,Closed broadleaved deciduous trees,88,89,,,,name,,,Stratum 1,,,,,
L35,stratum,87,CB,Closed broadleaved deciduous trees,88,89,,,,description,,,Vegetation 1,,,,,
L35,stratum,87,CB,Closed broadleaved deciduous trees,88,89,,,,presence_type,,,Mandatory,,,,,
L35,stratum,87,CB,Closed broadleaved deciduous trees,88,89,,,,@ontop,,,0,,,,,
L35,element,87,CB,Closed broadleaved deciduous trees,88,89,1,,LC_Tree,lccs3_type,,,LC_Trees,,,,,
L35,element,87,CB,Closed broadleaved deciduous trees,88,89,1,,LC_Tree,name,,,Trees,,,,,
L35,element,87,CB,Closed broadleaved deciduous trees,88,89,1,,LC_Tree,description,,,Describe a vegetation element of trees type,,,,,
L35,element,87,CB,Closed broadleaved deciduous trees,88,89,1,,LC_Tree,cover,65.0,100.0,,,,,,
L35,element,87,CB,Closed broadleaved deciduous trees,88,89,1,,LC_Tree,presence_type,,,Mandatory,,,,,
L35,element,87,CB,Closed broadleaved deciduous trees,88,89,1,,LC_Tree,LC_WoodyGrowthLeafType[LC_WoodyGrowthLeafType]/name,,,Woody Growth Leaf Type,,,,,
L35,element,87,CB,Closed broadleaved deciduous trees,88,89,1,,LC_Tree,LC_WoodyGrowthLeafType[LC_WoodyGrowthLeafType]/description,,,Contains the elements of Woody Growth Leaf Type,,,,,
L35,element,87,CB,Closed broadleaved deciduous trees,88,89,1,,LC_Tree,LC_WoodyGrowthLeafType[LC_WoodyGrowthLeafType]/elements/LC_WoodyLeafType[LC_Broadleaved]/name,,,Broadleaved,,,,,
L35,element,87,CB,Closed broadleaved deciduous trees,88,89,1,,LC_Tree,LC_WoodyGrowthLeafType[LC_WoodyGrowthLeafType]/elements/LC_WoodyLeafType[LC_Broadleaved]/description,,,Describe a Broadleaved type element,,,,,
L35,element,87,CB,Closed broadleaved deciduous trees,88,89,1,,LC_Tree,LC_WoodyGrowthLeafPhenology[LC_WoodyGrowthLeafPhenology]/name,,,Woody Growth Leaf Phenology,,,,,
L35,element,87,CB,Closed broadleaved deciduous trees,88,89,1,,LC_Tree,LC_WoodyGrowthLeafPhenology[LC_WoodyGrowthLeafPhenology]/description,,,Contains the elements of Woody Growth Leaf Phenology,,,,,
L35,element,87,CB,Closed broadleaved deciduous trees,88,89,1,,LC_Tree,LC_WoodyGrowthLeafPhenology[LC_WoodyGrowthLeafPhenology]/elements/LC_WoodyLeafPhenology[LC_Deciduous]/name,,,Deciduous,,,,,
L35,element,87,CB,Closed broadleaved deciduous trees,88,89,1,,LC_Tree,LC_WoodyGrowthLeafPhenology[LC_WoodyGrowthLeafPhenology]/elements/LC_WoodyLeafPhenology[LC_Deciduous]/description,,,Describe a Deciduous leaf phenology element,,,,,
L35,characteristic,87,CB,Closed broadleaved deciduous trees,88,89,1,1,LC_VegetationArtificialityCharacteristic,lccs3_type,,,LC_NaturalOrSeminaturalVegetation,,,,,value: Natural or Seminatural
L35,characteristic,87,CB,Closed broadleaved deciduous trees,88,89,1,1,LC_VegetationArtificialityCharacteristic,name,,,Natural Or Seminatural Vegetation,,,,,
L35,characteristic,87,CB,Closed broadleaved deciduous trees,88,89,1,1,LC_VegetationArtificialityCharacteristic,description,,,Describe the natural or seminatural vegetation,,,,,
L35,class,90,OT,Open trees (woodland),,,,,,class_name,,,Open trees (woodland),,,,,
L35,class,90,OT,Open trees (woodland),,,,,,class_description,,,Describe the land cover class,,,,,
L35,class,90,OT,Open trees (woodland),,,,,,class_map_code,,,OT,,,,,
L35,class,90,OT,Open trees (woodland),,,,,,uuid,,,a463c9e0-391e-11ef-ae97-086ac51cbb00,,,,,
L35,hp,90,OT,Open trees (woodland),91,,,,,name,,,Horizontal Pattern 1,,,,,
L35,hp,90,OT,Open trees (woodland),91,,,,,description,,,Describe the horizontal pattern,,,,,
L35,stratum,90,OT,Open trees (woodland),91,92,,,,name,,,Stratum 1,,,,,
L35,stratum,90,OT,Open trees (woodland),91,92,,,,description,,,Vegetation 1,,,,,
L35,stratum,90,OT,Open trees (woodland),91,92,,,,presence_type,,,Mandatory,,,,,
L35,stratum,90,OT,Open trees (woodland),91,92,,,,@ontop,,,0,,,,,
L35,element,90,OT,Open trees (woodland),91,92,1,,LC_Tree,lccs3_type,,,LC_Trees,,,,,
L35,element,90,OT,Open trees (woodland),91,92,1,,LC_Tree,name,,,Trees,,,,,
L35,element,90,OT,Open trees (woodland),91,92,1,,LC_Tree,description,,,Describe a vegetation element of trees type,,,,,
L35,element,90,OT,Open trees (woodland),91,92,1,,LC_Tree,presence_type,,,Mandatory,,,,,
L35,element,90,OT,Open trees (woodland),91,92,1,,LC_Tree,LC_WoodyGrowthLeafPhenology[LC_WoodyGrowthLeafPhenology]/name,,,Woody Growth Leaf Phenology,,,,,
L35,element,90,OT,Open trees (woodland),91,92,1,,LC_Tree,LC_WoodyGrowthLeafPhenology[LC_WoodyGrowthLeafPhenology]/description,,,Contains the elements of Woody Growth Leaf Phenology,,,,,
L35,element,90,OT,Open trees (woodland),91,92,1,,LC_Tree,LC_WoodyGrowthLeafPhenology[LC_WoodyGrowthLeafPhenology]/elements/LC_WoodyLeafPhenology[LC_WoodyLeafPhenology]/name,,,Woody Leaf Phenology,,,,,
L35,element,90,OT,Open trees (woodland),91,92,1,,LC_Tree,LC_WoodyGrowthLeafPhenology[LC_WoodyGrowthLeafPhenology]/elements/LC_WoodyLeafPhenology[LC_WoodyLeafPhenology]/description,,,Describe a generic Woody Leaf Phenology element,,,,,
L35,characteristic,90,OT,Open trees (woodland),91,92,1,1,LC_VegetationArtificialityCharacteristic,lccs3_type,,,LC_NaturalOrSeminaturalVegetation,,,,,value: Natural or Seminatural
L35,characteristic,90,OT,Open trees (woodland),91,92,1,1,LC_VegetationArtificialityCharacteristic,name,,,Natural Or Seminatural Vegetation,,,,,
L35,characteristic,90,OT,Open trees (woodland),91,92,1,1,LC_VegetationArtificialityCharacteristic,description,,,Describe the natural or seminatural vegetation,,,,,
L35,class,97,CT,Closed to open broadleaved evergreen trees,,,,,,class_name,,,Closed to open broadleaved evergreen trees,,,,,
L35,class,97,CT,Closed to open broadleaved evergreen trees,,,,,,class_description,,,Describe the land cover class,,,,,
L35,class,97,CT,Closed to open broadleaved evergreen trees,,,,,,class_map_code,,,CT,,,,,
L35,class,97,CT,Closed to open broadleaved evergreen trees,,,,,,uuid,,,fe5dffb0-391e-11ef-ae97-086ac51cbb00,,,,,
L35,hp,97,CT,Closed to open broadleaved evergreen trees,98,,,,,name,,,Horizontal Pattern 1,,,,,
L35,hp,97,CT,Closed to open broadleaved evergreen trees,98,,,,,description,,,Describe the horizontal pattern,,,,,
L35,stratum,97,CT,Closed to open broadleaved evergreen trees,98,99,,,,name,,,Stratum 1,,,,,
L35,stratum,97,CT,Closed to open broadleaved evergreen trees,98,99,,,,description,,,Vegetation 1,,,,,
L35,stratum,97,CT,Closed to open broadleaved evergreen trees,98,99,,,,presence_type,,,Mandatory,,,,,
L35,stratum,97,CT,Closed to open broadleaved evergreen trees,98,99,,,,@ontop,,,0,,,,,
L35,element,97,CT,Closed to open broadleaved evergreen trees,98,99,1,,LC_Tree,lccs3_type,,,LC_Trees,,,,,
L35,element,97,CT,Closed to open broadleaved evergreen trees,98,99,1,,LC_Tree,name,,,Trees,,,,,
L35,element,97,CT,Closed to open broadleaved evergreen trees,98,99,1,,LC_Tree,description,,,Describe a vegetation element of trees type,,,,,
L35,element,97,CT,Closed to open broadleaved evergreen trees,98,99,1,,LC_Tree,cover,40.0,100.0,,,,,,
L35,element,97,CT,Closed to open broadleaved evergreen trees,98,99,1,,LC_Tree,presence_type,,,Mandatory,,,,,
L35,element,97,CT,Closed to open broadleaved evergreen trees,98,99,1,,LC_Tree,LC_WoodyGrowthLeafType[LC_WoodyGrowthLeafType]/name,,,Woody Growth Leaf Type,,,,,
L35,element,97,CT,Closed to open broadleaved evergreen trees,98,99,1,,LC_Tree,LC_WoodyGrowthLeafType[LC_WoodyGrowthLeafType]/description,,,Contains the elements of Woody Growth Leaf Type,,,,,
L35,element,97,CT,Closed to open broadleaved evergreen trees,98,99,1,,LC_Tree,LC_WoodyGrowthLeafType[LC_WoodyGrowthLeafType]/elements/LC_WoodyLeafType[LC_Broadleaved]/name,,,Broadleaved,,,,,
L35,element,97,CT,Closed to open broadleaved evergreen trees,98,99,1,,LC_Tree,LC_WoodyGrowthLeafType[LC_WoodyGrowthLeafType]/elements/LC_WoodyLeafType[LC_Broadleaved]/description,,,Describe a Broadleaved type element,,,,,
L35,element,97,CT,Closed to open broadleaved evergreen trees,98,99,1,,LC_Tree,LC_WoodyGrowthLeafPhenology[LC_WoodyGrowthLeafPhenology]/name,,,Woody Growth Leaf Phenology,,,,,
L35,element,97,CT,Closed to open broadleaved evergreen trees,98,99,1,,LC_Tree,LC_WoodyGrowthLeafPhenology[LC_WoodyGrowthLeafPhenology]/description,,,Contains the elements of Woody Growth Leaf Phenology,,,,,
L35,element,97,CT,Closed to open broadleaved evergreen trees,98,99,1,,LC_Tree,LC_WoodyGrowthLeafPhenology[LC_WoodyGrowthLeafPhenology]/elements/LC_WoodyLeafPhenology[LC_Evergreen]/name,,,Evergreen,,,,,
L35,element,97,CT,Closed to open broadleaved evergreen trees,98,99,1,,LC_Tree,LC_WoodyGrowthLeafPhenology[LC_WoodyGrowthLeafPhenology]/elements/LC_WoodyLeafPhenology[LC_Evergreen]/description,,,Describe an Evergreen leaf phenology element,,,,,
L35,characteristic,97,CT,Closed to open broadleaved evergreen trees,98,99,1,1,LC_VegetationArtificialityCharacteristic,lccs3_type,,,LC_NaturalOrSeminaturalVegetation,,,,,value: Natural or Seminatural
L35,characteristic,97,CT,Closed to open broadleaved evergreen trees,98,99,1,1,LC_VegetationArtificialityCharacteristic,name,,,Natural Or Seminatural Vegetation,,,,,
L35,characteristic,97,CT,Closed to open broadleaved evergreen trees,98,99,1,1,LC_VegetationArtificialityCharacteristic,description,,,Describe the natural or seminatural vegetation,,,,,
L35,characteristic,97,CT,Closed to open broadleaved evergreen trees,98,99,1,2,LC_FloristicAspectsCharacteristic,lccs3_type,,,LC_FloristicAspect,,,,,
L35,characteristic,97,CT,Closed to open broadleaved evergreen trees,98,99,1,2,LC_FloristicAspectsCharacteristic,name,,,Floristic Aspect,,,,,
L35,characteristic,97,CT,Closed to open broadleaved evergreen trees,98,99,1,2,LC_FloristicAspectsCharacteristic,description,,,Describe the floristic aspect,,,,,
L35,characteristic,97,CT,Closed to open broadleaved evergreen trees,98,99,1,2,LC_FloristicAspectsCharacteristic,elements/LC_Characteristic[LC_GroupOfPlantSpecies]/name,,,Group Of Plant Species,,,,,
L35,characteristic,97,CT,Closed to open broadleaved evergreen trees,98,99,1,2,LC_FloristicAspectsCharacteristic,elements/LC_Characteristic[LC_GroupOfPlantSpecies]/description,,,Describe a floristic aspect as a group of plant species,,,,,
L35,characteristic,97,CT,Closed to open broadleaved evergreen trees,98,99,1,2,LC_FloristicAspectsCharacteristic,elements/LC_Characteristic[LC_FloristicAspectSpecies]/name,,,Floristic Aspect Species,,,,,
L35,characteristic,97,CT,Closed to open broadleaved evergreen trees,98,99,1,2,LC_FloristicAspectsCharacteristic,elements/LC_Characteristic[LC_FloristicAspectSpecies]/description,,,Describe the floristic aspect species,,,,,
L35,characteristic,97,CT,Closed to open broadleaved evergreen trees,98,99,1,2,LC_FloristicAspectsCharacteristic,elements/LC_Characteristic[LC_FloristicAspectSpecies]/species_name,,,Palm trees (generical),,,,,
L35,class,A3,GF,Closed to open trees - gallery forest,,,,,,class_name,,,Closed to open trees - gallery forest,,,,,
L35,class,A3,GF,Closed to open trees - gallery forest,,,,,,class_description,,,Describe the land cover class,,,,,
L35,class,A3,GF,Closed to open trees - gallery forest,,,,,,class_map_code,,,GF,,,,,
L35,class,A3,GF,Closed to open trees - gallery forest,,,,,,uuid,,,94163ef0-391f-11ef-ae97-086ac51cbb00,,,,,
L35,hp,A3,GF,Closed to open trees - gallery forest,A4,,,,,name,,,Horizontal Pattern 1,,,,,
L35,hp,A3,GF,Closed to open trees - gallery forest,A4,,,,,description,,,Describe the horizontal pattern,,,,,
L35,stratum,A3,GF,Closed to open trees - gallery forest,A4,A5,,,,name,,,Stratum 1,,,,,
L35,stratum,A3,GF,Closed to open trees - gallery forest,A4,A5,,,,description,,,Vegetation 1,,,,,
L35,stratum,A3,GF,Closed to open trees - gallery forest,A4,A5,,,,presence_type,,,Mandatory,,,,,
L35,stratum,A3,GF,Closed to open trees - gallery forest,A4,A5,,,,@ontop,,,0,,,,,
L35,element,A3,GF,Closed to open trees - gallery forest,A4,A5,1,,LC_Tree,lccs3_type,,,LC_Trees,,,,,
L35,element,A3,GF,Closed to open trees - gallery forest,A4,A5,1,,LC_Tree,name,,,Trees,,,,,
L35,element,A3,GF,Closed to open trees - gallery forest,A4,A5,1,,LC_Tree,description,,,Describe a vegetation element of trees type,,,,,
L35,element,A3,GF,Closed to open trees - gallery forest,A4,A5,1,,LC_Tree,presence_type,,,Mandatory,,,,,
L35,characteristic,A3,GF,Closed to open trees - gallery forest,A4,A5,1,1,LC_VegetationArtificialityCharacteristic,lccs3_type,,,LC_NaturalOrSeminaturalVegetation,,,,,value: Natural or Seminatural
L35,characteristic,A3,GF,Closed to open trees - gallery forest,A4,A5,1,1,LC_VegetationArtificialityCharacteristic,name,,,Natural Or Seminatural Vegetation,,,,,
L35,characteristic,A3,GF,Closed to open trees - gallery forest,A4,A5,1,1,LC_VegetationArtificialityCharacteristic,description,,,Describe the natural or seminatural vegetation,,,,,
L35,class,A8,OB,Very open broadleaved evergreen trees,,,,,,class_name,,,Very open broadleaved evergreen trees,,,,,
L35,class,A8,OB,Very open broadleaved evergreen trees,,,,,,class_description,,,Describe the land cover class,,,,,
L35,class,A8,OB,Very open broadleaved evergreen trees,,,,,,class_map_code,,,OB,,,,,
L35,class,A8,OB,Very open broadleaved evergreen trees,,,,,,uuid,,,feaf85a0-391f-11ef-ae97-086ac51cbb00,,,,,
L35,hp,A8,OB,Very open broadleaved evergreen trees,A9,,,,,name,,,Horizontal Pattern 1,,,,,
L35,hp,A8,OB,Very open broadleaved evergreen trees,A9,,,,,description,,,Describe the horizontal pattern,,,,,
L35,stratum,A8,OB,Very open broadleaved evergreen trees,A9,AA,,,,name,,,Stratum 1,,,,,
L35,stratum,A8,OB,Very open broadleaved evergreen trees,A9,AA,,,,description,,,Vegetation 1,,,,,
L35,stratum,A8,OB,Very open broadleaved evergreen trees,A9,AA,,,,presence_type,,,Mandatory,,,,,
L35,stratum,A8,OB,Very open broadleaved evergreen trees,A9,AA,,,,@ontop,,,0,,,,,
L35,element,A8,OB,Very open broadleaved evergreen trees,A9,AA,1,,LC_Tree,lccs3_type,,,LC_Trees,,,,,
L35,element,A8,OB,Very open broadleaved evergreen trees,A9,AA,1,,LC_Tree,name,,,Trees,,,,,
L35,element,A8,OB,Very open broadleaved evergreen trees,A9,AA,1,,LC_Tree,description,,,Describe a vegetation element of trees type,,,,,
L35,element,A8,OB,Very open broadleaved evergreen trees,A9,AA,1,,LC_Tree,cover,15.0,40.0,,,,,,
L35,element,A8,OB,Very open broadleaved evergreen trees,A9,AA,1,,LC_Tree,presence_type,,,Mandatory,,,,,
L35,element,A8,OB,Very open broadleaved evergreen trees,A9,AA,1,,LC_Tree,LC_WoodyGrowthLeafType[LC_WoodyGrowthLeafType]/name,,,Woody Growth Leaf Type,,,,,
L35,element,A8,OB,Very open broadleaved evergreen trees,A9,AA,1,,LC_Tree,LC_WoodyGrowthLeafType[LC_WoodyGrowthLeafType]/description,,,Contains the elements of Woody Growth Leaf Type,,,,,
L35,element,A8,OB,Very open broadleaved evergreen trees,A9,AA,1,,LC_Tree,LC_WoodyGrowthLeafType[LC_WoodyGrowthLeafType]/elements/LC_WoodyLeafType[LC_Broadleaved]/name,,,Broadleaved,,,,,
L35,element,A8,OB,Very open broadleaved evergreen trees,A9,AA,1,,LC_Tree,LC_WoodyGrowthLeafType[LC_WoodyGrowthLeafType]/elements/LC_WoodyLeafType[LC_Broadleaved]/description,,,Describe a Broadleaved type element,,,,,
L35,element,A8,OB,Very open broadleaved evergreen trees,A9,AA,1,,LC_Tree,LC_WoodyGrowthLeafPhenology[LC_WoodyGrowthLeafPhenology]/name,,,Woody Growth Leaf Phenology,,,,,
L35,element,A8,OB,Very open broadleaved evergreen trees,A9,AA,1,,LC_Tree,LC_WoodyGrowthLeafPhenology[LC_WoodyGrowthLeafPhenology]/description,,,Contains the elements of Woody Growth Leaf Phenology,,,,,
L35,element,A8,OB,Very open broadleaved evergreen trees,A9,AA,1,,LC_Tree,LC_WoodyGrowthLeafPhenology[LC_WoodyGrowthLeafPhenology]/elements/LC_WoodyLeafPhenology[LC_Evergreen]/name,,,Evergreen,,,,,
L35,element,A8,OB,Very open broadleaved evergreen trees,A9,AA,1,,LC_Tree,LC_WoodyGrowthLeafPhenology[LC_WoodyGrowthLeafPhenology]/elements/LC_WoodyLeafPhenology[LC_Evergreen]/description,,,Describe an Evergreen leaf phenology element,,,,,
L35,characteristic,A8,OB,Very open broadleaved evergreen trees,A9,AA,1,1,LC_VegetationArtificialityCharacteristic,lccs3_type,,,LC_NaturalOrSeminaturalVegetation,,,,,value: Natural or Seminatural
L35,characteristic,A8,OB,Very open broadleaved evergreen trees,A9,AA,1,1,LC_VegetationArtificialityCharacteristic,name,,,Natural Or Seminatural Vegetation,,,,,
L35,characteristic,A8,OB,Very open broadleaved evergreen trees,A9,AA,1,1,LC_VegetationArtificialityCharacteristic,description,,,Describe the natural or seminatural vegetation,,,,,
L35,characteristic,A8,OB,Very open broadleaved evergreen trees,A9,AA,1,2,LC_FloristicAspectsCharacteristic,lccs3_type,,,LC_FloristicAspect,,,,,
L35,characteristic,A8,OB,Very open broadleaved evergreen trees,A9,AA,1,2,LC_FloristicAspectsCharacteristic,name,,,Floristic Aspect,,,,,
L35,characteristic,A8,OB,Very open broadleaved evergreen trees,A9,AA,1,2,LC_FloristicAspectsCharacteristic,description,,,Describe the floristic aspect,,,,,
L35,characteristic,A8,OB,Very open broadleaved evergreen trees,A9,AA,1,2,LC_FloristicAspectsCharacteristic,elements/LC_Characteristic[LC_GroupOfPlantSpecies]/name,,,Group Of Plant Species,,,,,
L35,characteristic,A8,OB,Very open broadleaved evergreen trees,A9,AA,1,2,LC_FloristicAspectsCharacteristic,elements/LC_Characteristic[LC_GroupOfPlantSpecies]/description,,,Describe a floristic aspect as a group of plant species,,,,,
L35,characteristic,A8,OB,Very open broadleaved evergreen trees,A9,AA,1,2,LC_FloristicAspectsCharacteristic,elements/LC_Characteristic[LC_FloristicAspectSpecies]/name,,,Floristic Aspect Species,,,,,
L35,characteristic,A8,OB,Very open broadleaved evergreen trees,A9,AA,1,2,LC_FloristicAspectsCharacteristic,elements/LC_Characteristic[LC_FloristicAspectSpecies]/description,,,Describe the floristic aspect species,,,,,
L35,characteristic,A8,OB,Very open broadleaved evergreen trees,A9,AA,1,2,LC_FloristicAspectsCharacteristic,elements/LC_Characteristic[LC_FloristicAspectSpecies]/species_name,,,Palm Trees (Generical),,,,,
L35,class,B4,PF,Closed to open trees on permanently flooded land,,,,,,class_name,,,Closed to open trees on permanently flooded land,,,,,
L35,class,B4,PF,Closed to open trees on permanently flooded land,,,,,,class_description,,,Describe the land cover class,,,,,
L35,class,B4,PF,Closed to open trees on permanently flooded land,,,,,,class_map_code,,,PF,,,,,
L35,class,B4,PF,Closed to open trees on permanently flooded land,,,,,,uuid,,,65f0eec0-3920-11ef-ae97-086ac51cbb00,,,,,
L35,hp,B4,PF,Closed to open trees on permanently flooded land,B5,,,,,name,,,Horizontal Pattern 1,,,,,
L35,hp,B4,PF,Closed to open trees on permanently flooded land,B5,,,,,description,,,Describe the horizontal pattern,,,,,
L35,stratum,B4,PF,Closed to open trees on permanently flooded land,B5,B6,,,,name,,,Stratum 1,,,,,
L35,stratum,B4,PF,Closed to open trees on permanently flooded land,B5,B6,,,,description,,,Vegetation 1,,,,,
L35,stratum,B4,PF,Closed to open trees on permanently flooded land,B5,B6,,,,presence_type,,,Mandatory,,,,,
L35,stratum,B4,PF,Closed to open trees on permanently flooded land,B5,B6,,,,@ontop,,,0,,,,,
L35,element,B4,PF,Closed to open trees on permanently flooded land,B5,B6,1,,LC_Tree,lccs3_type,,,LC_Trees,,,,,
L35,element,B4,PF,Closed to open trees on permanently flooded land,B5,B6,1,,LC_Tree,name,,,Trees,,,,,
L35,element,B4,PF,Closed to open trees on permanently flooded land,B5,B6,1,,LC_Tree,description,,,Describe a vegetation element of trees type,,,,,
L35,element,B4,PF,Closed to open trees on permanently flooded land,B5,B6,1,,LC_Tree,cover,40.0,100.0,,,,,,
L35,element,B4,PF,Closed to open trees on permanently flooded land,B5,B6,1,,LC_Tree,presence_type,,,Mandatory,,,,,
L35,characteristic,B4,PF,Closed to open trees on permanently flooded land,B5,B6,1,1,LC_VegetationArtificialityCharacteristic,lccs3_type,,,LC_NaturalOrSeminaturalVegetation,,,,,value: Natural or Seminatural
L35,characteristic,B4,PF,Closed to open trees on permanently flooded land,B5,B6,1,1,LC_VegetationArtificialityCharacteristic,name,,,Natural Or Seminatural Vegetation,,,,,
L35,characteristic,B4,PF,Closed to open trees on permanently flooded land,B5,B6,1,1,LC_VegetationArtificialityCharacteristic,description,,,Describe the natural or seminatural vegetation,,,,,
L35,stratum,B4,PF,Closed to open trees on permanently flooded land,B5,15D,,,,name,,,Stratum 2,,,,,
L35,stratum,B4,PF,Closed to open trees on permanently flooded land,B5,15D,,,,description,,,Abiotic surface 2,,,,,
L35,stratum,B4,PF,Closed to open trees on permanently flooded land,B5,15D,,,,presence_type,,,Mandatory,,,,,
L35,stratum,B4,PF,Closed to open trees on permanently flooded land,B5,15D,,,,@ontop,,,0,,,,,
L35,element,B4,PF,Closed to open trees on permanently flooded land,B5,15D,1,,LC_WaterBody,lccs3_type,,,LC_WaterBody,,,,,
L35,element,B4,PF,Closed to open trees on permanently flooded land,B5,15D,1,,LC_WaterBody,name,,,Water Body,,,,,
L35,element,B4,PF,Closed to open trees on permanently flooded land,B5,15D,1,,LC_WaterBody,description,,,Describe a water body surface element,,,,,
L35,element,B4,PF,Closed to open trees on permanently flooded land,B5,15D,1,,LC_WaterBody,presence_type,,,Mandatory,,,,,
L35,element,B4,PF,Closed to open trees on permanently flooded land,B5,15D,1,,LC_WaterBody,periodic_variation[LC_PeriodicVariations]/name,,,Periodic Variations,,,,,
L35,element,B4,PF,Closed to open trees on permanently flooded land,B5,15D,1,,LC_WaterBody,periodic_variation[LC_PeriodicVariations]/description,,,Contains the elements of Periodic Variation,,,,,
L35,element,B4,PF,Closed to open trees on permanently flooded land,B5,15D,1,,LC_WaterBody,periodic_variation[LC_PeriodicVariations]/elements/LC_PeriodicVariation[LC_PeriodicVariation]/name,,,Periodic Variation,,,,,
L35,element,B4,PF,Closed to open trees on permanently flooded land,B5,15D,1,,LC_WaterBody,periodic_variation[LC_PeriodicVariations]/elements/LC_PeriodicVariation[LC_PeriodicVariation]/description,,,Describe a periodic variation element,,,,,
L35,element,B4,PF,Closed to open trees on permanently flooded land,B5,15D,1,,LC_WaterBody,periodic_variation[LC_PeriodicVariations]/elements/LC_PeriodicVariation[LC_PeriodicVariation]/persistence_units,,,Hours,,,,,
L35,element,B4,PF,Closed to open trees on permanently flooded land,B5,15D,1,,LC_WaterBody,periodic_variation[LC_PeriodicVariations]/elements/LC_PeriodicVariation[LC_PeriodicVariation]/period_type,,,Permanent,,,,,
L35,element,B4,PF,Closed to open trees on permanently flooded land,B5,15D,1,,LC_WaterBody,position,,,Above Surface,,,,,
L35,element,B4,PF,Closed to open trees on permanently flooded land,B5,15D,1,,LC_WaterBody,dynamics,,,Standing,,,,,
L35,class,BA,TF,Closed to open trees on temporarily flooded land,,,,,,class_name,,,Closed to open trees on temporarily flooded land,,,,,
L35,class,BA,TF,Closed to open trees on temporarily flooded land,,,,,,class_description,,,Describe the land cover class,,,,,
L35,class,BA,TF,Closed to open trees on temporarily flooded land,,,,,,class_map_code,,,TF,,,,,
L35,class,BA,TF,Closed to open trees on temporarily flooded land,,,,,,uuid,,,c1737240-3920-11ef-ae97-086ac51cbb00,,,,,
L35,hp,BA,TF,Closed to open trees on temporarily flooded land,BB,,,,,name,,,Horizontal Pattern 1,,,,,
L35,hp,BA,TF,Closed to open trees on temporarily flooded land,BB,,,,,description,,,Describe the horizontal pattern,,,,,
L35,stratum,BA,TF,Closed to open trees on temporarily flooded land,BB,BC,,,,name,,,Stratum 1,,,,,
L35,stratum,BA,TF,Closed to open trees on temporarily flooded land,BB,BC,,,,description,,,Vegetation 1,,,,,
L35,stratum,BA,TF,Closed to open trees on temporarily flooded land,BB,BC,,,,presence_type,,,Mandatory,,,,,
L35,stratum,BA,TF,Closed to open trees on temporarily flooded land,BB,BC,,,,@ontop,,,0,,,,,
L35,element,BA,TF,Closed to open trees on temporarily flooded land,BB,BC,1,,LC_Tree,lccs3_type,,,LC_Trees,,,,,
L35,element,BA,TF,Closed to open trees on temporarily flooded land,BB,BC,1,,LC_Tree,name,,,Trees,,,,,
L35,element,BA,TF,Closed to open trees on temporarily flooded land,BB,BC,1,,LC_Tree,description,,,Describe a vegetation element of trees type,,,,,
L35,element,BA,TF,Closed to open trees on temporarily flooded land,BB,BC,1,,LC_Tree,presence_type,,,Mandatory,,,,,
L35,characteristic,BA,TF,Closed to open trees on temporarily flooded land,BB,BC,1,1,LC_VegetationArtificialityCharacteristic,lccs3_type,,,LC_NaturalOrSeminaturalVegetation,,,,,value: Natural or Seminatural
L35,characteristic,BA,TF,Closed to open trees on temporarily flooded land,BB,BC,1,1,LC_VegetationArtificialityCharacteristic,name,,,Natural Or Seminatural Vegetation,,,,,
L35,characteristic,BA,TF,Closed to open trees on temporarily flooded land,BB,BC,1,1,LC_VegetationArtificialityCharacteristic,description,,,Describe the natural or seminatural vegetation,,,,,
L35,stratum,BA,TF,Closed to open trees on temporarily flooded land,BB,161,,,,name,,,Stratum 2,,,,,
L35,stratum,BA,TF,Closed to open trees on temporarily flooded land,BB,161,,,,description,,,Abiotic surface 2,,,,,
L35,stratum,BA,TF,Closed to open trees on temporarily flooded land,BB,161,,,,presence_type,,,Mandatory,,,,,
L35,stratum,BA,TF,Closed to open trees on temporarily flooded land,BB,161,,,,@ontop,,,0,,,,,
L35,element,BA,TF,Closed to open trees on temporarily flooded land,BB,161,1,,LC_WaterBody,lccs3_type,,,LC_WaterBody,,,,,
L35,element,BA,TF,Closed to open trees on temporarily flooded land,BB,161,1,,LC_WaterBody,name,,,Water Body,,,,,
L35,element,BA,TF,Closed to open trees on temporarily flooded land,BB,161,1,,LC_WaterBody,description,,,Describe a water body surface element,,,,,
L35,element,BA,TF,Closed to open trees on temporarily flooded land,BB,161,1,,LC_WaterBody,presence_type,,,Mandatory,,,,,
L35,element,BA,TF,Closed to open trees on temporarily flooded land,BB,161,1,,LC_WaterBody,periodic_variation[LC_PeriodicVariations]/name,,,Periodic Variations,,,,,
L35,element,BA,TF,Closed to open trees on temporarily flooded land,BB,161,1,,LC_WaterBody,periodic_variation[LC_PeriodicVariations]/description,,,Contains the elements of Periodic Variation,,,,,
L35,element,BA,TF,Closed to open trees on temporarily flooded land,BB,161,1,,LC_WaterBody,periodic_variation[LC_PeriodicVariations]/elements/LC_PeriodicVariation[LC_PeriodicVariation]/name,,,Periodic Variation,,,,,
L35,element,BA,TF,Closed to open trees on temporarily flooded land,BB,161,1,,LC_WaterBody,periodic_variation[LC_PeriodicVariations]/elements/LC_PeriodicVariation[LC_PeriodicVariation]/description,,,Describe a periodic variation element,,,,,
L35,element,BA,TF,Closed to open trees on temporarily flooded land,BB,161,1,,LC_WaterBody,periodic_variation[LC_PeriodicVariations]/elements/LC_PeriodicVariation[LC_PeriodicVariation]/persistence_units,,,Hours,,,,,
L35,element,BA,TF,Closed to open trees on temporarily flooded land,BB,161,1,,LC_WaterBody,periodic_variation[LC_PeriodicVariations]/elements/LC_PeriodicVariation[LC_PeriodicVariation]/period_type,,,Temporary,,,,,
L35,element,BA,TF,Closed to open trees on temporarily flooded land,BB,161,1,,LC_WaterBody,position,,,Above Surface,,,,,
L35,element,BA,TF,Closed to open trees on temporarily flooded land,BB,161,1,,LC_WaterBody,dynamics,,,Standing,,,,,
L35,class,18D,MS,Closed to open mangrove shrubs,,,,,,class_name,,,Closed to open mangrove shrubs,,,,,
L35,class,18D,MS,Closed to open mangrove shrubs,,,,,,class_description,,,,,,,,
L35,class,18D,MS,Closed to open mangrove shrubs,,,,,,class_map_code,,,MS,,,,,
L35,class,18D,MS,Closed to open mangrove shrubs,,,,,,uuid,,,02f2c5d0-39ea-11ef-803b-90784174c049,,,,,
L35,hp,18D,MS,Closed to open mangrove shrubs,18E,,,,,name,,,Horizontal Pattern 1,,,,,
L35,hp,18D,MS,Closed to open mangrove shrubs,18E,,,,,description,,,Describe the horizontal pattern,,,,,
L35,stratum,18D,MS,Closed to open mangrove shrubs,18E,18F,,,,name,,,Stratum 1,,,,,
L35,stratum,18D,MS,Closed to open mangrove shrubs,18E,18F,,,,description,,,Vegetation 1,,,,,
L35,stratum,18D,MS,Closed to open mangrove shrubs,18E,18F,,,,presence_type,,,Mandatory,,,,,
L35,stratum,18D,MS,Closed to open mangrove shrubs,18E,18F,,,,@ontop,,,0,,,,,
L35,element,18D,MS,Closed to open mangrove shrubs,18E,18F,1,,LC_Shrub,lccs3_type,,,LC_Shrubs,,,,,
L35,element,18D,MS,Closed to open mangrove shrubs,18E,18F,1,,LC_Shrub,name,,,Shrubs,,,,,
L35,element,18D,MS,Closed to open mangrove shrubs,18E,18F,1,,LC_Shrub,description,,,Describe a vegetation element of shrubs type,,,,,
L35,element,18D,MS,Closed to open mangrove shrubs,18E,18F,1,,LC_Shrub,presence_type,,,Mandatory,,,,,
L35,characteristic,18D,MS,Closed to open mangrove shrubs,18E,18F,1,1,LC_VegetationArtificialityCharacteristic,lccs3_type,,,LC_NaturalOrSeminaturalVegetation,,,,,value: Natural or Seminatural
L35,characteristic,18D,MS,Closed to open mangrove shrubs,18E,18F,1,1,LC_VegetationArtificialityCharacteristic,name,,,Natural Or Seminatural Vegetation,,,,,
L35,characteristic,18D,MS,Closed to open mangrove shrubs,18E,18F,1,1,LC_VegetationArtificialityCharacteristic,description,,,Describe the natural or seminatural vegetation,,,,,
L35,stratum,18D,MS,Closed to open mangrove shrubs,18E,191,,,,name,,,Stratum 2,,,,,
L35,stratum,18D,MS,Closed to open mangrove shrubs,18E,191,,,,description,,,Abiotic surface 2,,,,,
L35,stratum,18D,MS,Closed to open mangrove shrubs,18E,191,,,,presence_type,,,Mandatory,,,,,
L35,stratum,18D,MS,Closed to open mangrove shrubs,18E,191,,,,@ontop,,,0,,,,,
L35,element,18D,MS,Closed to open mangrove shrubs,18E,191,1,,LC_WaterBody,lccs3_type,,,LC_WaterBody,,,,,
L35,element,18D,MS,Closed to open mangrove shrubs,18E,191,1,,LC_WaterBody,name,,,Water Body,,,,,
L35,element,18D,MS,Closed to open mangrove shrubs,18E,191,1,,LC_WaterBody,description,,,Describe a water body surface element,,,,,
L35,element,18D,MS,Closed to open mangrove shrubs,18E,191,1,,LC_WaterBody,presence_type,,,Mandatory,,,,,
L35,element,18D,MS,Closed to open mangrove shrubs,18E,191,1,,LC_WaterBody,position,,,Above Surface,,,,,
L35,element,18D,MS,Closed to open mangrove shrubs,18E,191,1,,LC_WaterBody,dynamics,,,Standing,,,,,
L35,characteristic,18D,MS,Closed to open mangrove shrubs,18E,191,1,1,LC_WaterSalinityCharacteristic,lccs3_type,,,LC_WaterSalinity,,,,,
L35,characteristic,18D,MS,Closed to open mangrove shrubs,18E,191,1,1,LC_WaterSalinityCharacteristic,name,,,Water Salinity,,,,,
L35,characteristic,18D,MS,Closed to open mangrove shrubs,18E,191,1,1,LC_WaterSalinityCharacteristic,description,,,Describe the water salinity characteristic,,,,,
L35,characteristic,18D,MS,Closed to open mangrove shrubs,18E,191,1,1,LC_WaterSalinityCharacteristic,type,,,Brackish,,,,,
L35,characteristic,18D,MS,Closed to open mangrove shrubs,18E,191,1,2,LC_ArtificialityCharacteristic,lccs3_type,,,LC_Artificiality,,,,,
L35,characteristic,18D,MS,Closed to open mangrove shrubs,18E,191,1,2,LC_ArtificialityCharacteristic,name,,,Artificiality,,,,,
L35,characteristic,18D,MS,Closed to open mangrove shrubs,18E,191,1,2,LC_ArtificialityCharacteristic,description,,,Describe the artificiality characteristic,,,,,
L35,characteristic,18D,MS,Closed to open mangrove shrubs,18E,191,1,2,LC_ArtificialityCharacteristic,type,,,Natural,,,,,
L35,class,C0,TE,Closed broadleaved deciduous thicket with sparse emergents,,,,,,class_name,,,Closed broadleaved deciduous thicket with sparse emergents,,,,,
L35,class,C0,TE,Closed broadleaved deciduous thicket with sparse emergents,,,,,,class_description,,,Describe the land cover class,,,,,
L35,class,C0,TE,Closed broadleaved deciduous thicket with sparse emergents,,,,,,class_map_code,,,TE,,,,,
L35,class,C0,TE,Closed broadleaved deciduous thicket with sparse emergents,,,,,,uuid,,,e617a260-3920-11ef-ae97-086ac51cbb00,,,,,
L35,hp,C0,TE,Closed broadleaved deciduous thicket with sparse emergents,C1,,,,,name,,,Horizontal Pattern 1,,,,,
L35,hp,C0,TE,Closed broadleaved deciduous thicket with sparse emergents,C1,,,,,description,,,Describe the horizontal pattern,,,,,
L35,stratum,C0,TE,Closed broadleaved deciduous thicket with sparse emergents,C1,C2,,,,name,,,Stratum 1,,,,,
L35,stratum,C0,TE,Closed broadleaved deciduous thicket with sparse emergents,C1,C2,,,,description,,,Vegetation 1,,,,,
L35,stratum,C0,TE,Closed broadleaved deciduous thicket with sparse emergents,C1,C2,,,,presence_type,,,Mandatory,,,,,
L35,stratum,C0,TE,Closed broadleaved deciduous thicket with sparse emergents,C1,C2,,,,@ontop,,,0,,,,,
L35,element,C0,TE,Closed broadleaved deciduous thicket with sparse emergents,C1,C2,1,,LC_Shrub,lccs3_type,,,LC_Shrubs,,,,,
L35,element,C0,TE,Closed broadleaved deciduous thicket with sparse emergents,C1,C2,1,,LC_Shrub,name,,,Shrubs,,,,,
L35,element,C0,TE,Closed broadleaved deciduous thicket with sparse emergents,C1,C2,1,,LC_Shrub,description,,,Describe a vegetation element of shrubs type,,,,,
L35,element,C0,TE,Closed broadleaved deciduous thicket with sparse emergents,C1,C2,1,,LC_Shrub,cover,65.0,100.0,,,,,,
L35,element,C0,TE,Closed broadleaved deciduous thicket with sparse emergents,C1,C2,1,,LC_Shrub,presence_type,,,Mandatory,,,,,
L35,characteristic,C0,TE,Closed broadleaved deciduous thicket with sparse emergents,C1,C2,1,1,LC_VegetationArtificialityCharacteristic,lccs3_type,,,LC_NaturalOrSeminaturalVegetation,,,,,value: Natural or Seminatural
L35,characteristic,C0,TE,Closed broadleaved deciduous thicket with sparse emergents,C1,C2,1,1,LC_VegetationArtificialityCharacteristic,name,,,Natural Or Seminatural Vegetation,,,,,
L35,characteristic,C0,TE,Closed broadleaved deciduous thicket with sparse emergents,C1,C2,1,1,LC_VegetationArtificialityCharacteristic,description,,,Describe the natural or seminatural vegetation,,,,,
L35,stratum,C0,TE,Closed broadleaved deciduous thicket with sparse emergents,C1,124,,,,name,,,Stratum 2,,,,,
L35,stratum,C0,TE,Closed broadleaved deciduous thicket with sparse emergents,C1,124,,,,description,,,Vegetation 2,,,,,
L35,stratum,C0,TE,Closed broadleaved deciduous thicket with sparse emergents,C1,124,,,,presence_type,,,Mandatory,,,,,
L35,stratum,C0,TE,Closed broadleaved deciduous thicket with sparse emergents,C1,124,,,,@ontop,,,0,,,,,
L35,element,C0,TE,Closed broadleaved deciduous thicket with sparse emergents,C1,124,1,,LC_Tree,lccs3_type,,,LC_Trees,,,,,
L35,element,C0,TE,Closed broadleaved deciduous thicket with sparse emergents,C1,124,1,,LC_Tree,name,,,Trees,,,,,
L35,element,C0,TE,Closed broadleaved deciduous thicket with sparse emergents,C1,124,1,,LC_Tree,description,,,Describe a vegetation element of trees type,,,,,
L35,element,C0,TE,Closed broadleaved deciduous thicket with sparse emergents,C1,124,1,,LC_Tree,cover,1.0,15.0,,,,,,
L35,element,C0,TE,Closed broadleaved deciduous thicket with sparse emergents,C1,124,1,,LC_Tree,presence_type,,,Mandatory,,,,,
L35,characteristic,C0,TE,Closed broadleaved deciduous thicket with sparse emergents,C1,124,1,1,LC_VegetationArtificialityCharacteristic,lccs3_type,,,LC_NaturalOrSeminaturalVegetation,,,,,value: Natural or Seminatural
L35,characteristic,C0,TE,Closed broadleaved deciduous thicket with sparse emergents,C1,124,1,1,LC_VegetationArtificialityCharacteristic,name,,,Natural Or Seminatural Vegetation,,,,,
L35,characteristic,C0,TE,Closed broadleaved deciduous thicket with sparse emergents,C1,124,1,1,LC_VegetationArtificialityCharacteristic,description,,,Describe the natural or seminatural vegetation,,,,,
L35,class,C9,S,Open medium to high shrubs (shrubland),,,,,,class_name,,,Open medium to high shrubs (shrubland),,,,,
L35,class,C9,S,Open medium to high shrubs (shrubland),,,,,,class_description,,,Describe the land cover class,,,,,
L35,class,C9,S,Open medium to high shrubs (shrubland),,,,,,class_map_code,,,S,,,,,
L35,class,C9,S,Open medium to high shrubs (shrubland),,,,,,uuid,,,3e8a3150-3922-11ef-ae97-086ac51cbb00,,,,,
L35,hp,C9,S,Open medium to high shrubs (shrubland),CA,,,,,name,,,Horizontal Pattern 1,,,,,
L35,hp,C9,S,Open medium to high shrubs (shrubland),CA,,,,,description,,,Describe the horizontal pattern,,,,,
L35,stratum,C9,S,Open medium to high shrubs (shrubland),CA,CB,,,,name,,,Stratum 1,,,,,
L35,stratum,C9,S,Open medium to high shrubs (shrubland),CA,CB,,,,description,,,Vegetation 1,,,,,
L35,stratum,C9,S,Open medium to high shrubs (shrubland),CA,CB,,,,presence_type,,,Mandatory,,,,,
L35,stratum,C9,S,Open medium to high shrubs (shrubland),CA,CB,,,,@ontop,,,0,,,,,
L35,element,C9,S,Open medium to high shrubs (shrubland),CA,CB,1,,LC_Shrub,lccs3_type,,,LC_Shrubs,,,,,
L35,element,C9,S,Open medium to high shrubs (shrubland),CA,CB,1,,LC_Shrub,name,,,Shrubs,,,,,
L35,element,C9,S,Open medium to high shrubs (shrubland),CA,CB,1,,LC_Shrub,description,,,Describe a vegetation element of shrubs type,,,,,
L35,element,C9,S,Open medium to high shrubs (shrubland),CA,CB,1,,LC_Shrub,presence_type,,,Mandatory,,,,,
L35,characteristic,C9,S,Open medium to high shrubs (shrubland),CA,CB,1,1,LC_VegetationArtificialityCharacteristic,lccs3_type,,,LC_NaturalOrSeminaturalVegetation,,,,,value: Natural or Seminatural
L35,characteristic,C9,S,Open medium to high shrubs (shrubland),CA,CB,1,1,LC_VegetationArtificialityCharacteristic,name,,,Natural Or Seminatural Vegetation,,,,,
L35,characteristic,C9,S,Open medium to high shrubs (shrubland),CA,CB,1,1,LC_VegetationArtificialityCharacteristic,description,,,Describe the natural or seminatural vegetation,,,,,
L35,class,CD,CF,Closed to open shrubs on permanently flooded land,,,,,,class_name,,,Closed to open shrubs on permanently flooded land,,,,,
L35,class,CD,CF,Closed to open shrubs on permanently flooded land,,,,,,class_description,,,Describe the land cover class,,,,,
L35,class,CD,CF,Closed to open shrubs on permanently flooded land,,,,,,class_map_code,,,CF,,,,,
L35,class,CD,CF,Closed to open shrubs on permanently flooded land,,,,,,uuid,,,4f025940-3922-11ef-ae97-086ac51cbb00,,,,,
L35,hp,CD,CF,Closed to open shrubs on permanently flooded land,CE,,,,,name,,,Horizontal Pattern 1,,,,,
L35,hp,CD,CF,Closed to open shrubs on permanently flooded land,CE,,,,,description,,,Describe the horizontal pattern,,,,,
L35,stratum,CD,CF,Closed to open shrubs on permanently flooded land,CE,E4,,,,name,,,Stratum 1,,,,,
L35,stratum,CD,CF,Closed to open shrubs on permanently flooded land,CE,E4,,,,description,,,Vegetation 1,,,,,
L35,stratum,CD,CF,Closed to open shrubs on permanently flooded land,CE,E4,,,,presence_type,,,Mandatory,,,,,
L35,stratum,CD,CF,Closed to open shrubs on permanently flooded land,CE,E4,,,,@ontop,,,0,,,,,
L35,element,CD,CF,Closed to open shrubs on permanently flooded land,CE,E4,1,,LC_Shrub,lccs3_type,,,LC_Shrubs,,,,,
L35,element,CD,CF,Closed to open shrubs on permanently flooded land,CE,E4,1,,LC_Shrub,name,,,Shrubs,,,,,
L35,element,CD,CF,Closed to open shrubs on permanently flooded land,CE,E4,1,,LC_Shrub,description,,,Describe a vegetation element of shrubs type,,,,,
L35,element,CD,CF,Closed to open shrubs on permanently flooded land,CE,E4,1,,LC_Shrub,cover,15.0,100.0,,,,,,
L35,element,CD,CF,Closed to open shrubs on permanently flooded land,CE,E4,1,,LC_Shrub,presence_type,,,Mandatory,,,,,
L35,characteristic,CD,CF,Closed to open shrubs on permanently flooded land,CE,E4,1,1,LC_VegetationArtificialityCharacteristic,lccs3_type,,,LC_NaturalOrSeminaturalVegetation,,,,,value: Natural or Seminatural
L35,characteristic,CD,CF,Closed to open shrubs on permanently flooded land,CE,E4,1,1,LC_VegetationArtificialityCharacteristic,name,,,Natural Or Seminatural Vegetation,,,,,
L35,characteristic,CD,CF,Closed to open shrubs on permanently flooded land,CE,E4,1,1,LC_VegetationArtificialityCharacteristic,description,,,Describe the natural or seminatural vegetation,,,,,
L35,stratum,CD,CF,Closed to open shrubs on permanently flooded land,CE,167,,,,name,,,Stratum 2,,,,,
L35,stratum,CD,CF,Closed to open shrubs on permanently flooded land,CE,167,,,,description,,,Abiotic surface 2,,,,,
L35,stratum,CD,CF,Closed to open shrubs on permanently flooded land,CE,167,,,,presence_type,,,Mandatory,,,,,
L35,stratum,CD,CF,Closed to open shrubs on permanently flooded land,CE,167,,,,@ontop,,,0,,,,,
L35,element,CD,CF,Closed to open shrubs on permanently flooded land,CE,167,1,,LC_WaterBody,lccs3_type,,,LC_WaterBody,,,,,
L35,element,CD,CF,Closed to open shrubs on permanently flooded land,CE,167,1,,LC_WaterBody,name,,,Water Body,,,,,
L35,element,CD,CF,Closed to open shrubs on permanently flooded land,CE,167,1,,LC_WaterBody,description,,,Describe a water body surface element,,,,,
L35,element,CD,CF,Closed to open shrubs on permanently flooded land,CE,167,1,,LC_WaterBody,presence_type,,,Mandatory,,,,,
L35,element,CD,CF,Closed to open shrubs on permanently flooded land,CE,167,1,,LC_WaterBody,periodic_variation[LC_PeriodicVariations]/name,,,Periodic Variations,,,,,
L35,element,CD,CF,Closed to open shrubs on permanently flooded land,CE,167,1,,LC_WaterBody,periodic_variation[LC_PeriodicVariations]/description,,,Contains the elements of Periodic Variation,,,,,
L35,element,CD,CF,Closed to open shrubs on permanently flooded land,CE,167,1,,LC_WaterBody,periodic_variation[LC_PeriodicVariations]/elements/LC_PeriodicVariation[LC_PeriodicVariation]/name,,,Periodic Variation,,,,,
L35,element,CD,CF,Closed to open shrubs on permanently flooded land,CE,167,1,,LC_WaterBody,periodic_variation[LC_PeriodicVariations]/elements/LC_PeriodicVariation[LC_PeriodicVariation]/description,,,Describe a periodic variation element,,,,,
L35,element,CD,CF,Closed to open shrubs on permanently flooded land,CE,167,1,,LC_WaterBody,periodic_variation[LC_PeriodicVariations]/elements/LC_PeriodicVariation[LC_PeriodicVariation]/persistence_units,,,Months,,,,,
L35,element,CD,CF,Closed to open shrubs on permanently flooded land,CE,167,1,,LC_WaterBody,periodic_variation[LC_PeriodicVariations]/elements/LC_PeriodicVariation[LC_PeriodicVariation]/period_type,,,Permanent,,,,,
L35,element,CD,CF,Closed to open shrubs on permanently flooded land,CE,167,1,,LC_WaterBody,position,,,Above Surface,,,,,
L35,element,CD,CF,Closed to open shrubs on permanently flooded land,CE,167,1,,LC_WaterBody,dynamics,,,Standing,,,,,
L35,class,D3,TS,Closed to open temporarily flooded shrubs,,,,,,class_name,,,Closed to open temporarily flooded shrubs,,,,,
L35,class,D3,TS,Closed to open temporarily flooded shrubs,,,,,,class_description,,,Describe the land cover class,,,,,
L35,class,D3,TS,Closed to open temporarily flooded shrubs,,,,,,class_map_code,,,TS,,,,,
L35,class,D3,TS,Closed to open temporarily flooded shrubs,,,,,,uuid,,,c610b630-3922-11ef-ae97-086ac51cbb00,,,,,
L35,hp,D3,TS,Closed to open temporarily flooded shrubs,D4,,,,,name,,,Horizontal Pattern 1,,,,,
L35,hp,D3,TS,Closed to open temporarily flooded shrubs,D4,,,,,description,,,Describe the horizontal pattern,,,,,
L35,stratum,D3,TS,Closed to open temporarily flooded shrubs,D4,EA,,,,name,,,Stratum 1,,,,,
L35,stratum,D3,TS,Closed to open temporarily flooded shrubs,D4,EA,,,,description,,,Vegetation 1,,,,,
L35,stratum,D3,TS,Closed to open temporarily flooded shrubs,D4,EA,,,,presence_type,,,Mandatory,,,,,
L35,stratum,D3,TS,Closed to open temporarily flooded shrubs,D4,EA,,,,@ontop,,,0,,,,,
L35,element,D3,TS,Closed to open temporarily flooded shrubs,D4,EA,1,,LC_Shrub,lccs3_type,,,LC_Shrubs,,,,,
L35,element,D3,TS,Closed to open temporarily flooded shrubs,D4,EA,1,,LC_Shrub,name,,,Shrubs,,,,,
L35,element,D3,TS,Closed to open temporarily flooded shrubs,D4,EA,1,,LC_Shrub,description,,,Describe a vegetation element of shrubs type,,,,,
L35,element,D3,TS,Closed to open temporarily flooded shrubs,D4,EA,1,,LC_Shrub,cover,40.0,100.0,,,,,,
L35,element,D3,TS,Closed to open temporarily flooded shrubs,D4,EA,1,,LC_Shrub,presence_type,,,Mandatory,,,,,
L35,characteristic,D3,TS,Closed to open temporarily flooded shrubs,D4,EA,1,1,LC_VegetationArtificialityCharacteristic,lccs3_type,,,LC_NaturalOrSeminaturalVegetation,,,,,value: Natural or Seminatural
L35,characteristic,D3,TS,Closed to open temporarily flooded shrubs,D4,EA,1,1,LC_VegetationArtificialityCharacteristic,name,,,Natural Or Seminatural Vegetation,,,,,
L35,characteristic,D3,TS,Closed to open temporarily flooded shrubs,D4,EA,1,1,LC_VegetationArtificialityCharacteristic,description,,,Describe the natural or seminatural vegetation,,,,,
L35,stratum,D3,TS,Closed to open temporarily flooded shrubs,D4,16B,,,,name,,,Stratum 2,,,,,
L35,stratum,D3,TS,Closed to open temporarily flooded shrubs,D4,16B,,,,description,,,Abiotic surface 2,,,,,
L35,stratum,D3,TS,Closed to open temporarily flooded shrubs,D4,16B,,,,presence_type,,,Mandatory,,,,,
L35,stratum,D3,TS,Closed to open temporarily flooded shrubs,D4,16B,,,,@ontop,,,0,,,,,
L35,element,D3,TS,Closed to open temporarily flooded shrubs,D4,16B,1,,LC_WaterBody,lccs3_type,,,LC_WaterBody,,,,,
L35,element,D3,TS,Closed to open temporarily flooded shrubs,D4,16B,1,,LC_WaterBody,name,,,Water Body,,,,,
L35,element,D3,TS,Closed to open temporarily flooded shrubs,D4,16B,1,,LC_WaterBody,description,,,Describe a water body surface element,,,,,
L35,element,D3,TS,Closed to open temporarily flooded shrubs,D4,16B,1,,LC_WaterBody,presence_type,,,Mandatory,,,,,
L35,element,D3,TS,Closed to open temporarily flooded shrubs,D4,16B,1,,LC_WaterBody,periodic_variation[LC_PeriodicVariations]/name,,,Periodic Variations,,,,,
L35,element,D3,TS,Closed to open temporarily flooded shrubs,D4,16B,1,,LC_WaterBody,periodic_variation[LC_PeriodicVariations]/description,,,Contains the elements of Periodic Variation,,,,,
L35,element,D3,TS,Closed to open temporarily flooded shrubs,D4,16B,1,,LC_WaterBody,periodic_variation[LC_PeriodicVariations]/elements/LC_PeriodicVariation[LC_PeriodicVariation]/name,,,Periodic Variation,,,,,
L35,element,D3,TS,Closed to open temporarily flooded shrubs,D4,16B,1,,LC_WaterBody,periodic_variation[LC_PeriodicVariations]/elements/LC_PeriodicVariation[LC_PeriodicVariation]/description,,,Describe a periodic variation element,,,,,
L35,element,D3,TS,Closed to open temporarily flooded shrubs,D4,16B,1,,LC_WaterBody,periodic_variation[LC_PeriodicVariations]/elements/LC_PeriodicVariation[LC_PeriodicVariation]/persistence_units,,,Months,,,,,
L35,element,D3,TS,Closed to open temporarily flooded shrubs,D4,16B,1,,LC_WaterBody,periodic_variation[LC_PeriodicVariations]/elements/LC_PeriodicVariation[LC_PeriodicVariation]/period_type,,,Temporary,,,,,
L35,element,D3,TS,Closed to open temporarily flooded shrubs,D4,16B,1,,LC_WaterBody,position,,,Above Surface,,,,,
L35,element,D3,TS,Closed to open temporarily flooded shrubs,D4,16B,1,,LC_WaterBody,dynamics,,,Standing,,,,,
L35,class,D9,HT,Closed to open herbaceous vegetation with sparse trees and shrubs,,,,,,class_name,,,Closed to open herbaceous vegetation with sparse trees and shrubs,,,,,
L35,class,D9,HT,Closed to open herbaceous vegetation with sparse trees and shrubs,,,,,,class_description,,,,,,,,
L35,class,D9,HT,Closed to open herbaceous vegetation with sparse trees and shrubs,,,,,,class_map_code,,,HT,,,,,
L35,class,D9,HT,Closed to open herbaceous vegetation with sparse trees and shrubs,,,,,,uuid,,,87def830-3923-11ef-ae97-086ac51cbb00,,,,,
L35,hp,D9,HT,Closed to open herbaceous vegetation with sparse trees and shrubs,DA,,,,,name,,,Horizontal Pattern 1,,,,,
L35,hp,D9,HT,Closed to open herbaceous vegetation with sparse trees and shrubs,DA,,,,,description,,,Describe the horizontal pattern,,,,,
L35,stratum,D9,HT,Closed to open herbaceous vegetation with sparse trees and shrubs,DA,F0,,,,name,,,Stratum 1,,,,,
L35,stratum,D9,HT,Closed to open herbaceous vegetation with sparse trees and shrubs,DA,F0,,,,description,,,Vegetation 1,,,,,
L35,stratum,D9,HT,Closed to open herbaceous vegetation with sparse trees and shrubs,DA,F0,,,,presence_type,,,Mandatory,,,,,
L35,stratum,D9,HT,Closed to open herbaceous vegetation with sparse trees and shrubs,DA,F0,,,,@ontop,,,0,,,,,
L35,element,D9,HT,Closed to open herbaceous vegetation with sparse trees and shrubs,DA,F0,1,,LC_HerbaceousGrowthForm,lccs3_type,,,LC_HerbaceousGrowthForms,,,,,
L35,element,D9,HT,Closed to open herbaceous vegetation with sparse trees and shrubs,DA,F0,1,,LC_HerbaceousGrowthForm,name,,,Herbaceous growth forms,,,,,
L35,element,D9,HT,Closed to open herbaceous vegetation with sparse trees and shrubs,DA,F0,1,,LC_HerbaceousGrowthForm,description,,,Describe a vegetation element of herbaceous growth form type,,,,,
L35,element,D9,HT,Closed to open herbaceous vegetation with sparse trees and shrubs,DA,F0,1,,LC_HerbaceousGrowthForm,cover,40.0,100.0,,,,,,
L35,element,D9,HT,Closed to open herbaceous vegetation with sparse trees and shrubs,DA,F0,1,,LC_HerbaceousGrowthForm,presence_type,,,Mandatory,,,,,
L35,characteristic,D9,HT,Closed to open herbaceous vegetation with sparse trees and shrubs,DA,F0,1,1,LC_VegetationArtificialityCharacteristic,lccs3_type,,,LC_NaturalOrSeminaturalVegetation,,,,,value: Natural or Seminatural
L35,characteristic,D9,HT,Closed to open herbaceous vegetation with sparse trees and shrubs,DA,F0,1,1,LC_VegetationArtificialityCharacteristic,name,,,Natural Or Seminatural Vegetation,,,,,
L35,characteristic,D9,HT,Closed to open herbaceous vegetation with sparse trees and shrubs,DA,F0,1,1,LC_VegetationArtificialityCharacteristic,description,,,Describe the natural or seminatural vegetation,,,,,
L35,stratum,D9,HT,Closed to open herbaceous vegetation with sparse trees and shrubs,DA,16F,,,,name,,,Stratum 2,,,,,
L35,stratum,D9,HT,Closed to open herbaceous vegetation with sparse trees and shrubs,DA,16F,,,,description,,,Vegetation 2,,,,,
L35,stratum,D9,HT,Closed to open herbaceous vegetation with sparse trees and shrubs,DA,16F,,,,presence_type,,,Mandatory,,,,,
L35,stratum,D9,HT,Closed to open herbaceous vegetation with sparse trees and shrubs,DA,16F,,,,@ontop,,,0,,,,,
L35,element,D9,HT,Closed to open herbaceous vegetation with sparse trees and shrubs,DA,16F,1,,LC_Tree,lccs3_type,,,LC_Trees,,,,,
L35,element,D9,HT,Closed to open herbaceous vegetation with sparse trees and shrubs,DA,16F,1,,LC_Tree,name,,,Trees,,,,,
L35,element,D9,HT,Closed to open herbaceous vegetation with sparse trees and shrubs,DA,16F,1,,LC_Tree,description,,,Describe a vegetation element of trees type,,,,,
L35,element,D9,HT,Closed to open herbaceous vegetation with sparse trees and shrubs,DA,16F,1,,LC_Tree,cover,4.0,15.0,,,,,,
L35,element,D9,HT,Closed to open herbaceous vegetation with sparse trees and shrubs,DA,16F,1,,LC_Tree,presence_type,,,Mandatory,,,,,
L35,characteristic,D9,HT,Closed to open herbaceous vegetation with sparse trees and shrubs,DA,16F,1,1,LC_VegetationArtificialityCharacteristic,lccs3_type,,,LC_NaturalOrSeminaturalVegetation,,,,,value: Natural or Seminatural
L35,characteristic,D9,HT,Closed to open herbaceous vegetation with sparse trees and shrubs,DA,16F,1,1,LC_VegetationArtificialityCharacteristic,name,,,Natural Or Seminatural Vegetation,,,,,
L35,characteristic,D9,HT,Closed to open herbaceous vegetation with sparse trees and shrubs,DA,16F,1,1,LC_VegetationArtificialityCharacteristic,description,,,Describe the natural or seminatural vegetation,,,,,
L35,stratum,D9,HT,Closed to open herbaceous vegetation with sparse trees and shrubs,DA,172,,,,name,,,Stratum 3,,,,,
L35,stratum,D9,HT,Closed to open herbaceous vegetation with sparse trees and shrubs,DA,172,,,,description,,,Vegetation 3,,,,,
L35,stratum,D9,HT,Closed to open herbaceous vegetation with sparse trees and shrubs,DA,172,,,,presence_type,,,Mandatory,,,,,
L35,stratum,D9,HT,Closed to open herbaceous vegetation with sparse trees and shrubs,DA,172,,,,@ontop,,,0,,,,,
L35,element,D9,HT,Closed to open herbaceous vegetation with sparse trees and shrubs,DA,172,1,,LC_Shrub,lccs3_type,,,LC_Shrubs,,,,,
L35,element,D9,HT,Closed to open herbaceous vegetation with sparse trees and shrubs,DA,172,1,,LC_Shrub,name,,,Shrubs,,,,,
L35,element,D9,HT,Closed to open herbaceous vegetation with sparse trees and shrubs,DA,172,1,,LC_Shrub,description,,,Describe a vegetation element of shrubs type,,,,,
L35,element,D9,HT,Closed to open herbaceous vegetation with sparse trees and shrubs,DA,172,1,,LC_Shrub,cover,4.0,15.0,,,,,,
L35,element,D9,HT,Closed to open herbaceous vegetation with sparse trees and shrubs,DA,172,1,,LC_Shrub,presence_type,,,Mandatory,,,,,
L35,characteristic,D9,HT,Closed to open herbaceous vegetation with sparse trees and shrubs,DA,172,1,1,LC_VegetationArtificialityCharacteristic,lccs3_type,,,LC_NaturalOrSeminaturalVegetation,,,,,value: Natural or Seminatural
L35,characteristic,D9,HT,Closed to open herbaceous vegetation with sparse trees and shrubs,DA,172,1,1,LC_VegetationArtificialityCharacteristic,name,,,Natural Or Seminatural Vegetation,,,,,
L35,characteristic,D9,HT,Closed to open herbaceous vegetation with sparse trees and shrubs,DA,172,1,1,LC_VegetationArtificialityCharacteristic,description,,,Describe the natural or seminatural vegetation,,,,,
L35,class,199,SV,Sparse herbaceous vegetation,,,,,,class_name,,,Sparse herbaceous vegetation,,,,,
L35,class,199,SV,Sparse herbaceous vegetation,,,,,,class_description,,,Describe the land cover class,,,,,
L35,class,199,SV,Sparse herbaceous vegetation,,,,,,class_map_code,,,SV,,,,,
L35,class,199,SV,Sparse herbaceous vegetation,,,,,,uuid,,,26692a30-4283-11ef-982c-086ac51cbb00,,,,,
L35,hp,199,SV,Sparse herbaceous vegetation,19A,,,,,name,,,Horizontal Pattern 1,,,,,
L35,hp,199,SV,Sparse herbaceous vegetation,19A,,,,,description,,,Describe the horizontal pattern,,,,,
L35,stratum,199,SV,Sparse herbaceous vegetation,19A,19B,,,,name,,,Stratum 1,,,,,
L35,stratum,199,SV,Sparse herbaceous vegetation,19A,19B,,,,description,,,Vegetation 1,,,,,
L35,stratum,199,SV,Sparse herbaceous vegetation,19A,19B,,,,presence_type,,,Mandatory,,,,,
L35,stratum,199,SV,Sparse herbaceous vegetation,19A,19B,,,,@ontop,,,0,,,,,
L35,element,199,SV,Sparse herbaceous vegetation,19A,19B,1,,LC_HerbaceousGrowthForm,lccs3_type,,,LC_HerbaceousGrowthForms,,,,,
L35,element,199,SV,Sparse herbaceous vegetation,19A,19B,1,,LC_HerbaceousGrowthForm,name,,,Herbaceous growth forms,,,,,
L35,element,199,SV,Sparse herbaceous vegetation,19A,19B,1,,LC_HerbaceousGrowthForm,description,,,Describe a vegetation element of herbaceous growth form type,,,,,
L35,element,199,SV,Sparse herbaceous vegetation,19A,19B,1,,LC_HerbaceousGrowthForm,cover,0.1,15.0,,,,,,
L35,element,199,SV,Sparse herbaceous vegetation,19A,19B,1,,LC_HerbaceousGrowthForm,presence_type,,,Mandatory,,,,,
L35,characteristic,199,SV,Sparse herbaceous vegetation,19A,19B,1,1,LC_VegetationArtificialityCharacteristic,lccs3_type,,,LC_NaturalOrSeminaturalVegetation,,,,,value: Natural or Seminatural
L35,characteristic,199,SV,Sparse herbaceous vegetation,19A,19B,1,1,LC_VegetationArtificialityCharacteristic,name,,,Natural Or Seminatural Vegetation,,,,,
L35,characteristic,199,SV,Sparse herbaceous vegetation,19A,19B,1,1,LC_VegetationArtificialityCharacteristic,description,,,Describe the natural or seminatural vegetation,,,,,
L35,class,FD,TH,Closed to open herbaceous temporarily flooded vegetation,,,,,,class_name,,,Closed to open herbaceous temporarily flooded vegetation,,,,,
L35,class,FD,TH,Closed to open herbaceous temporarily flooded vegetation,,,,,,class_description,,,Describe the land cover class,,,,,
L35,class,FD,TH,Closed to open herbaceous temporarily flooded vegetation,,,,,,class_map_code,,,TH,,,,,
L35,class,FD,TH,Closed to open herbaceous temporarily flooded vegetation,,,,,,uuid,,,b54a1160-3928-11ef-ae97-086ac51cbb00,,,,,
L35,hp,FD,TH,Closed to open herbaceous temporarily flooded vegetation,FE,,,,,name,,,Horizontal Pattern 1,,,,,
L35,hp,FD,TH,Closed to open herbaceous temporarily flooded vegetation,FE,,,,,description,,,Describe the horizontal pattern,,,,,
L35,stratum,FD,TH,Closed to open herbaceous temporarily flooded vegetation,FE,FF,,,,name,,,Stratum 1,,,,,
L35,stratum,FD,TH,Closed to open herbaceous temporarily flooded vegetation,FE,FF,,,,description,,,Vegetation 1,,,,,
L35,stratum,FD,TH,Closed to open herbaceous temporarily flooded vegetation,FE,FF,,,,presence_type,,,Mandatory,,,,,
L35,stratum,FD,TH,Closed to open herbaceous temporarily flooded vegetation,FE,FF,,,,@ontop,,,0,,,,,
L35,element,FD,TH,Closed to open herbaceous temporarily flooded vegetation,FE,FF,1,,LC_HerbaceousGrowthForm,lccs3_type,,,LC_HerbaceousGrowthForms,,,,,
L35,element,FD,TH,Closed to open herbaceous temporarily flooded vegetation,FE,FF,1,,LC_HerbaceousGrowthForm,name,,,Herbaceous growth forms,,,,,
L35,element,FD,TH,Closed to open herbaceous temporarily flooded vegetation,FE,FF,1,,LC_HerbaceousGrowthForm,description,,,Describe a vegetation element of herbaceous growth form type,,,,,
L35,element,FD,TH,Closed to open herbaceous temporarily flooded vegetation,FE,FF,1,,LC_HerbaceousGrowthForm,cover,40.0,100.0,,,,,,
L35,element,FD,TH,Closed to open herbaceous temporarily flooded vegetation,FE,FF,1,,LC_HerbaceousGrowthForm,presence_type,,,Mandatory,,,,,
L35,characteristic,FD,TH,Closed to open herbaceous temporarily flooded vegetation,FE,FF,1,1,LC_VegetationArtificialityCharacteristic,lccs3_type,,,LC_NaturalOrSeminaturalVegetation,,,,,value: Natural or Seminatural
L35,characteristic,FD,TH,Closed to open herbaceous temporarily flooded vegetation,FE,FF,1,1,LC_VegetationArtificialityCharacteristic,name,,,Natural Or Seminatural Vegetation,,,,,
L35,characteristic,FD,TH,Closed to open herbaceous temporarily flooded vegetation,FE,FF,1,1,LC_VegetationArtificialityCharacteristic,description,,,Describe the natural or seminatural vegetation,,,,,
L35,stratum,FD,TH,Closed to open herbaceous temporarily flooded vegetation,FE,175,,,,name,,,Stratum 2,,,,,
L35,stratum,FD,TH,Closed to open herbaceous temporarily flooded vegetation,FE,175,,,,description,,,Abiotic surface 2,,,,,
L35,stratum,FD,TH,Closed to open herbaceous temporarily flooded vegetation,FE,175,,,,presence_type,,,Mandatory,,,,,
L35,stratum,FD,TH,Closed to open herbaceous temporarily flooded vegetation,FE,175,,,,@ontop,,,0,,,,,
L35,element,FD,TH,Closed to open herbaceous temporarily flooded vegetation,FE,175,1,,LC_WaterBody,lccs3_type,,,LC_WaterBody,,,,,
L35,element,FD,TH,Closed to open herbaceous temporarily flooded vegetation,FE,175,1,,LC_WaterBody,name,,,Water Body,,,,,
L35,element,FD,TH,Closed to open herbaceous temporarily flooded vegetation,FE,175,1,,LC_WaterBody,description,,,Describe a water body surface element,,,,,
L35,element,FD,TH,Closed to open herbaceous temporarily flooded vegetation,FE,175,1,,LC_WaterBody,presence_type,,,Mandatory,,,,,
L35,element,FD,TH,Closed to open herbaceous temporarily flooded vegetation,FE,175,1,,LC_WaterBody,periodic_variation[LC_PeriodicVariations]/name,,,Periodic Variations,,,,,
L35,element,FD,TH,Closed to open herbaceous temporarily flooded vegetation,FE,175,1,,LC_WaterBody,periodic_variation[LC_PeriodicVariations]/description,,,Contains the elements of Periodic Variation,,,,,
L35,element,FD,TH,Closed to open herbaceous temporarily flooded vegetation,FE,175,1,,LC_WaterBody,periodic_variation[LC_PeriodicVariations]/elements/LC_PeriodicVariation[LC_PeriodicVariation]/name,,,Periodic Variation,,,,,
L35,element,FD,TH,Closed to open herbaceous temporarily flooded vegetation,FE,175,1,,LC_WaterBody,periodic_variation[LC_PeriodicVariations]/elements/LC_PeriodicVariation[LC_PeriodicVariation]/description,,,Describe a periodic variation element,,,,,
L35,element,FD,TH,Closed to open herbaceous temporarily flooded vegetation,FE,175,1,,LC_WaterBody,periodic_variation[LC_PeriodicVariations]/elements/LC_PeriodicVariation[LC_PeriodicVariation]/persistence_units,,,Months,,,,,
L35,element,FD,TH,Closed to open herbaceous temporarily flooded vegetation,FE,175,1,,LC_WaterBody,periodic_variation[LC_PeriodicVariations]/elements/LC_PeriodicVariation[LC_PeriodicVariation]/period_type,,,temporary,,,,,
L35,element,FD,TH,Closed to open herbaceous temporarily flooded vegetation,FE,175,1,,LC_WaterBody,position,,,Above Surface,,,,,
L35,element,FD,TH,Closed to open herbaceous temporarily flooded vegetation,FE,175,1,,LC_WaterBody,dynamics,,,Standing,,,,,
L35,characteristic,FD,TH,Closed to open herbaceous temporarily flooded vegetation,FE,175,1,1,LC_WaterSalinityCharacteristic,lccs3_type,,,LC_WaterSalinity,,,,,
L35,characteristic,FD,TH,Closed to open herbaceous temporarily flooded vegetation,FE,175,1,1,LC_WaterSalinityCharacteristic,name,,,Water Salinity,,,,,
L35,characteristic,FD,TH,Closed to open herbaceous temporarily flooded vegetation,FE,175,1,1,LC_WaterSalinityCharacteristic,description,,,Describe the water salinity characteristic,,,,,
L35,characteristic,FD,TH,Closed to open herbaceous temporarily flooded vegetation,FE,175,1,1,LC_WaterSalinityCharacteristic,type,,,Brackish,,,,,
L35,class,F6,FV,Closed herbaceous permanently flooded vegetation,,,,,,class_name,,,Closed herbaceous permanently flooded vegetation,,,,,
L35,class,F6,FV,Closed herbaceous permanently flooded vegetation,,,,,,class_description,,,Describe the land cover class,,,,,
L35,class,F6,FV,Closed herbaceous permanently flooded vegetation,,,,,,class_map_code,,,FV,,,,,
L35,class,F6,FV,Closed herbaceous permanently flooded vegetation,,,,,,uuid,,,51d0db30-3925-11ef-ae97-086ac51cbb00,,,,,
L35,hp,F6,FV,Closed herbaceous permanently flooded vegetation,F7,,,,,name,,,Horizontal Pattern 1,,,,,
L35,hp,F6,FV,Closed herbaceous permanently flooded vegetation,F7,,,,,description,,,Describe the horizontal pattern,,,,,
L35,stratum,F6,FV,Closed herbaceous permanently flooded vegetation,F7,F8,,,,name,,,Stratum 1,,,,,
L35,stratum,F6,FV,Closed herbaceous permanently flooded vegetation,F7,F8,,,,description,,,Vegetation 1,,,,,
L35,stratum,F6,FV,Closed herbaceous permanently flooded vegetation,F7,F8,,,,presence_type,,,Mandatory,,,,,
L35,stratum,F6,FV,Closed herbaceous permanently flooded vegetation,F7,F8,,,,@ontop,,,0,,,,,
L35,element,F6,FV,Closed herbaceous permanently flooded vegetation,F7,F8,1,,LC_HerbaceousGrowthForm,lccs3_type,,,LC_HerbaceousGrowthForms,,,,,
L35,element,F6,FV,Closed herbaceous permanently flooded vegetation,F7,F8,1,,LC_HerbaceousGrowthForm,name,,,Herbaceous growth forms,,,,,
L35,element,F6,FV,Closed herbaceous permanently flooded vegetation,F7,F8,1,,LC_HerbaceousGrowthForm,description,,,Describe a vegetation element of herbaceous growth form type,,,,,
L35,element,F6,FV,Closed herbaceous permanently flooded vegetation,F7,F8,1,,LC_HerbaceousGrowthForm,cover,65.0,100.0,,,,,,
L35,element,F6,FV,Closed herbaceous permanently flooded vegetation,F7,F8,1,,LC_HerbaceousGrowthForm,presence_type,,,Mandatory,,,,,
L35,characteristic,F6,FV,Closed herbaceous permanently flooded vegetation,F7,F8,1,1,LC_VegetationArtificialityCharacteristic,lccs3_type,,,LC_NaturalOrSeminaturalVegetation,,,,,value: Natural or Seminatural
L35,characteristic,F6,FV,Closed herbaceous permanently flooded vegetation,F7,F8,1,1,LC_VegetationArtificialityCharacteristic,name,,,Natural Or Seminatural Vegetation,,,,,
L35,characteristic,F6,FV,Closed herbaceous permanently flooded vegetation,F7,F8,1,1,LC_VegetationArtificialityCharacteristic,description,,,Describe the natural or seminatural vegetation,,,,,
L35,stratum,F6,FV,Closed herbaceous permanently flooded vegetation,F7,179,,,,name,,,Stratum 2,,,,,
L35,stratum,F6,FV,Closed herbaceous permanently flooded vegetation,F7,179,,,,description,,,Abiotic surface 2,,,,,
L35,stratum,F6,FV,Closed herbaceous permanently flooded vegetation,F7,179,,,,presence_type,,,Mandatory,,,,,
L35,stratum,F6,FV,Closed herbaceous permanently flooded vegetation,F7,179,,,,@ontop,,,0,,,,,
L35,element,F6,FV,Closed herbaceous permanently flooded vegetation,F7,179,1,,LC_WaterBody,lccs3_type,,,LC_WaterBody,,,,,
L35,element,F6,FV,Closed herbaceous permanently flooded vegetation,F7,179,1,,LC_WaterBody,name,,,Water Body,,,,,
L35,element,F6,FV,Closed herbaceous permanently flooded vegetation,F7,179,1,,LC_WaterBody,description,,,Describe a water body surface element,,,,,
L35,element,F6,FV,Closed herbaceous permanently flooded vegetation,F7,179,1,,LC_WaterBody,presence_type,,,Mandatory,,,,,
L35,element,F6,FV,Closed herbaceous permanently flooded vegetation,F7,179,1,,LC_WaterBody,periodic_variation[LC_PeriodicVariations]/name,,,Periodic Variations,,,,,
L35,element,F6,FV,Closed herbaceous permanently flooded vegetation,F7,179,1,,LC_WaterBody,periodic_variation[LC_PeriodicVariations]/description,,,Contains the elements of Periodic Variation,,,,,
L35,element,F6,FV,Closed herbaceous permanently flooded vegetation,F7,179,1,,LC_WaterBody,periodic_variation[LC_PeriodicVariations]/elements/LC_PeriodicVariation[LC_PeriodicVariation]/name,,,Periodic Variation,,,,,
L35,element,F6,FV,Closed herbaceous permanently flooded vegetation,F7,179,1,,LC_WaterBody,periodic_variation[LC_PeriodicVariations]/elements/LC_PeriodicVariation[LC_PeriodicVariation]/description,,,Describe a periodic variation element,,,,,
L35,element,F6,FV,Closed herbaceous permanently flooded vegetation,F7,179,1,,LC_WaterBody,periodic_variation[LC_PeriodicVariations]/elements/LC_PeriodicVariation[LC_PeriodicVariation]/persistence_units,,,Months,,,,,
L35,element,F6,FV,Closed herbaceous permanently flooded vegetation,F7,179,1,,LC_WaterBody,periodic_variation[LC_PeriodicVariations]/elements/LC_PeriodicVariation[LC_PeriodicVariation]/period_type,,,permanent,,,,,
L35,element,F6,FV,Closed herbaceous permanently flooded vegetation,F7,179,1,,LC_WaterBody,position,,,Above Surface,,,,,
L35,element,F6,FV,Closed herbaceous permanently flooded vegetation,F7,179,1,,LC_WaterBody,dynamics,,,Standing,,,,,
L35,class,1A3,HF,Closed to open herbaceous temporarily flooded vegetation,,,,,,class_name,,,Closed to open herbaceous temporarily flooded vegetation,,,,,
L35,class,1A3,HF,Closed to open herbaceous temporarily flooded vegetation,,,,,,class_description,,,Describe the land cover class,,,,,
L35,class,1A3,HF,Closed to open herbaceous temporarily flooded vegetation,,,,,,class_map_code,,,HF,,,,,
L35,class,1A3,HF,Closed to open herbaceous temporarily flooded vegetation,,,,,,uuid,,,0e2a78c0-42ab-11ef-bae1-086ac51cbb00,,,,,
L35,hp,1A3,HF,Closed to open herbaceous temporarily flooded vegetation,1A4,,,,,name,,,Horizontal Pattern 1,,,,,
L35,hp,1A3,HF,Closed to open herbaceous temporarily flooded vegetation,1A4,,,,,description,,,Describe the horizontal pattern,,,,,
L35,stratum,1A3,HF,Closed to open herbaceous temporarily flooded vegetation,1A4,1A5,,,,name,,,Stratum 1,,,,,
L35,stratum,1A3,HF,Closed to open herbaceous temporarily flooded vegetation,1A4,1A5,,,,description,,,Vegetation 1,,,,,
L35,stratum,1A3,HF,Closed to open herbaceous temporarily flooded vegetation,1A4,1A5,,,,presence_type,,,Mandatory,,,,,
L35,stratum,1A3,HF,Closed to open herbaceous temporarily flooded vegetation,1A4,1A5,,,,@ontop,,,0,,,,,
L35,element,1A3,HF,Closed to open herbaceous temporarily flooded vegetation,1A4,1A5,1,,LC_HerbaceousGrowthForm,lccs3_type,,,LC_HerbaceousGrowthForms,,,,,
L35,element,1A3,HF,Closed to open herbaceous temporarily flooded vegetation,1A4,1A5,1,,LC_HerbaceousGrowthForm,name,,,Herbaceous growth forms,,,,,
L35,element,1A3,HF,Closed to open herbaceous temporarily flooded vegetation,1A4,1A5,1,,LC_HerbaceousGrowthForm,description,,,Describe a vegetation element of herbaceous growth form type,,,,,
L35,element,1A3,HF,Closed to open herbaceous temporarily flooded vegetation,1A4,1A5,1,,LC_HerbaceousGrowthForm,cover,40.0,100.0,,,,,,
L35,element,1A3,HF,Closed to open herbaceous temporarily flooded vegetation,1A4,1A5,1,,LC_HerbaceousGrowthForm,presence_type,,,Mandatory,,,,,
L35,characteristic,1A3,HF,Closed to open herbaceous temporarily flooded vegetation,1A4,1A5,1,1,LC_VegetationArtificialityCharacteristic,lccs3_type,,,LC_NaturalOrSeminaturalVegetation,,,,,value: Natural or Seminatural
L35,characteristic,1A3,HF,Closed to open herbaceous temporarily flooded vegetation,1A4,1A5,1,1,LC_VegetationArtificialityCharacteristic,name,,,Natural Or Seminatural Vegetation,,,,,
L35,characteristic,1A3,HF,Closed to open herbaceous temporarily flooded vegetation,1A4,1A5,1,1,LC_VegetationArtificialityCharacteristic,description,,,Describe the natural or seminatural vegetation,,,,,
L35,stratum,1A3,HF,Closed to open herbaceous temporarily flooded vegetation,1A4,1A8,,,,name,,,Stratum 2,,,,,
L35,stratum,1A3,HF,Closed to open herbaceous temporarily flooded vegetation,1A4,1A8,,,,description,,,Abiotic surface 2,,,,,
L35,stratum,1A3,HF,Closed to open herbaceous temporarily flooded vegetation,1A4,1A8,,,,presence_type,,,Mandatory,,,,,
L35,stratum,1A3,HF,Closed to open herbaceous temporarily flooded vegetation,1A4,1A8,,,,@ontop,,,0,,,,,
L35,element,1A3,HF,Closed to open herbaceous temporarily flooded vegetation,1A4,1A8,1,,LC_WaterBody,lccs3_type,,,LC_WaterBody,,,,,
L35,element,1A3,HF,Closed to open herbaceous temporarily flooded vegetation,1A4,1A8,1,,LC_WaterBody,name,,,Water Body,,,,,
L35,element,1A3,HF,Closed to open herbaceous temporarily flooded vegetation,1A4,1A8,1,,LC_WaterBody,description,,,Describe a water body surface element,,,,,
L35,element,1A3,HF,Closed to open herbaceous temporarily flooded vegetation,1A4,1A8,1,,LC_WaterBody,presence_type,,,Mandatory,,,,,
L35,element,1A3,HF,Closed to open herbaceous temporarily flooded vegetation,1A4,1A8,1,,LC_WaterBody,periodic_variation[LC_PeriodicVariations]/name,,,Periodic Variations,,,,,
L35,element,1A3,HF,Closed to open herbaceous temporarily flooded vegetation,1A4,1A8,1,,LC_WaterBody,periodic_variation[LC_PeriodicVariations]/description,,,Contains the elements of Periodic Variation,,,,,
L35,element,1A3,HF,Closed to open herbaceous temporarily flooded vegetation,1A4,1A8,1,,LC_WaterBody,periodic_variation[LC_PeriodicVariations]/elements/LC_PeriodicVariation[LC_PeriodicVariation]/name,,,Periodic Variation,,,,,
L35,element,1A3,HF,Closed to open herbaceous temporarily flooded vegetation,1A4,1A8,1,,LC_WaterBody,periodic_variation[LC_PeriodicVariations]/elements/LC_PeriodicVariation[LC_PeriodicVariation]/description,,,Describe a periodic variation element,,,,,
L35,element,1A3,HF,Closed to open herbaceous temporarily flooded vegetation,1A4,1A8,1,,LC_WaterBody,periodic_variation[LC_PeriodicVariations]/elements/LC_PeriodicVariation[LC_PeriodicVariation]/persistence_period,2.0,4.0,,,,,,
L35,element,1A3,HF,Closed to open herbaceous temporarily flooded vegetation,1A4,1A8,1,,LC_WaterBody,periodic_variation[LC_PeriodicVariations]/elements/LC_PeriodicVariation[LC_PeriodicVariation]/persistence_units,,,Months,,,,,
L35,class,105,Ai,Airport,,,,,,class_name,,,Airport,,,,,
L35,class,105,Ai,Airport,,,,,,class_description,,,Describe the land cover class,,,,,
L35,class,105,Ai,Airport,,,,,,class_map_code,,,Ai,,,,,
L35,class,105,Ai,Airport,,,,,,uuid,,,12b6a610-3933-11ef-ae97-086ac51cbb00,,,,,
L35,hp,105,Ai,Airport,106,,,,,name,,,Horizontal Pattern 1,,,,,
L35,hp,105,Ai,Airport,106,,,,,description,,,Describe the horizontal pattern,,,,,
L35,stratum,105,Ai,Airport,106,107,,,,name,,,Stratum 1,,,,,
L35,stratum,105,Ai,Airport,106,107,,,,description,,,Abiotic surface 1,,,,,
L35,stratum,105,Ai,Airport,106,107,,,,presence_type,,,Mandatory,,,,,
L35,stratum,105,Ai,Airport,106,107,,,,@ontop,,,0,,,,,
L35,element,105,Ai,Airport,106,107,1,,LC_Building,lccs3_type,,,LC_Building,,,,,
L35,element,105,Ai,Airport,106,107,1,,LC_Building,name,,,Building,,,,,
L35,element,105,Ai,Airport,106,107,1,,LC_Building,description,,,Describe a building element,,,,,
L35,element,105,Ai,Airport,106,107,1,,LC_Building,presence_type,,,Mandatory,,,,,
L35,characteristic,105,Ai,Airport,106,107,1,1,LC_ConstructionUse,lccs3_type,,,LC_ConstructionUse,,,,,
L35,characteristic,105,Ai,Airport,106,107,1,1,LC_ConstructionUse,name,,,Construction Use,,,,,
L35,characteristic,105,Ai,Airport,106,107,1,1,LC_ConstructionUse,description,,,Describe the construction use characteristic,,,,,
L35,characteristic,105,Ai,Airport,106,107,1,1,LC_ConstructionUse,type,,,Airport,,,,,
L35,class,10A,M,Mines and quarries,,,,,,class_name,,,Mines and quarries,,,,,
L35,class,10A,M,Mines and quarries,,,,,,class_description,,,Describe the land cover class,,,,,
L35,class,10A,M,Mines and quarries,,,,,,class_map_code,,,M,,,,,
L35,class,10A,M,Mines and quarries,,,,,,uuid,,,71020d90-3933-11ef-ae97-086ac51cbb00,,,,,
L35,hp,10A,M,Mines and quarries,10B,,,,,name,,,Horizontal Pattern 1,,,,,
L35,hp,10A,M,Mines and quarries,10B,,,,,description,,,Describe the horizontal pattern,,,,,
L35,stratum,10A,M,Mines and quarries,10B,10C,,,,name,,,Stratum 1,,,,,
L35,stratum,10A,M,Mines and quarries,10B,10C,,,,description,,,Abiotic surface 1,,,,,
L35,stratum,10A,M,Mines and quarries,10B,10C,,,,presence_type,,,Mandatory,,,,,
L35,stratum,10A,M,Mines and quarries,10B,10C,,,,@ontop,,,0,,,,,
L35,element,10A,M,Mines and quarries,10B,10C,1,,LC_Extraction,lccs3_type,,,LC_Extraction,,,,,
L35,element,10A,M,Mines and quarries,10B,10C,1,,LC_Extraction,name,,,Extraction,,,,,
L35,element,10A,M,Mines and quarries,10B,10C,1,,LC_Extraction,description,,,Describe an extraction surface element,,,,,
L35,element,10A,M,Mines and quarries,10B,10C,1,,LC_Extraction,presence_type,,,Mandatory,,,,,
L35,characteristic,10A,M,Mines and quarries,10B,10C,1,1,LC_ConstructionUse,lccs3_type,,,LC_ConstructionUse,,,,,
L35,characteristic,10A,M,Mines and quarries,10B,10C,1,1,LC_ConstructionUse,name,,,Construction Use,,,,,
L35,characteristic,10A,M,Mines and quarries,10B,10C,1,1,LC_ConstructionUse,description,,,Describe the construction use characteristic,,,,,
L35,characteristic,10A,M,Mines and quarries,10B,10C,1,1,LC_ConstructionUse,type,,,mines and quarries,,,,,
L35,class,10F,P,Port,,,,,,class_name,,,Port,,,,,
L35,class,10F,P,Port,,,,,,class_description,,,Describe the land cover class,,,,,
L35,class,10F,P,Port,,,,,,class_map_code,,,P,,,,,
L35,class,10F,P,Port,,,,,,uuid,,,a4e21510-3933-11ef-ae97-086ac51cbb00,,,,,
L35,hp,10F,P,Port,110,,,,,name,,,Horizontal Pattern 1,,,,,
L35,hp,10F,P,Port,110,,,,,description,,,Describe the horizontal pattern,,,,,
L35,stratum,10F,P,Port,110,111,,,,name,,,Stratum 1,,,,,
L35,stratum,10F,P,Port,110,111,,,,description,,,Abiotic surface 1,,,,,
L35,stratum,10F,P,Port,110,111,,,,presence_type,,,Mandatory,,,,,
L35,stratum,10F,P,Port,110,111,,,,@ontop,,,0,,,,,
L35,element,10F,P,Port,110,111,1,,LC_LinearSurface,lccs3_type,,,LC_LinearSurface,,,,,
L35,element,10F,P,Port,110,111,1,,LC_LinearSurface,name,,,Linear Surface,,,,,
L35,element,10F,P,Port,110,111,1,,LC_LinearSurface,description,,,Describe a linear built-up surface element,,,,,
L35,element,10F,P,Port,110,111,1,,LC_LinearSurface,presence_type,,,Mandatory,,,,,
L35,characteristic,10F,P,Port,110,111,1,1,LC_ConstructionUse,lccs3_type,,,LC_ConstructionUse,,,,,
L35,characteristic,10F,P,Port,110,111,1,1,LC_ConstructionUse,name,,,Construction Use,,,,,
L35,characteristic,10F,P,Port,110,111,1,1,LC_ConstructionUse,description,,,Describe the construction use characteristic,,,,,
L35,characteristic,10F,P,Port,110,111,1,1,LC_ConstructionUse,type,,,Port Area,,,,,
L35,class,114,U,Urban area(s),,,,,,class_name,,,Urban area(s),,,,,
L35,class,114,U,Urban area(s),,,,,,class_description,,,Describe the land cover class,,,,,
L35,class,114,U,Urban area(s),,,,,,class_map_code,,,U,,,,,
L35,class,114,U,Urban area(s),,,,,,uuid,,,c2e7ef30-3933-11ef-ae97-086ac51cbb00,,,,,
L35,hp,114,U,Urban area(s),115,,,,,name,,,Horizontal Pattern 1,,,,,
L35,hp,114,U,Urban area(s),115,,,,,description,,,Describe the horizontal pattern,,,,,
L35,stratum,114,U,Urban area(s),115,116,,,,name,,,Stratum 1,,,,,
L35,stratum,114,U,Urban area(s),115,116,,,,description,,,Abiotic surface 1,,,,,
L35,stratum,114,U,Urban area(s),115,116,,,,presence_type,,,Mandatory,,,,,
L35,stratum,114,U,Urban area(s),115,116,,,,@ontop,,,0,,,,,
L35,element,114,U,Urban area(s),115,116,1,,LC_BuiltUpSurface,lccs3_type,,,LC_BuiltUpSurface,,,,,
L35,element,114,U,Urban area(s),115,116,1,,LC_BuiltUpSurface,name,,,Built-up Surface,,,,,
L35,element,114,U,Urban area(s),115,116,1,,LC_BuiltUpSurface,description,,,Describe a built-up surface element,,,,,
L35,element,114,U,Urban area(s),115,116,1,,LC_BuiltUpSurface,presence_type,,,Mandatory,,,,,
L35,characteristic,114,U,Urban area(s),115,116,1,1,LC_ConstructionUse,lccs3_type,,,LC_ConstructionUse,,,,,
L35,characteristic,114,U,Urban area(s),115,116,1,1,LC_ConstructionUse,name,,,Construction Use,,,,,
L35,characteristic,114,U,Urban area(s),115,116,1,1,LC_ConstructionUse,description,,,Describe the construction use characteristic,,,,,
L35,characteristic,114,U,Urban area(s),115,116,1,1,LC_ConstructionUse,type,,,Urban,,,,,
L35,class,118,RS,Rural settlement,,,,,,class_name,,,Rural settlement,,,,,
L35,class,118,RS,Rural settlement,,,,,,class_description,,,Describe the land cover class,,,,,
L35,class,118,RS,Rural settlement,,,,,,class_map_code,,,RS,,,,,
L35,class,118,RS,Rural settlement,,,,,,uuid,,,d795aa80-3933-11ef-ae97-086ac51cbb00,,,,,
L35,hp,118,RS,Rural settlement,119,,,,,name,,,Horizontal Pattern 1,,,,,
L35,hp,118,RS,Rural settlement,119,,,,,description,,,Describe the horizontal pattern,,,,,
L35,stratum,118,RS,Rural settlement,119,11A,,,,name,,,Stratum 1,,,,,
L35,stratum,118,RS,Rural settlement,119,11A,,,,description,,,Abiotic surface 1,,,,,
L35,stratum,118,RS,Rural settlement,119,11A,,,,presence_type,,,Mandatory,,,,,
L35,stratum,118,RS,Rural settlement,119,11A,,,,@ontop,,,0,,,,,
L35,element,118,RS,Rural settlement,119,11A,1,,LC_BuiltUpSurface,lccs3_type,,,LC_BuiltUpSurface,,,,,
L35,element,118,RS,Rural settlement,119,11A,1,,LC_BuiltUpSurface,name,,,Built-up Surface,,,,,
L35,element,118,RS,Rural settlement,119,11A,1,,LC_BuiltUpSurface,description,,,Describe a built-up surface element,,,,,
L35,element,118,RS,Rural settlement,119,11A,1,,LC_BuiltUpSurface,presence_type,,,Mandatory,,,,,
L35,characteristic,118,RS,Rural settlement,119,11A,1,1,LC_ConstructionUse,lccs3_type,,,LC_ConstructionUse,,,,,
L35,characteristic,118,RS,Rural settlement,119,11A,1,1,LC_ConstructionUse,name,,,Construction Use,,,,,
L35,characteristic,118,RS,Rural settlement,119,11A,1,1,LC_ConstructionUse,description,,,Describe the construction use characteristic,,,,,
L35,characteristic,118,RS,Rural settlement,119,11A,1,1,LC_ConstructionUse,type,,,Rural,,,,,
L35,class,11C,B,Bare soil,,,,,,class_name,,,Bare soil,,,,,
L35,class,11C,B,Bare soil,,,,,,class_description,,,Describe the land cover class,,,,,
L35,class,11C,B,Bare soil,,,,,,class_map_code,,,B,,,,,
L35,class,11C,B,Bare soil,,,,,,uuid,,,581b1ff0-3934-11ef-ae97-086ac51cbb00,,,,,
L35,hp,11C,B,Bare soil,11D,,,,,name,,,Horizontal Pattern 1,,,,,
L35,hp,11C,B,Bare soil,11D,,,,,description,,,Describe the horizontal pattern,,,,,
L35,stratum,11C,B,Bare soil,11D,11E,,,,name,,,Stratum 1,,,,,
L35,stratum,11C,B,Bare soil,11D,11E,,,,description,,,Abiotic surface 1,,,,,
L35,stratum,11C,B,Bare soil,11D,11E,,,,presence_type,,,Mandatory,,,,,
L35,stratum,11C,B,Bare soil,11D,11E,,,,@ontop,,,0,,,,,
L35,element,11C,B,Bare soil,11D,11E,1,,LC_BareSoil,lccs3_type,,,LC_BareSoil,,,,,
L35,element,11C,B,Bare soil,11D,11E,1,,LC_BareSoil,name,,,Bare Soil,,,,,
L35,element,11C,B,Bare soil,11D,11E,1,,LC_BareSoil,description,,,Describe a bare soil surface type,,,,,
L35,element,11C,B,Bare soil,11D,11E,1,,LC_BareSoil,presence_type,,,Mandatory,,,,,
L35,class,126,I,Ironpan/laterite crust(s) - bowal,,,,,,class_name,,,Ironpan/laterite crust(s) - bowal,,,,,
L35,class,126,I,Ironpan/laterite crust(s) - bowal,,,,,,class_description,,,Describe the land cover class,,,,,
L35,class,126,I,Ironpan/laterite crust(s) - bowal,,,,,,class_map_code,,,I,,,,,
L35,class,126,I,Ironpan/laterite crust(s) - bowal,,,,,,uuid,,,78a672d0-393c-11ef-ae97-086ac51cbb00,,,,,
L35,hp,126,I,Ironpan/laterite crust(s) - bowal,127,,,,,name,,,Horizontal Pattern 1,,,,,
L35,hp,126,I,Ironpan/laterite crust(s) - bowal,127,,,,,description,,,Describe the horizontal pattern,,,,,
L35,stratum,126,I,Ironpan/laterite crust(s) - bowal,127,128,,,,name,,,Stratum 1,,,,,
L35,stratum,126,I,Ironpan/laterite crust(s) - bowal,127,128,,,,description,,,Abiotic surface 1,,,,,
L35,stratum,126,I,Ironpan/laterite crust(s) - bowal,127,128,,,,presence_type,,,Mandatory,,,,,
L35,stratum,126,I,Ironpan/laterite crust(s) - bowal,127,128,,,,@ontop,,,0,,,,,
L35,element,126,I,Ironpan/laterite crust(s) - bowal,127,128,1,,LC_Hardpan,lccs3_type,,,LC_HardPans,,,,,
L35,element,126,I,Ironpan/laterite crust(s) - bowal,127,128,1,,LC_Hardpan,name,,,Hard Pans,,,,,
L35,element,126,I,Ironpan/laterite crust(s) - bowal,127,128,1,,LC_Hardpan,description,,,Describe hard pans surface element,,,,,
L35,element,126,I,Ironpan/laterite crust(s) - bowal,127,128,1,,LC_Hardpan,presence_type,,,Mandatory,,,,,
L35,element,126,I,Ironpan/laterite crust(s) - bowal,127,128,1,,LC_Hardpan,type,,,Ironpan/Laterite,,,,,
L35,class,12A,G,"Gravels, stones and/or boulders - river bank and rock debris",,,,,,class_name,,,"Gravels, stones and/or boulders - river bank and rock debris",,,,,
L35,class,12A,G,"Gravels, stones and/or boulders - river bank and rock debris",,,,,,class_description,,,Describe the land cover class,,,,,
L35,class,12A,G,"Gravels, stones and/or boulders - river bank and rock debris",,,,,,class_map_code,,,G,,,,,
L35,class,12A,G,"Gravels, stones and/or boulders - river bank and rock debris",,,,,,uuid,,,d1854d90-393c-11ef-ae97-086ac51cbb00,,,,,
L35,hp,12A,G,"Gravels, stones and/or boulders - river bank and rock debris",12B,,,,,name,,,Horizontal Pattern 1,,,,,
L35,hp,12A,G,"Gravels, stones and/or boulders - river bank and rock debris",12B,,,,,description,,,Describe the horizontal pattern,,,,,
L35,stratum,12A,G,"Gravels, stones and/or boulders - river bank and rock debris",12B,12C,,,,name,,,Stratum 1,,,,,
L35,stratum,12A,G,"Gravels, stones and/or boulders - river bank and rock debris",12B,12C,,,,description,,,Abiotic surface 1,,,,,
L35,stratum,12A,G,"Gravels, stones and/or boulders - river bank and rock debris",12B,12C,,,,presence_type,,,Mandatory,,,,,
L35,stratum,12A,G,"Gravels, stones and/or boulders - river bank and rock debris",12B,12C,,,,@ontop,,,0,,,,,
L35,element,12A,G,"Gravels, stones and/or boulders - river bank and rock debris",12B,12C,1,,LC_CoarseMineralFragments,lccs3_type,,,LC_CoarseMineralFragments,,,,,
L35,element,12A,G,"Gravels, stones and/or boulders - river bank and rock debris",12B,12C,1,,LC_CoarseMineralFragments,name,,,Coarse Mineral Fragments,,,,,
L35,element,12A,G,"Gravels, stones and/or boulders - river bank and rock debris",12B,12C,1,,LC_CoarseMineralFragments,description,,,Describe coarse mineral fragments surface element,,,,,
L35,element,12A,G,"Gravels, stones and/or boulders - river bank and rock debris",12B,12C,1,,LC_CoarseMineralFragments,presence_type,,,Mandatory,,,,,
L35,element,12A,G,"Gravels, stones and/or boulders - river bank and rock debris",12B,12C,1,,LC_CoarseMineralFragments,type,,,Gravel,,,,,
L35,element,12A,G,"Gravels, stones and/or boulders - river bank and rock debris",12B,12C,2,,LC_CoarseMineralFragments,lccs3_type,,,LC_CoarseMineralFragments,,,,,
L35,element,12A,G,"Gravels, stones and/or boulders - river bank and rock debris",12B,12C,2,,LC_CoarseMineralFragments,name,,,Coarse Mineral Fragments,,,,,
L35,element,12A,G,"Gravels, stones and/or boulders - river bank and rock debris",12B,12C,2,,LC_CoarseMineralFragments,description,,,Describe coarse mineral fragments surface element,,,,,
L35,element,12A,G,"Gravels, stones and/or boulders - river bank and rock debris",12B,12C,2,,LC_CoarseMineralFragments,presence_type,,,Optional,,,,,
L35,element,12A,G,"Gravels, stones and/or boulders - river bank and rock debris",12B,12C,2,,LC_CoarseMineralFragments,type,,,Stone,,,,,
L35,element,12A,G,"Gravels, stones and/or boulders - river bank and rock debris",12B,12C,3,,LC_CoarseMineralFragments,lccs3_type,,,LC_CoarseMineralFragments,,,,,
L35,element,12A,G,"Gravels, stones and/or boulders - river bank and rock debris",12B,12C,3,,LC_CoarseMineralFragments,name,,,Coarse Mineral Fragments,,,,,
L35,element,12A,G,"Gravels, stones and/or boulders - river bank and rock debris",12B,12C,3,,LC_CoarseMineralFragments,description,,,Describe coarse mineral fragments surface element,,,,,
L35,element,12A,G,"Gravels, stones and/or boulders - river bank and rock debris",12B,12C,3,,LC_CoarseMineralFragments,presence_type,,,Optional,,,,,
L35,element,12A,G,"Gravels, stones and/or boulders - river bank and rock debris",12B,12C,3,,LC_CoarseMineralFragments,type,,,Boulder,,,,,
L35,class,130,BR,Bare rock and/or coarse fragments,,,,,,class_name,,,Bare rock and/or coarse fragments,,,,,
L35,class,130,BR,Bare rock and/or coarse fragments,,,,,,class_description,,,Describe the land cover class,,,,,
L35,class,130,BR,Bare rock and/or coarse fragments,,,,,,class_map_code,,,BR,,,,,
L35,class,130,BR,Bare rock and/or coarse fragments,,,,,,uuid,,,c003ba00-393e-11ef-ae97-086ac51cbb00,,,,,
L35,hp,130,BR,Bare rock and/or coarse fragments,131,,,,,name,,,Horizontal Pattern 1,,,,,
L35,hp,130,BR,Bare rock and/or coarse fragments,131,,,,,description,,,Describe the horizontal pattern,,,,,
L35,stratum,130,BR,Bare rock and/or coarse fragments,131,132,,,,name,,,Stratum 1,,,,,
L35,stratum,130,BR,Bare rock and/or coarse fragments,131,132,,,,description,,,Abiotic surface 1,,,,,
L35,stratum,130,BR,Bare rock and/or coarse fragments,131,132,,,,presence_type,,,Mandatory,,,,,
L35,stratum,130,BR,Bare rock and/or coarse fragments,131,132,,,,@ontop,,,0,,,,,
L35,element,130,BR,Bare rock and/or coarse fragments,131,132,1,,LC_BareRock,lccs3_type,,,LC_BareRocks,,,,,
L35,element,130,BR,Bare rock and/or coarse fragments,131,132,1,,LC_BareRock,name,,,Bare Rocks,,,,,
L35,element,130,BR,Bare rock and/or coarse fragments,131,132,1,,LC_BareRock,description,,,Describe bare rocks surface element,,,,,
L35,element,130,BR,Bare rock and/or coarse fragments,131,132,1,,LC_BareRock,presence_type,,,Mandatory,,,,,
L35,element,130,BR,Bare rock and/or coarse fragments,131,132,2,,LC_CoarseMineralFragments,lccs3_type,,,LC_CoarseMineralFragments,,,,,
L35,element,130,BR,Bare rock and/or coarse fragments,131,132,2,,LC_CoarseMineralFragments,name,,,Coarse Mineral Fragments,,,,,
L35,element,130,BR,Bare rock and/or coarse fragments,131,132,2,,LC_CoarseMineralFragments,description,,,Describe coarse mineral fragments surface element,,,,,
L35,element,130,BR,Bare rock and/or coarse fragments,131,132,2,,LC_CoarseMineralFragments,presence_type,,,Optional,,,,,
L35,class,135,AL,Artificial lake,,,,,,class_name,,,Artificial lake,,,,,
L35,class,135,AL,Artificial lake,,,,,,class_description,,,Describe the land cover class,,,,,
L35,class,135,AL,Artificial lake,,,,,,class_map_code,,,AL,,,,,
L35,class,135,AL,Artificial lake,,,,,,uuid,,,3a721560-3940-11ef-ae97-086ac51cbb00,,,,,
L35,hp,135,AL,Artificial lake,136,,,,,name,,,Horizontal Pattern 1,,,,,
L35,hp,135,AL,Artificial lake,136,,,,,description,,,Describe the horizontal pattern,,,,,
L35,stratum,135,AL,Artificial lake,136,137,,,,name,,,Stratum 1,,,,,
L35,stratum,135,AL,Artificial lake,136,137,,,,description,,,Abiotic surface 1,,,,,
L35,stratum,135,AL,Artificial lake,136,137,,,,presence_type,,,Mandatory,,,,,
L35,stratum,135,AL,Artificial lake,136,137,,,,@ontop,,,0,,,,,
L35,element,135,AL,Artificial lake,136,137,1,,LC_WaterBody,lccs3_type,,,LC_WaterBody,,,,,
L35,element,135,AL,Artificial lake,136,137,1,,LC_WaterBody,name,,,Water Body,,,,,
L35,element,135,AL,Artificial lake,136,137,1,,LC_WaterBody,description,,,Describe a water body surface element,,,,,
L35,element,135,AL,Artificial lake,136,137,1,,LC_WaterBody,presence_type,,,Mandatory,,,,,
L35,element,135,AL,Artificial lake,136,137,1,,LC_WaterBody,position,,,Above Surface,,,,,
L35,characteristic,135,AL,Artificial lake,136,137,1,1,LC_ArtificialityCharacteristic,lccs3_type,,,LC_Artificiality,,,,,
L35,characteristic,135,AL,Artificial lake,136,137,1,1,LC_ArtificialityCharacteristic,name,,,Artificiality,,,,,
L35,characteristic,135,AL,Artificial lake,136,137,1,1,LC_ArtificialityCharacteristic,description,,,Describe the artificiality characteristic,,,,,
L35,characteristic,135,AL,Artificial lake,136,137,1,1,LC_ArtificialityCharacteristic,type,,,Artificial,,,,,
L35,characteristic,135,AL,Artificial lake,136,137,1,2,LC_WaterSalinityCharacteristic,lccs3_type,,,LC_WaterSalinity,,,,,
L35,characteristic,135,AL,Artificial lake,136,137,1,2,LC_WaterSalinityCharacteristic,name,,,Water Salinity,,,,,
L35,characteristic,135,AL,Artificial lake,136,137,1,2,LC_WaterSalinityCharacteristic,description,,,Describe the water salinity characteristic,,,,,
L35,characteristic,135,AL,Artificial lake,136,137,1,2,LC_WaterSalinityCharacteristic,type,,,Fresh,,,,,
L35,class,13B,R,River,,,,,,class_name,,,River,,,,,
L35,class,13B,R,River,,,,,,class_description,,,Flowing freshwater perennial,,,,,
L35,class,13B,R,River,,,,,,class_map_code,,,R,,,,,
L35,class,13B,R,River,,,,,,uuid,,,79371d40-3940-11ef-ae97-086ac51cbb00,,,,,
L35,hp,13B,R,River,13C,,,,,name,,,Horizontal Pattern 1,,,,,
L35,hp,13B,R,River,13C,,,,,description,,,Describe the horizontal pattern,,,,,
L35,stratum,13B,R,River,13C,13D,,,,name,,,Stratum 1,,,,,
L35,stratum,13B,R,River,13C,13D,,,,description,,,Abiotic surface 1,,,,,
L35,stratum,13B,R,River,13C,13D,,,,presence_type,,,Mandatory,,,,,
L35,stratum,13B,R,River,13C,13D,,,,@ontop,,,0,,,,,
L35,element,13B,R,River,13C,13D,1,,LC_WaterBody,lccs3_type,,,LC_WaterBody,,,,,
L35,element,13B,R,River,13C,13D,1,,LC_WaterBody,name,,,Water Body,,,,,
L35,element,13B,R,River,13C,13D,1,,LC_WaterBody,description,,,Describe a water body surface element,,,,,
L35,element,13B,R,River,13C,13D,1,,LC_WaterBody,presence_type,,,Mandatory,,,,,
L35,element,13B,R,River,13C,13D,1,,LC_WaterBody,periodic_variation[LC_PeriodicVariations]/name,,,Periodic Variations,,,,,
L35,element,13B,R,River,13C,13D,1,,LC_WaterBody,periodic_variation[LC_PeriodicVariations]/description,,,Contains the elements of Periodic Variation,,,,,
L35,element,13B,R,River,13C,13D,1,,LC_WaterBody,periodic_variation[LC_PeriodicVariations]/elements/LC_PeriodicVariation[LC_PeriodicVariation]/name,,,Periodic Variation,,,,,
L35,element,13B,R,River,13C,13D,1,,LC_WaterBody,periodic_variation[LC_PeriodicVariations]/elements/LC_PeriodicVariation[LC_PeriodicVariation]/description,,,Describe a periodic variation element,,,,,
L35,element,13B,R,River,13C,13D,1,,LC_WaterBody,periodic_variation[LC_PeriodicVariations]/elements/LC_PeriodicVariation[LC_PeriodicVariation]/persistence_units,,,Months,,,,,
L35,element,13B,R,River,13C,13D,1,,LC_WaterBody,position,,,Above Surface,,,,,
L35,element,13B,R,River,13C,13D,1,,LC_WaterBody,dynamics,,,Flowing,,,,,
L35,characteristic,13B,R,River,13C,13D,1,1,LC_ArtificialityCharacteristic,lccs3_type,,,LC_Artificiality,,,,,
L35,characteristic,13B,R,River,13C,13D,1,1,LC_ArtificialityCharacteristic,name,,,Artificiality,,,,,
L35,characteristic,13B,R,River,13C,13D,1,1,LC_ArtificialityCharacteristic,description,,,Describe the artificiality characteristic,,,,,
L35,characteristic,13B,R,River,13C,13D,1,1,LC_ArtificialityCharacteristic,type,,,Natural,,,,,
L35,characteristic,13B,R,River,13C,13D,1,2,LC_WaterSalinityCharacteristic,lccs3_type,,,LC_WaterSalinity,,,,,
L35,characteristic,13B,R,River,13C,13D,1,2,LC_WaterSalinityCharacteristic,name,,,Water Salinity,,,,,
L35,characteristic,13B,R,River,13C,13D,1,2,LC_WaterSalinityCharacteristic,description,,,Describe the water salinity characteristic,,,,,
L35,characteristic,13B,R,River,13C,13D,1,2,LC_WaterSalinityCharacteristic,type,,,Fresh,,,,,
L35,class,143,L,Lake,,,,,,class_name,,,Lake,,,,,
L35,class,143,L,Lake,,,,,,class_description,,,Describe the land cover class,,,,,
L35,class,143,L,Lake,,,,,,class_map_code,,,L,,,,,
L35,class,143,L,Lake,,,,,,uuid,,,adc984d0-3940-11ef-ae97-086ac51cbb00,,,,,
L35,hp,143,L,Lake,144,,,,,name,,,Horizontal Pattern 1,,,,,
L35,hp,143,L,Lake,144,,,,,description,,,Describe the horizontal pattern,,,,,
L35,stratum,143,L,Lake,144,145,,,,name,,,Stratum 1,,,,,
L35,stratum,143,L,Lake,144,145,,,,description,,,Abiotic surface 1,,,,,
L35,stratum,143,L,Lake,144,145,,,,presence_type,,,Mandatory,,,,,
L35,stratum,143,L,Lake,144,145,,,,@ontop,,,0,,,,,
L35,element,143,L,Lake,144,145,1,,LC_WaterBody,lccs3_type,,,LC_WaterBody,,,,,
L35,element,143,L,Lake,144,145,1,,LC_WaterBody,name,,,Water Body,,,,,
L35,element,143,L,Lake,144,145,1,,LC_WaterBody,description,,,Describe a water body surface element,,,,,
L35,element,143,L,Lake,144,145,1,,LC_WaterBody,presence_type,,,Mandatory,,,,,
L35,element,143,L,Lake,144,145,1,,LC_WaterBody,periodic_variation[LC_PeriodicVariations]/name,,,Periodic Variations,,,,,
L35,element,143,L,Lake,144,145,1,,LC_WaterBody,periodic_variation[LC_PeriodicVariations]/description,,,Contains the elements of Periodic Variation,,,,,
L35,element,143,L,Lake,144,145,1,,LC_WaterBody,periodic_variation[LC_PeriodicVariations]/elements/LC_PeriodicVariation[LC_PeriodicVariation]/name,,,Periodic Variation,,,,,
L35,element,143,L,Lake,144,145,1,,LC_WaterBody,periodic_variation[LC_PeriodicVariations]/elements/LC_PeriodicVariation[LC_PeriodicVariation]/description,,,Describe a periodic variation element,,,,,
L35,element,143,L,Lake,144,145,1,,LC_WaterBody,periodic_variation[LC_PeriodicVariations]/elements/LC_PeriodicVariation[LC_PeriodicVariation]/persistence_units,,,Months,,,,,
L35,element,143,L,Lake,144,145,1,,LC_WaterBody,position,,,Above Surface,,,,,
L35,element,143,L,Lake,144,145,1,,LC_WaterBody,dynamics,,,Standing,,,,,
L35,characteristic,143,L,Lake,144,145,1,1,LC_ArtificialityCharacteristic,lccs3_type,,,LC_Artificiality,,,,,
L35,characteristic,143,L,Lake,144,145,1,1,LC_ArtificialityCharacteristic,name,,,Artificiality,,,,,
L35,characteristic,143,L,Lake,144,145,1,1,LC_ArtificialityCharacteristic,description,,,Describe the artificiality characteristic,,,,,
L35,characteristic,143,L,Lake,144,145,1,1,LC_ArtificialityCharacteristic,type,,,Natural,,,,,
L35,characteristic,143,L,Lake,144,145,1,2,LC_WaterSalinityCharacteristic,lccs3_type,,,LC_WaterSalinity,,,,,
L35,characteristic,143,L,Lake,144,145,1,2,LC_WaterSalinityCharacteristic,name,,,Water Salinity,,,,,
L35,characteristic,143,L,Lake,144,145,1,2,LC_WaterSalinityCharacteristic,description,,,Describe the water salinity characteristic,,,,,
L35,characteristic,143,L,Lake,144,145,1,2,LC_WaterSalinityCharacteristic,type,,,Fresh,,,,,
L35,class,14B,T,Tidal area,,,,,,class_name,,,Tidal area,,,,,
L35,class,14B,T,Tidal area,,,,,,class_description,,,Describe the land cover class,,,,,
L35,class,14B,T,Tidal area,,,,,,class_map_code,,,T,,,,,
L35,class,14B,T,Tidal area,,,,,,uuid,,,c3f9e450-3947-11ef-ae97-086ac51cbb00,,,,,
L35,hp,14B,T,Tidal area,14C,,,,,name,,,Horizontal Pattern 1,,,,,
L35,hp,14B,T,Tidal area,14C,,,,,description,,,Describe the horizontal pattern,,,,,
L35,stratum,14B,T,Tidal area,14C,14D,,,,name,,,Stratum 1,,,,,
L35,stratum,14B,T,Tidal area,14C,14D,,,,description,,,Abiotic surface 1,,,,,
L35,stratum,14B,T,Tidal area,14C,14D,,,,presence_type,,,Mandatory,,,,,
L35,stratum,14B,T,Tidal area,14C,14D,,,,@ontop,,,0,,,,,
L35,element,14B,T,Tidal area,14C,14D,1,,LC_WaterBody,lccs3_type,,,LC_WaterBody,,,,,
L35,element,14B,T,Tidal area,14C,14D,1,,LC_WaterBody,name,,,Water Body,,,,,
L35,element,14B,T,Tidal area,14C,14D,1,,LC_WaterBody,description,,,Describe a water body surface element,,,,,
L35,element,14B,T,Tidal area,14C,14D,1,,LC_WaterBody,presence_type,,,Mandatory,,,,,
L35,element,14B,T,Tidal area,14C,14D,1,,LC_WaterBody,position,,,Above Surface,,,,,
L35,element,14B,T,Tidal area,14C,14D,1,,LC_WaterBody,dynamics,,,Standing,,,,,
L35,characteristic,14B,T,Tidal area,14C,14D,1,1,LC_ArtificialityCharacteristic,lccs3_type,,,LC_Artificiality,,,,,
L35,characteristic,14B,T,Tidal area,14C,14D,1,1,LC_ArtificialityCharacteristic,name,,,Artificiality,,,,,
L35,characteristic,14B,T,Tidal area,14C,14D,1,1,LC_ArtificialityCharacteristic,description,,,Describe the artificiality characteristic,,,,,
L35,characteristic,14B,T,Tidal area,14C,14D,1,1,LC_ArtificialityCharacteristic,type,,,Natural,,,,,
L35,characteristic,14B,T,Tidal area,14C,14D,1,2,LC_WaterSalinityCharacteristic,lccs3_type,,,LC_WaterSalinity,,,,,
L35,characteristic,14B,T,Tidal area,14C,14D,1,2,LC_WaterSalinityCharacteristic,name,,,Water Salinity,,,,,
L35,characteristic,14B,T,Tidal area,14C,14D,1,2,LC_WaterSalinityCharacteristic,description,,,Describe the water salinity characteristic,,,,,
L35,characteristic,14B,T,Tidal area,14C,14D,1,2,LC_WaterSalinityCharacteristic,type,,,Saline,,,,,
L35,element,14B,T,Tidal area,14C,14D,2,,LC_LooseAndShiftingSand,lccs3_type,,,LC_LooseAndShiftingSand,,,,,
L35,element,14B,T,Tidal area,14C,14D,2,,LC_LooseAndShiftingSand,name,,,Loose and Shifting Sand,,,,,
L35,element,14B,T,Tidal area,14C,14D,2,,LC_LooseAndShiftingSand,description,,,Describe a loose and shifting sand surface element,,,,,
L35,element,14B,T,Tidal area,14C,14D,2,,LC_LooseAndShiftingSand,presence_type,,,Optional,,,,,
