system,record,class_id,class_map_code,class_name,hp_id,stratum_id,block_id,char_id,ref,attribute,min,max,value,evidence,framing_ref,confidence,status,note
L30,legend,,,,,,,,,legend_name,,,Légende de l'occupation du sol pour la Tunisie,,,,,
L30,legend,,,,,,,,,legend_description,,,IFPON,,,,,
L30,legend,,,,,,,,,legend_author,,,Bouajila Essifi et al.,,,,,
L30,class,2,Ar,Foret de resineux,,,,,,class_name,,,Foret de resineux,,,,,
L30,class,2,Ar,Foret de resineux,,,,,,class_description,,,"Forêt naturelle, ayant une prédominance (plus de 75 pour cent du couvert arboré) d’arbres appartenant aux espèces de conifères, qui englobe une terre avec un couvert arboré (ou une densité de peuplement) supérieur à 10 pour cent et d'une superficie supérieure à 0,5 ha. On retrouve principalement les espèces suivantes: pin d’Alep, pin maritime, pin pignon, cyprès, thuya, genévriers, etc.",,,,,
L30,class,2,Ar,Foret de resineux,,,,,,class_map_code,,,Ar,,,,,
L30,class,2,Ar,Foret de resineux,,,,,,uuid,,,407c4423-fa9c-11eb-8bb1-185680280055,,,,,
L30,hp,2,Ar,Foret de resineux,3,,,,,name,,,Horizontal Pattern 1,,,,,
L30,hp,2,Ar,Foret de resineux,3,,,,,description,,,Describe the horizontal pattern,,,,,
L30,stratum,2,Ar,Foret de resineux,3,4,,,,name,,,Stratum 1,,,,,
L30,stratum,2,Ar,Foret de resineux,3,4,,,,description,,,Vegetation 1,,,,,
L30,stratum,2,Ar,Foret de resineux,3,4,,,,presence_type,,,Mandatory,,,,,
L30,stratum,2,Ar,Foret de resineux,3,4,,,,@ontop,,,0,,,,,
L30,element,2,Ar,Foret de resineux,3,4,1,,LC_Tree,lccs3_type,,,LC_Trees,,,,,
L30,element,2,Ar,Foret de resineux,3,4,1,,LC_Tree,name,,,Trees,,,,,
L30,element,2,Ar,Foret de resineux,3,4,1,,LC_Tree,description,,,Describe a vegetation element of trees type,,,,,
L30,element,2,Ar,Foret de resineux,3,4,1,,LC_Tree,presence_type,,,Mandatory,,,,,
L30,element,2,Ar,Foret de resineux,3,4,1,,LC_Tree,cover,10.0,100.0,,,,,,
L30,element,2,Ar,Foret de resineux,3,4,1,,LC_Tree,LC_WoodyGrowthLeafType[LC_WoodyGrowthLeafType]/name,,,Woody Growth Leaf Type,,,,,
L30,element,2,Ar,Foret de resineux,3,4,1,,LC_Tree,LC_WoodyGrowthLeafType[LC_WoodyGrowthLeafType]/description,,,Contains the elements of Woody Growth Leaf Type,,,,,
L30,element,2,Ar,Foret de resineux,3,4,1,,LC_Tree,LC_WoodyGrowthLeafType[LC_WoodyGrowthLeafType]/elements/LC_WoodyLeafType[LC_Needleleaved]/name,,,Needleleaved,,,,,
L30,element,2,Ar,Foret de resineux,3,4,1,,LC_Tree,LC_WoodyGrowthLeafType[LC_WoodyGrowthLeafType]/elements/LC_WoodyLeafType[LC_Needleleaved]/description,,,Describe a Needleleaved type element,,,,,
L30,element,2,Ar,Foret de resineux,3,4,1,,LC_Tree,LC_WoodyGrowthLeafType[LC_WoodyGrowthLeafType]/elements/LC_WoodyLeafType[LC_Needleleaved]/percentage,75.0,100.0,,,,,,
L30,element,2,Ar,Foret de resineux,3,4,1,,LC_Tree,LC_WoodyGrowthLeafPhenology[LC_WoodyGrowthLeafPhenology]/name,,,Woody Growth Leaf Phenology,,,,,
L30,element,2,Ar,Foret de resineux,3,4,1,,LC_Tree,LC_WoodyGrowthLeafPhenology[LC_WoodyGrowthLeafPhenology]/description,,,Contains the elements of Woody Growth Leaf Phenology,,,,,
L30,element,2,Ar,Foret de resineux,3,4,1,,LC_Tree,LC_WoodyGrowthLeafPhenology[LC_WoodyGrowthLeafPhenology]/elements/LC_WoodyLeafPhenology[LC_Evergreen]/name,,,Evergreen,,,,,
L30,element,2,Ar,Foret de resineux,3,4,1,,LC_Tree,LC_WoodyGrowthLeafPhenology[LC_WoodyGrowthLeafPhenology]/elements/LC_WoodyLeafPhenology[LC_Evergreen]/description,,,Describe an Evergreen leaf phenology element,,,,,
L30,element,2,Ar,Foret de resineux,3,4,1,,LC_Tree,LC_WoodyGrowthLeafPhenology[LC_WoodyGrowthLeafPhenology]/elements/LC_WoodyLeafPhenology[LC_Evergreen]/percentage,75.0,100.0,,,,,,
L30,characteristic,2,Ar,Foret de resineux,3,4,1,1,LC_VegetationArtificialityCharacteristic,lccs3_type,,,LC_NaturalOrSeminaturalVegetation,,,,,value: Natural or Seminatural
L30,characteristic,2,Ar,Foret de resineux,3,4,1,1,LC_VegetationArtificialityCharacteristic,name,,,Natural Or Seminatural Vegetation,,,,,
L30,characteristic,2,Ar,Foret de resineux,3,4,1,1,LC_VegetationArtificialityCharacteristic,description,,,Describe the natural or seminatural vegetation,,,,,
L30,class,A,Af,Foret de feuillus,,,,,,class_name,,,Foret de feuillus,,,,,
L30,class,A,Af,Foret de feuillus,,,,,,class_description,,,"Forêt naturelle, ayant une prédominance (plus de 75 pour cent du couvert arboré) d’arbres appartenant aux espèces feuillues, qui englobe une terre avec un couvert arboré (ou une densité de peuplement) supérieur à 10 pour cent et d'une superficie supérieure à 0,5 ha. On retrouve principalement les espèces suivantes: chêne liège, chêne zeen, chêne vert, acacia tortillis, eucalyptus, peupliers, acacias sp, etc.",,,,,
L30,class,A,Af,Foret de feuillus,,,,,,class_map_code,,,Af,,,,,
L30,class,A,Af,Foret de feuillus,,,,,,uuid,,,40819b53-fa9c-11eb-8bb1-185680280055,,,,,
L30,hp,A,Af,Foret de feuillus,B,,,,,name,,,Horizontal Pattern 1,,,,,
L30,hp,A,Af,Foret de feuillus,B,,,,,description,,,Describe the horizontal pattern,,,,,
L30,stratum,A,Af,Foret de feuillus,B,C,,,,name,,,Stratum 1,,,,,
L30,stratum,A,Af,Foret de feuillus,B,C,,,,description,,,Vegetation 1,,,,,
L30,stratum,A,Af,Foret de feuillus,B,C,,,,presence_type,,,Mandatory,,,,,
L30,stratum,A,Af,Foret de feuillus,B,C,,,,@ontop,,,0,,,,,
L30,element,A,Af,Foret de feuillus,B,C,1,,LC_Tree,lccs3_type,,,LC_Trees,,,,,
L30,element,A,Af,Foret de feuillus,B,C,1,,LC_Tree,name,,,Trees,,,,,
L30,element,A,Af,Foret de feuillus,B,C,1,,LC_Tree,description,,,Describe a vegetation element of trees type,,,,,
L30,element,A,Af,Foret de feuillus,B,C,1,,LC_Tree,presence_type,,,Mandatory,,,,,
L30,element,A,Af,Foret de feuillus,B,C,1,,LC_Tree,cover,10.0,100.0,,,,,,
L30,element,A,Af,Foret de feuillus,B,C,1,,LC_Tree,LC_WoodyGrowthLeafType[LC_WoodyGrowthLeafType]/name,,,Woody Growth Leaf Type,,,,,
L30,element,A,Af,Foret de feuillus,B,C,1,,LC_Tree,LC_WoodyGrowthLeafType[LC_WoodyGrowthLeafType]/description,,,Contains the elements of Woody Growth Leaf Type,,,,,
L30,element,A,Af,Foret de feuillus,B,C,1,,LC_Tree,LC_WoodyGrowthLeafType[LC_WoodyGrowthLeafType]/elements/LC_WoodyLeafType[LC_Broadleaved]/name,,,Broadleaved,,,,,
L30,element,A,Af,Foret de feuillus,B,C,1,,LC_Tree,LC_WoodyGrowthLeafType[LC_WoodyGrowthLeafType]/elements/LC_WoodyLeafType[LC_Broadleaved]/description,,,Describe a Broadleaved type element,,,,,
L30,element,A,Af,Foret de feuillus,B,C,1,,LC_Tree,LC_WoodyGrowthLeafType[LC_WoodyGrowthLeafType]/elements/LC_WoodyLeafType[LC_Broadleaved]/percentage,75.0,100.0,,,,,,
L30,element,A,Af,Foret de feuillus,B,C,1,,LC_Tree,LC_WoodyGrowthLeafPhenology[LC_WoodyGrowthLeafPhenology]/name,,,Woody Growth Leaf Phenology,,,,,
L30,element,A,Af,Foret de feuillus,B,C,1,,LC_Tree,LC_WoodyGrowthLeafPhenology[LC_WoodyGrowthLeafPhenology]/description,,,Contains the elements of Woody Growth Leaf Phenology,,,,,
L30,element,A,Af,Foret de feuillus,B,C,1,,LC_Tree,LC_WoodyGrowthLeafPhenology[LC_WoodyGrowthLeafPhenology]/elements/LC_WoodyLeafPhenology[LC_Deciduous]/name,,,Deciduous,,,,,
L30,element,A,Af,Foret de feuillus,B,C,1,,LC_Tree,LC_WoodyGrowthLeafPhenology[LC_WoodyGrowthLeafPhenology]/elements/LC_WoodyLeafPhenology[LC_Deciduous]/description,,,Describe a Deciduous leaf phenology element,,,,,
L30,element,A,Af,Foret de feuillus,B,C,1,,LC_Tree,LC_WoodyGrowthLeafPhenology[LC_WoodyGrowthLeafPhenology]/elements/LC_WoodyLeafPhenology[LC_Deciduous]/percentage,75.0,100.0,,,,,,
L30,characteristic,A,Af,Foret de feuillus,B,C,1,1,LC_VegetationArtificialityCharacteristic,lccs3_type,,,LC_NaturalOrSeminaturalVegetation,,,,,value: Natural or Seminatural
L30,characteristic,A,Af,Foret de feuillus,B,C,1,1,LC_VegetationArtificialityCharacteristic,name,,,Natural Or Seminatural Vegetation,,,,,
L30,characteristic,A,Af,Foret de feuillus,B,C,1,1,LC_VegetationArtificialityCharacteristic,description,,,Describe the natural or seminatural vegetation,,,,,
L30,class,12,Am,Foret mixte,,,,,,class_name,,,Foret mixte,,,,,
L30,class,12,Am,Foret mixte,,,,,,class_description,,,"Forêt naturelle, dans lesquelles ni les conifères, ni les feuillus représentent plus de 75 pour cent du couvert arboré, qui englobe une terre avec un couvert arboré (ou une densité de peuplement) supérieur à 10 pour cent et d'une superficie supérieure à 0,5 ha. On retrouve principalement les espèces suivantes : chêne liège, chêne zeen, chêne liège, chêne vert, pin maritime, pin d’Alep, thuya, autres espèces.",,,,,
L30,class,12,Am,Foret mixte,,,,,,class_map_code,,,Am,,,,,
L30,class,12,Am,Foret mixte,,,,,,uuid,,,40860823-fa9c-11eb-8bb1-185680280055,,,,,
L30,hp,12,Am,Foret mixte,13,,,,,name,,,Horizontal Pattern 1,,,,,
L30,hp,12,Am,Foret mixte,13,,,,,description,,,Describe the horizontal pattern,,,,,
L30,stratum,12,Am,Foret mixte,13,14,,,,name,,,Stratum 1,,,,,
L30,stratum,12,Am,Foret mixte,13,14,,,,description,,,Vegetation 1,,,,,
L30,stratum,12,Am,Foret mixte,13,14,,,,presence_type,,,Mandatory,,,,,
L30,stratum,12,Am,Foret mixte,13,14,,,,@ontop,,,0,,,,,
L30,element,12,Am,Foret mixte,13,14,1,,LC_Tree,lccs3_type,,,LC_Trees,,,,,
L30,element,12,Am,Foret mixte,13,14,1,,LC_Tree,name,,,Trees,,,,,
L30,element,12,Am,Foret mixte,13,14,1,,LC_Tree,description,,,Describe a vegetation element of trees type,,,,,
L30,element,12,Am,Foret mixte,13,14,1,,LC_Tree,presence_type,,,Mandatory,,,,,
L30,element,12,Am,Foret mixte,13,14,1,,LC_Tree,cover,10.0,100.0,,,,,,
L30,element,12,Am,Foret mixte,13,14,1,,LC_Tree,LC_WoodyGrowthLeafType[LC_WoodyGrowthLeafType]/name,,,Woody Growth Leaf Type,,,,,
L30,element,12,Am,Foret mixte,13,14,1,,LC_Tree,LC_WoodyGrowthLeafType[LC_WoodyGrowthLeafType]/description,,,Contains the elements of Woody Growth Leaf Type,,,,,
L30,element,12,Am,Foret mixte,13,14,1,,LC_Tree,LC_WoodyGrowthLeafType[LC_WoodyGrowthLeafType]/elements/LC_WoodyLeafType[LC_Broadleaved]/name,,,Broadleaved,,,,,
L30,element,12,Am,Foret mixte,13,14,1,,LC_Tree,LC_WoodyGrowthLeafType[LC_WoodyGrowthLeafType]/elements/LC_WoodyLeafType[LC_Broadleaved]/description,,,Describe a Broadleaved type element,,,,,
L30,element,12,Am,Foret mixte,13,14,1,,LC_Tree,LC_WoodyGrowthLeafType[LC_WoodyGrowthLeafType]/elements/LC_WoodyLeafType[LC_Broadleaved]/percentage,40.0,60.0,,,,,,
L30,element,12,Am,Foret mixte,13,14,1,,LC_Tree,LC_WoodyGrowthLeafType[LC_WoodyGrowthLeafType]/elements/LC_WoodyLeafType[LC_Needleleaved]/name,,,Needleleaved,,,,,
L30,element,12,Am,Foret mixte,13,14,1,,LC_Tree,LC_WoodyGrowthLeafType[LC_WoodyGrowthLeafType]/elements/LC_WoodyLeafType[LC_Needleleaved]/description,,,Describe a Needleleaved type element,,,,,
L30,element,12,Am,Foret mixte,13,14,1,,LC_Tree,LC_WoodyGrowthLeafType[LC_WoodyGrowthLeafType]/elements/LC_WoodyLeafType[LC_Needleleaved]/percentage,40.0,60.0,,,,,,
L30,element,12,Am,Foret mixte,13,14,1,,LC_Tree,LC_WoodyGrowthLeafPhenology[LC_WoodyGrowthLeafPhenology]/name,,,Woody Growth Leaf Phenology,,,,,
L30,element,12,Am,Foret mixte,13,14,1,,LC_Tree,LC_WoodyGrowthLeafPhenology[LC_WoodyGrowthLeafPhenology]/description,,,Contains the elements of Woody Growth Leaf Phenology,,,,,
L30,element,12,Am,Foret mixte,13,14,1,,LC_Tree,LC_WoodyGrowthLeafPhenology[LC_WoodyGrowthLeafPhenology]/elements/LC_WoodyLeafPhenology[LC_Deciduous]/name,,,Deciduous,,,,,
L30,element,12,Am,Foret mixte,13,14,1,,LC_Tree,LC_WoodyGrowthLeafPhenology[LC_WoodyGrowthLeafPhenology]/elements/LC_WoodyLeafPhenology[LC_Deciduous]/description,,,Describe a Deciduous leaf phenology element,,,,,
L30,element,12,Am,Foret mixte,13,14,1,,LC_Tree,LC_WoodyGrowthLeafPhenology[LC_WoodyGrowthLeafPhenology]/elements/LC_WoodyLeafPhenology[LC_Deciduous]/percentage,40.0,60.0,,,,,,
L30,element,12,Am,Foret mixte,13,14,1,,LC_Tree,LC_WoodyGrowthLeafPhenology[LC_WoodyGrowthLeafPhenology]/elements/LC_WoodyLeafPhenology[LC_Evergreen]/name,,,Evergreen,,,,,
L30,element,12,Am,Foret mixte,13,14,1,,LC_Tree,LC_WoodyGrowthLeafPhenology[LC_WoodyGrowthLeafPhenology]/elements/LC_WoodyLeafPhenology[LC_Evergreen]/description,,,Describe an Evergreen leaf phenology element,,,,,
L30,element,12,Am,Foret mixte,13,14,1,,LC_Tree,LC_WoodyGrowthLeafPhenology[LC_WoodyGrowthLeafPhenology]/elements/LC_WoodyLeafPhenology[LC_Evergreen]/percentage,40.0,60.0,,,,,,
L30,characteristic,12,Am,Foret mixte,13,14,1,1,LC_VegetationArtificialityCharacteristic,lccs3_type,,,LC_NaturalOrSeminaturalVegetation,,,,,value: Natural or Seminatural
L30,characteristic,12,Am,Foret mixte,13,14,1,1,LC_VegetationArtificialityCharacteristic,name,,,Natural Or Seminatural Vegetation,,,,,
L30,characteristic,12,Am,Foret mixte,13,14,1,1,LC_VegetationArtificialityCharacteristic,description,,,Describe the natural or seminatural vegetation,,,,,
L30,class,1D,Afe,Plantations de feuilllus,,,,,,class_name,,,Plantations de feuilllus,,,,,
L30,class,1D,Afe,Plantations de feuilllus,,,,,,class_description,,,"Forêt à prédominance d’arbres établis par plantation et/ou semis de feuillus. Sont inclus les taillis des arbres originairement plantés ou semés. On retrouve principalement les espèces suivantes: chêne liège, chêne zeen, chêne vert, acacia tortillis, etc.",,,,,
L30,class,1D,Afe,Plantations de feuilllus,,,,,,class_map_code,,,Afe,,,,,
L30,class,1D,Afe,Plantations de feuilllus,,,,,,uuid,,,408f08d3-fa9c-11eb-8bb1-185680280055,,,,,
L30,hp,1D,Afe,Plantations de feuilllus,1E,,,,,name,,,Horizontal Pattern 1,,,,,
L30,hp,1D,Afe,Plantations de feuilllus,1E,,,,,description,,,Describe the horizontal pattern,,,,,
L30,stratum,1D,Afe,Plantations de feuilllus,1E,1F,,,,name,,,Stratum 1,,,,,
L30,stratum,1D,Afe,Plantations de feuilllus,1E,1F,,,,description,,,Vegetation 1,,,,,
L30,stratum,1D,Afe,Plantations de feuilllus,1E,1F,,,,presence_type,,,Mandatory,,,,,
L30,stratum,1D,Afe,Plantations de feuilllus,1E,1F,,,,@ontop,,,0,,,,,
L30,element,1D,Afe,Plantations de feuilllus,1E,1F,1,,LC_Tree,lccs3_type,,,LC_Trees,,,,,
L30,element,1D,Afe,Plantations de feuilllus,1E,1F,1,,LC_Tree,name,,,Trees,,,,,
L30,element,1D,Afe,Plantations de feuilllus,1E,1F,1,,LC_Tree,description,,,Describe a vegetation element of trees type,,,,,
L30,element,1D,Afe,Plantations de feuilllus,1E,1F,1,,LC_Tree,presence_type,,,Mandatory,,,,,
L30,element,1D,Afe,Plantations de feuilllus,1E,1F,1,,LC_Tree,cover,0.0,0.0,,,,,,
L30,element,1D,Afe,Plantations de feuilllus,1E,1F,1,,LC_Tree,LC_WoodyGrowthLeafType[LC_WoodyGrowthLeafType]/name,,,Woody Growth Leaf Type,,,,,
L30,element,1D,Afe,Plantations de feuilllus,1E,1F,1,,LC_Tree,LC_WoodyGrowthLeafType[LC_WoodyGrowthLeafType]/description,,,Contains the elements of Woody Growth Leaf Type,,,,,
L30,element,1D,Afe,Plantations de feuilllus,1E,1F,1,,LC_Tree,LC_WoodyGrowthLeafType[LC_WoodyGrowthLeafType]/elements/LC_WoodyLeafType[LC_Broadleaved]/name,,,Broadleaved,,,,,
L30,element,1D,Afe,Plantations de feuilllus,1E,1F,1,,LC_Tree,LC_WoodyGrowthLeafType[LC_WoodyGrowthLeafType]/elements/LC_WoodyLeafType[LC_Broadleaved]/description,,,Describe a Broadleaved type element,,,,,
L30,element,1D,Afe,Plantations de feuilllus,1E,1F,1,,LC_Tree,LC_WoodyGrowthLeafType[LC_WoodyGrowthLeafType]/elements/LC_WoodyLeafType[LC_Broadleaved]/percentage,75.0,100.0,,,,,,
L30,element,1D,Afe,Plantations de feuilllus,1E,1F,1,,LC_Tree,LC_WoodyGrowthLeafPhenology[LC_WoodyGrowthLeafPhenology]/name,,,Woody Growth Leaf Phenology,,,,,
L30,element,1D,Afe,Plantations de feuilllus,1E,1F,1,,LC_Tree,LC_WoodyGrowthLeafPhenology[LC_WoodyGrowthLeafPhenology]/description,,,Contains the elements of Woody Growth Leaf Phenology,,,,,
L30,element,1D,Afe,Plantations de feuilllus,1E,1F,1,,LC_Tree,LC_WoodyGrowthLeafPhenology[LC_WoodyGrowthLeafPhenology]/elements/LC_WoodyLeafPhenology[LC_Deciduous]/name,,,Deciduous,,,,,
L30,element,1D,Afe,Plantations de feuilllus,1E,1F,1,,LC_Tree,LC_WoodyGrowthLeafPhenology[LC_WoodyGrowthLeafPhenology]/elements/LC_WoodyLeafPhenology[LC_Deciduous]/description,,,Describe a Deciduous leaf phenology element,,,,,
L30,characteristic,1D,Afe,Plantations de feuilllus,1E,1F,1,1,LC_CultivatedAndManagedVegetationCharacteristics,lccs3_type,,,LC_CultivatedAndManagedVegetation,,,,,
L30,characteristic,1D,Afe,Plantations de feuilllus,1E,1F,1,1,LC_CultivatedAndManagedVegetationCharacteristics,name,,,Cultivated And Managed Vegetation,,,,,
L30,characteristic,1D,Afe,Plantations de feuilllus,1E,1F,1,1,LC_CultivatedAndManagedVegetationCharacteristics,description,,,Describe the cultivated and managed vegetation,,,,,
L30,characteristic,1D,Afe,Plantations de feuilllus,1E,1F,1,1,LC_CultivatedAndManagedVegetationCharacteristics,elements/LC_Characteristic[LC_ForestPlantation]/name,,,Forest Plantation,,,,,
L30,characteristic,1D,Afe,Plantations de feuilllus,1E,1F,1,1,LC_CultivatedAndManagedVegetationCharacteristics,elements/LC_Characteristic[LC_ForestPlantation]/description,,,Describe the forest plantation,,,,,
L30,class,24,Are,Plantations de resineux,,,,,,class_name,,,Plantations de resineux,,,,,
L30,class,24,Are,Plantations de resineux,,,,,,class_description,,,"Forêt à prédominance d’arbres établis par plantation et/ou semis de résineux. Sont inclus les taillis des arbres originairement plantés ou semés. On retrouve principalement les espèces suivantes: pin d’Alep, pin maritime, cyprès, thuya, genévriers, etc.",,,,,
L30,class,24,Are,Plantations de resineux,,,,,,class_map_code,,,Are,,,,,
L30,class,24,Are,Plantations de resineux,,,,,,uuid,,,16643ed3-fa9d-11eb-8bb1-185680280055,,,,,
L30,hp,24,Are,Plantations de resineux,25,,,,,name,,,Horizontal Pattern 1,,,,,
L30,hp,24,Are,Plantations de resineux,25,,,,,description,,,Describe the horizontal pattern,,,,,
L30,stratum,24,Are,Plantations de resineux,25,26,,,,name,,,Stratum 1,,,,,
L30,stratum,24,Are,Plantations de resineux,25,26,,,,description,,,Vegetation 1,,,,,
L30,stratum,24,Are,Plantations de resineux,25,26,,,,presence_type,,,Mandatory,,,,,
L30,stratum,24,Are,Plantations de resineux,25,26,,,,@ontop,,,0,,,,,
L30,element,24,Are,Plantations de resineux,25,26,1,,LC_Tree,lccs3_type,,,LC_Trees,,,,,
L30,element,24,Are,Plantations de resineux,25,26,1,,LC_Tree,name,,,Trees,,,,,
L30,element,24,Are,Plantations de resineux,25,26,1,,LC_Tree,description,,,Describe a vegetation element of trees type,,,,,
L30,element,24,Are,Plantations de resineux,25,26,1,,LC_Tree,presence_type,,,Mandatory,,,,,
L30,element,24,Are,Plantations de resineux,25,26,1,,LC_Tree,cover,0.0,0.0,,,,,,
L30,element,24,Are,Plantations de resineux,25,26,1,,LC_Tree,LC_WoodyGrowthLeafType[LC_WoodyGrowthLeafType]/name,,,Woody Growth Leaf Type,,,,,
L30,element,24,Are,Plantations de resineux,25,26,1,,LC_Tree,LC_WoodyGrowthLeafType[LC_WoodyGrowthLeafType]/description,,,Contains the elements of Woody Growth Leaf Type,,,,,
L30,element,24,Are,Plantations de resineux,25,26,1,,LC_Tree,LC_WoodyGrowthLeafType[LC_WoodyGrowthLeafType]/elements/LC_WoodyLeafType[LC_Needleleaved]/name,,,Needleleaved,,,,,
L30,element,24,Are,Plantations de resineux,25,26,1,,LC_Tree,LC_WoodyGrowthLeafType[LC_WoodyGrowthLeafType]/elements/LC_WoodyLeafType[LC_Needleleaved]/description,,,Describe a Needleleaved type element,,,,,
L30,element,24,Are,Plantations de resineux,25,26,1,,LC_Tree,LC_WoodyGrowthLeafPhenology[LC_WoodyGrowthLeafPhenology]/name,,,Woody Growth Leaf Phenology,,,,,
L30,element,24,Are,Plantations de resineux,25,26,1,,LC_Tree,LC_WoodyGrowthLeafPhenology[LC_WoodyGrowthLeafPhenology]/description,,,Contains the elements of Woody Growth Leaf Phenology,,,,,
L30,element,24,Are,Plantations de resineux,25,26,1,,LC_Tree,LC_WoodyGrowthLeafPhenology[LC_WoodyGrowthLeafPhenology]/elements/LC_WoodyLeafPhenology[LC_Evergreen]/name,,,Evergreen,,,,,
L30,element,24,Are,Plantations de resineux,25,26,1,,LC_Tree,LC_WoodyGrowthLeafPhenology[LC_WoodyGrowthLeafPhenology]/elements/LC_WoodyLeafPhenology[LC_Evergreen]/description,,,Describe an Evergreen leaf phenology element,,,,,
L30,characteristic,24,Are,Plantations de resineux,25,26,1,1,LC_CultivatedAndManagedVegetationCharacteristics,lccs3_type,,,LC_CultivatedAndManagedVegetation,,,,,
L30,characteristic,24,Are,Plantations de resineux,25,26,1,1,LC_CultivatedAndManagedVegetationCharacteristics,name,,,Cultivated And Managed Vegetation,,,,,
L30,characteristic,24,Are,Plantations de resineux,25,26,1,1,LC_CultivatedAndManagedVegetationCharacteristics,description,,,Describe the cultivated and managed vegetation,,,,,
L30,characteristic,24,Are,Plantations de resineux,25,26,1,1,LC_CultivatedAndManagedVegetationCharacteristics,elements/LC_Characteristic[LC_ForestPlantation]/name,,,Forest Plantation,,,,,
L30,characteristic,24,Are,Plantations de resineux,25,26,1,1,LC_CultivatedAndManagedVegetationCharacteristics,elements/LC_Characteristic[LC_ForestPlantation]/description,,,Describe the forest plantation,,,,,
L30,class,2A,Aaa,Plantations d'alignement,,,,,,class_name,,,Plantations d'alignement,,,,,
L30,class,2A,Aaa,Plantations d'alignement,,,,,,class_description,,,"Terres ayant, soit un couvert arboré (ou une densité de peuplement) de 5 à 10 pour cent d’arbres capables d’atteindre une hauteur d’au moins 5 m à maturité in situ ; ou un couvert arboré (ou une densité de peuplement) de plus de 10 pour cent d’arbres d’une hauteur inférieure à 5 m à maturité in situ (c’est-à-dire les arbres nains ou rabougris), ou de plus de 10 pour cent d’arbustes et formations arbustives.",,,,,
L30,class,2A,Aaa,Plantations d'alignement,,,,,,class_map_code,,,Aaa,,,,,
L30,class,2A,Aaa,Plantations d'alignement,,,,,,uuid,,,1668f9c3-fa9d-11eb-8bb1-185680280055,,,,,
L30,hp,2A,Aaa,Plantations d'alignement,2B,,,,,name,,,Horizontal Pattern 1,,,,,
L30,hp,2A,Aaa,Plantations d'alignement,2B,,,,,description,,,Describe the horizontal pattern,,,,,
L30,stratum,2A,Aaa,Plantations d'alignement,2B,153,,,,name,,,Stratum 1,,,,,
L30,stratum,2A,Aaa,Plantations d'alignement,2B,153,,,,description,,,Vegetation 1,,,,,
L30,stratum,2A,Aaa,Plantations d'alignement,2B,153,,,,presence_type,,,Mandatory,,,,,
L30,stratum,2A,Aaa,Plantations d'alignement,2B,153,,,,@ontop,,,0,,,,,
L30,element,2A,Aaa,Plantations d'alignement,2B,153,1,,LC_Tree,lccs3_type,,,LC_Trees,,,,,
L30,element,2A,Aaa,Plantations d'alignement,2B,153,1,,LC_Tree,name,,,Trees,,,,,
L30,element,2A,Aaa,Plantations d'alignement,2B,153,1,,LC_Tree,description,,,Describe a vegetation element of trees type,,,,,
L30,element,2A,Aaa,Plantations d'alignement,2B,153,1,,LC_Tree,presence_type,,,Mandatory,,,,,
L30,characteristic,2A,Aaa,Plantations d'alignement,2B,153,1,1,LC_CultivatedAndManagedVegetationCharacteristics,lccs3_type,,,LC_CultivatedAndManagedVegetation,,,,,
L30,characteristic,2A,Aaa,Plantations d'alignement,2B,153,1,1,LC_CultivatedAndManagedVegetationCharacteristics,name,,,Cultivated And Managed Vegetation,,,,,
L30,characteristic,2A,Aaa,Plantations d'alignement,2B,153,1,1,LC_CultivatedAndManagedVegetationCharacteristics,description,,,Describe the cultivated and managed vegetation,,,,,
L30,characteristic,2A,Aaa,Plantations d'alignement,2B,153,1,1,LC_CultivatedAndManagedVegetationCharacteristics,elements/LC_Characteristic[LC_ForestPlantation]/name,,,Forest Plantation,,,,,
L30,characteristic,2A,Aaa,Plantations d'alignement,2B,153,1,1,LC_CultivatedAndManagedVegetationCharacteristics,elements/LC_Characteristic[LC_ForestPlantation]/description,,,Describe the forest plantation,,,,,
L30,characteristic,2A,Aaa,Plantations d'alignement,2B,153,1,1,LC_CultivatedAndManagedVegetationCharacteristics,elements/LC_Characteristic[LC_PlantSpreadingGeometry]/name,,,Plant Spreading Geometry,,,,,
L30,characteristic,2A,Aaa,Plantations d'alignement,2B,153,1,1,LC_CultivatedAndManagedVegetationCharacteristics,elements/LC_Characteristic[LC_PlantSpreadingGeometry]/description,,,Describe the plant spreading geometry,,,,,
L30,characteristic,2A,Aaa,Plantations d'alignement,2B,153,1,1,LC_CultivatedAndManagedVegetationCharacteristics,elements/LC_Characteristic[LC_PlantSpreadingGeometry]/type,,,Regular,,,,,
L30,class,30,Ami,Plantations mixtes,,,,,,class_name,,,Plantations mixtes,,,,,
L30,class,30,Ami,Plantations mixtes,,,,,,class_description,,,"Des plantations mixtes de feuillus et résineux qui peuvent être rencontrées: chêne liège, chêne zeen, chêne liège, chêne vert, pin maritime, pin d’Alep, thuya, etc.",,,,,
L30,class,30,Ami,Plantations mixtes,,,,,,class_map_code,,,Ami,,,,,
L30,class,30,Ami,Plantations mixtes,,,,,,uuid,,,166e02d3-fa9d-11eb-8bb1-185680280055,,,,,
L30,hp,30,Ami,Plantations mixtes,32,,,,,name,,,Horizontal Pattern 1,,,,,
L30,hp,30,Ami,Plantations mixtes,32,,,,,description,,,Describe the horizontal pattern,,,,,
L30,stratum,30,Ami,Plantations mixtes,32,33,,,,name,,,Stratum 1,,,,,
L30,stratum,30,Ami,Plantations mixtes,32,33,,,,description,,,Vegetation 1,,,,,
L30,stratum,30,Ami,Plantations mixtes,32,33,,,,presence_type,,,Mandatory,,,,,
L30,stratum,30,Ami,Plantations mixtes,32,33,,,,@ontop,,,0,,,,,
L30,element,30,Ami,Plantations mixtes,32,33,1,,LC_Tree,lccs3_type,,,LC_Trees,,,,,
L30,element,30,Ami,Plantations mixtes,32,33,1,,LC_Tree,name,,,Trees,,,,,
L30,element,30,Ami,Plantations mixtes,32,33,1,,LC_Tree,description,,,Describe a vegetation element of trees type,,,,,
L30,element,30,Ami,Plantations mixtes,32,33,1,,LC_Tree,presence_type,,,Mandatory,,,,,
L30,characteristic,30,Ami,Plantations mixtes,32,33,1,1,LC_CultivatedAndManagedVegetationCharacteristics,lccs3_type,,,LC_CultivatedAndManagedVegetation,,,,,
L30,characteristic,30,Ami,Plantations mixtes,32,33,1,1,LC_CultivatedAndManagedVegetationCharacteristics,name,,,Cultivated And Managed Vegetation,,,,,
L30,characteristic,30,Ami,Plantations mixtes,32,33,1,1,LC_CultivatedAndManagedVegetationCharacteristics,description,,,Describe the cultivated and managed vegetation,,,,,
L30,characteristic,30,Ami,Plantations mixtes,32,33,1,1,LC_CultivatedAndManagedVegetationCharacteristics,elements/LC_Characteristic[LC_ForestPlantation]/name,,,Forest Plantation,,,,,
L30,characteristic,30,Ami,Plantations mixtes,32,33,1,1,LC_CultivatedAndManagedVegetationCharacteristics,elements/LC_Characteristic[LC_ForestPlantation]/description,,,Describe the forest plantation,,,,,
L30,class,37,Aab,Brise-vents,,,,,,class_name,,,Brise-vents,,,,,
L30,class,37,Aab,Brise-vents,,,,,,class_description,,,"Terres ayant, soit un couvert arboré (ou une densité de peuplement) de 5 à 10 pour cent d’arbres capables d’atteindre une hauteur d’au moins 5 m à maturité in situ ; ou un couvert arboré (ou une densité de peuplement) de plus de 10 pour cent d’arbres d’une hauteur inférieure à 5 m à maturité in situ (c’est-à-dire les arbres nains ou rabougris), ou de plus de 10 pour cent d’arbustes et formations arbustives. on retrouve principalement les espèces suivantes : eucalyptus, tamarix, cyprès, casuarina, acacia horrida, et autres espèces.",,,,,
L30,class,37,Aab,Brise-vents,,,,,,class_map_code,,,Aab,,,,,
L30,class,37,Aab,Brise-vents,,,,,,uuid,,,16724893-fa9d-11eb-8bb1-185680280055,,,,,
L30,hp,37,Aab,Brise-vents,38,,,,,name,,,Horizontal Pattern 1,,,,,
L30,hp,37,Aab,Brise-vents,38,,,,,description,,,Describe the horizontal pattern,,,,,
L30,stratum,37,Aab,Brise-vents,38,39,,,,name,,,Stratum 1,,,,,
L30,stratum,37,Aab,Brise-vents,38,39,,,,description,,,Vegetation 1,,,,,
L30,stratum,37,Aab,Brise-vents,38,39,,,,presence_type,,,Mandatory,,,,,
L30,stratum,37,Aab,Brise-vents,38,39,,,,@ontop,,,0,,,,,
L30,element,37,Aab,Brise-vents,38,39,1,,LC_WoodyGrowthForm,lccs3_type,,,LC_WoodyGrowthForms,,,,,
L30,element,37,Aab,Brise-vents,38,39,1,,LC_WoodyGrowthForm,name,,,Woody Growth Forms,,,,,
L30,element,37,Aab,Brise-vents,38,39,1,,LC_WoodyGrowthForm,description,,,Describe a vegetation element of woody type,,,,,
L30,element,37,Aab,Brise-vents,38,39,1,,LC_WoodyGrowthForm,presence_type,,,Mandatory,,,,,
L30,characteristic,37,Aab,Brise-vents,38,39,1,1,LC_CultivatedAndManagedVegetationCharacteristics,lccs3_type,,,LC_CultivatedAndManagedVegetation,,,,,
L30,characteristic,37,Aab,Brise-vents,38,39,1,1,LC_CultivatedAndManagedVegetationCharacteristics,name,,,Cultivated And Managed Vegetation,,,,,
L30,characteristic,37,Aab,Brise-vents,38,39,1,1,LC_CultivatedAndManagedVegetationCharacteristics,description,,,Describe the cultivated and managed vegetation,,,,,
L30,characteristic,37,Aab,Brise-vents,38,39,1,1,LC_CultivatedAndManagedVegetationCharacteristics,elements/LC_Characteristic[LC_ForestPlantation]/name,,,Forest Plantation,,,,,
L30,characteristic,37,Aab,Brise-vents,38,39,1,1,LC_CultivatedAndManagedVegetationCharacteristics,elements/LC_Characteristic[LC_ForestPlantation]/description,,,Describe the forest plantation,,,,,
L30,characteristic,37,Aab,Brise-vents,38,39,1,1,LC_CultivatedAndManagedVegetationCharacteristics,elements/LC_Characteristic[LC_PlantSpreadingGeometry]/name,,,Plant Spreading Geometry,,,,,
L30,characteristic,37,Aab,Brise-vents,38,39,1,1,LC_CultivatedAndManagedVegetationCharacteristics,elements/LC_Characteristic[LC_PlantSpreadingGeometry]/description,,,Describe the plant spreading geometry,,,,,
L30,characteristic,37,Aab,Brise-vents,38,39,1,1,LC_CultivatedAndManagedVegetationCharacteristics,elements/LC_Characteristic[LC_PlantSpreadingGeometry]/type,,,Linear,,,,,
L30,class,3E,Ppf,Piste forestiere,,,,,,class_name,,,Piste forestiere,,,,,
L30,class,3E,Ppf,Piste forestiere,,,,,,class_description,,,"Chemin établi en milieu forestier, plus ou moins élaboré et rarement goudronné, construit dans un but d'exploitation industrielle ou d'activités connexes (plein air, loisir, etc.).",,,,,
L30,class,3E,Ppf,Piste forestiere,,,,,,class_map_code,,,Ppf,,,,,
L30,class,3E,Ppf,Piste forestiere,,,,,,uuid,,,9c98a133-fa9d-11eb-8bb1-185680280055,,,,,
L30,hp,3E,Ppf,Piste forestiere,3F,,,,,name,,,Horizontal Pattern 1,,,,,
L30,hp,3E,Ppf,Piste forestiere,3F,,,,,description,,,Describe the horizontal pattern,,,,,
L30,stratum,3E,Ppf,Piste forestiere,3F,40,,,,name,,,Stratum 1,,,,,
L30,stratum,3E,Ppf,Piste forestiere,3F,40,,,,description,,,Abiotic surface 1,,,,,
L30,stratum,3E,Ppf,Piste forestiere,3F,40,,,,presence_type,,,Mandatory,,,,,
L30,stratum,3E,Ppf,Piste forestiere,3F,40,,,,@ontop,,,0,,,,,
L30,element,3E,Ppf,Piste forestiere,3F,40,1,,LC_LinearSurface,lccs3_type,,,LC_Road,,,,,LCCS3 LC_Road becomes LC_LinearSurface with linearSurfaceType=Road
L30,element,3E,Ppf,Piste forestiere,3F,40,1,,LC_LinearSurface,name,,,Road,,,,,
L30,element,3E,Ppf,Piste forestiere,3F,40,1,,LC_LinearSurface,description,,,Describe a linear surface element of road type,,,,,
L30,element,3E,Ppf,Piste forestiere,3F,40,1,,LC_LinearSurface,presence_type,,,Mandatory,,,,,
L30,class,44,Arm,Maquis arbore,,,,,,class_name,,,Maquis arbore,,,,,
L30,class,44,Arm,Maquis arbore,,,,,,class_description,,,"Végétation composée d’espèces typiques tels, chêne vert, les cistes, les bruyères et les arbousiers, etc. Il se développe sur les sols siliceux et/ou acides.",,,,,
L30,class,44,Arm,Maquis arbore,,,,,,class_map_code,,,Arm,,,,,
L30,class,44,Arm,Maquis arbore,,,,,,uuid,,,c6e1fa43-fa9d-11eb-8bb1-185680280055,,,,,
L30,class_char,44,Arm,Maquis arbore,,,,1,LC_GeographicalAspects,name,,,Geographical Aspects,,,,,
L30,class_char,44,Arm,Maquis arbore,,,,1,LC_GeographicalAspects,description,,,Describe the geographical aspects,,,,,
L30,class_char,44,Arm,Maquis arbore,,,,1,LC_GeographicalAspects,type,,,Coastal areas,,,,,
L30,class_char,44,Arm,Maquis arbore,,,,2,LC_Climate,name,,,Climate,,,,,
L30,class_char,44,Arm,Maquis arbore,,,,2,LC_Climate,description,,,Describe the climate,,,,,
L30,class_char,44,Arm,Maquis arbore,,,,2,LC_Climate,termal_zone,,,Temperate Continental,,,,,
L30,class_char,44,Arm,Maquis arbore,,,,2,LC_Climate,length_of_growing_period,,,Dry Semi-arid,,,,,
L30,hp,44,Arm,Maquis arbore,46,,,,,name,,,Horizontal Pattern 1,,,,,
L30,hp,44,Arm,Maquis arbore,46,,,,,description,,,Describe the horizontal pattern,,,,,
L30,stratum,44,Arm,Maquis arbore,46,47,,,,name,,,Stratum 1,,,,,
L30,stratum,44,Arm,Maquis arbore,46,47,,,,description,,,Vegetation 1,,,,,
L30,stratum,44,Arm,Maquis arbore,46,47,,,,presence_type,,,Mandatory,,,,,
L30,stratum,44,Arm,Maquis arbore,46,47,,,,@ontop,,,0,,,,,
L30,element,44,Arm,Maquis arbore,46,47,1,,LC_Shrub,lccs3_type,,,LC_Shrubs,,,,,
L30,element,44,Arm,Maquis arbore,46,47,1,,LC_Shrub,name,,,Shrubs,,,,,
L30,element,44,Arm,Maquis arbore,46,47,1,,LC_Shrub,description,,,Describe a vegetation element of shrubs type,,,,,
L30,element,44,Arm,Maquis arbore,46,47,1,,LC_Shrub,presence_type,,,Mandatory,,,,,
L30,element,44,Arm,Maquis arbore,46,47,1,,LC_Shrub,cover,20.0,100.0,,,,,,
L30,element,44,Arm,Maquis arbore,46,47,1,,LC_Shrub,LC_WoodyGrowthLeafPhenology[LC_WoodyGrowthLeafPhenology]/name,,,Woody Growth Leaf Phenology,,,,,
L30,element,44,Arm,Maquis arbore,46,47,1,,LC_Shrub,LC_WoodyGrowthLeafPhenology[LC_WoodyGrowthLeafPhenology]/description,,,Contains the elements of Woody Growth Leaf Phenology,,,,,
L30,element,44,Arm,Maquis arbore,46,47,1,,LC_Shrub,LC_WoodyGrowthLeafPhenology[LC_WoodyGrowthLeafPhenology]/elements/LC_WoodyLeafPhenology[LC_Evergreen]/name,,,Evergreen,,,,,
L30,element,44,Arm,Maquis arbore,46,47,1,,LC_Shrub,LC_WoodyGrowthLeafPhenology[LC_WoodyGrowthLeafPhenology]/elements/LC_WoodyLeafPhenology[LC_Evergreen]/description,,,Describe an Evergreen leaf phenology element,,,,,
L30,element,44,Arm,Maquis arbore,46,47,1,,LC_Shrub,LC_WoodyGrowthLeafPhenology[LC_WoodyGrowthLeafPhenology]/elements/LC_WoodyLeafPhenology[LC_Evergreen]/percentage,60.0,100.0,,,,,,
L30,element,44,Arm,Maquis arbore,46,47,1,,LC_Shrub,height,2.0,5.0,,,,,,
L30,characteristic,44,Arm,Maquis arbore,46,47,1,1,LC_VegetationArtificialityCharacteristic,lccs3_type,,,LC_NaturalOrSeminaturalVegetation,,,,,value: Natural or Seminatural
L30,characteristic,44,Arm,Maquis arbore,46,47,1,1,LC_VegetationArtificialityCharacteristic,name,,,Natural Or Seminatural Vegetation,,,,,
L30,characteristic,44,Arm,Maquis arbore,46,47,1,1,LC_VegetationArtificialityCharacteristic,description,,,Describe the natural or seminatural vegetation,,,,,
L30,stratum,44,Arm,Maquis arbore,46,4A,,,,name,,,Stratum 2,,,,,
L30,stratum,44,Arm,Maquis arbore,46,4A,,,,description,,,Vegetation 2,,,,,
L30,stratum,44,Arm,Maquis arbore,46,4A,,,,presence_type,,,Optional,,,,,
L30,stratum,44,Arm,Maquis arbore,46,4A,,,,@ontop,,,0,,,,,
L30,element,44,Arm,Maquis arbore,46,4A,1,,LC_Tree,lccs3_type,,,LC_Trees,,,,,
L30,element,44,Arm,Maquis arbore,46,4A,1,,LC_Tree,name,,,Trees,,,,,
L30,element,44,Arm,Maquis arbore,46,4A,1,,LC_Tree,description,,,Describe a vegetation element of trees type,,,,,
L30,element,44,Arm,Maquis arbore,46,4A,1,,LC_Tree,presence_type,,,Mandatory,,,,,
L30,element,44,Arm,Maquis arbore,46,4A,1,,LC_Tree,cover,2.0,9.0,,,,,,
L30,characteristic,44,Arm,Maquis arbore,46,4A,1,1,LC_VegetationArtificialityCharacteristic,lccs3_type,,,LC_NaturalOrSeminaturalVegetation,,,,,value: Natural or Seminatural
L30,characteristic,44,Arm,Maquis arbore,46,4A,1,1,LC_VegetationArtificialityCharacteristic,name,,,Natural Or Seminatural Vegetation,,,,,
L30,characteristic,44,Arm,Maquis arbore,46,4A,1,1,LC_VegetationArtificialityCharacteristic,description,,,Describe the natural or seminatural vegetation,,,,,
L30,class,58,Abg,Garrigue non-arboree,,,,,,class_name,,,Garrigue non-arboree,,,,,
L30,class,58,Abg,Garrigue non-arboree,,,,,,class_description,,,"Formation arbustive (H < 1m10) occupant les étages bioclimatiques allant du semi-aride supérieur à l'aride inférieur, caractérisées par une structure clairsemée et par une végétation calcicole et thermophile, les garrigues proviennent généralement de la dégradation de forêts de pin d’Alep, les sols calcimagnésimorphes constituent le support de cette végétation. On retrouve principalement les espèces suivantes: Arbousier, Bruyère, Calycotome, Câpre, Chênes (K/V), Ciste, Genévriers, Lentisque, Myrthe, Oléastre, Phyllere, Romarin, Rhus tripartitum, Globulaire, Thym, Periploca, Diss, et autres espèces d'arbustes.",,,,,
L30,class,58,Abg,Garrigue non-arboree,,,,,,class_map_code,,,Abg,,,,,
L30,class,58,Abg,Garrigue non-arboree,,,,,,uuid,,,80886013-fa9e-11eb-8bb1-185680280055,,,,,
L30,class_char,58,Abg,Garrigue non-arboree,,,,1,LC_GeographicalAspects,name,,,Geographical Aspects,,,,,
L30,class_char,58,Abg,Garrigue non-arboree,,,,1,LC_GeographicalAspects,description,,,Describe the geographical aspects,,,,,
L30,class_char,58,Abg,Garrigue non-arboree,,,,1,LC_GeographicalAspects,type,,,Continental,,,,,
L30,class_char,58,Abg,Garrigue non-arboree,,,,2,LC_Climate,name,,,Climate,,,,,
L30,class_char,58,Abg,Garrigue non-arboree,,,,2,LC_Climate,description,,,Describe the climate,,,,,
L30,class_char,58,Abg,Garrigue non-arboree,,,,2,LC_Climate,termal_zone,,,Temperate Continental,,,,,
L30,class_char,58,Abg,Garrigue non-arboree,,,,2,LC_Climate,length_of_growing_period,,,Dry Semi-arid,,,,,
L30,hp,58,Abg,Garrigue non-arboree,59,,,,,name,,,Horizontal Pattern 1,,,,,
L30,hp,58,Abg,Garrigue non-arboree,59,,,,,description,,,Describe the horizontal pattern,,,,,
L30,stratum,58,Abg,Garrigue non-arboree,59,5A,,,,name,,,Stratum 1,,,,,
L30,stratum,58,Abg,Garrigue non-arboree,59,5A,,,,description,,,Vegetation 1,,,,,
L30,stratum,58,Abg,Garrigue non-arboree,59,5A,,,,presence_type,,,Mandatory,,,,,
L30,stratum,58,Abg,Garrigue non-arboree,59,5A,,,,@ontop,,,0,,,,,
L30,element,58,Abg,Garrigue non-arboree,59,5A,1,,LC_Shrub,lccs3_type,,,LC_Shrubs,,,,,
L30,element,58,Abg,Garrigue non-arboree,59,5A,1,,LC_Shrub,name,,,Shrubs,,,,,
L30,element,58,Abg,Garrigue non-arboree,59,5A,1,,LC_Shrub,description,,,Describe a vegetation element of shrubs type,,,,,
L30,element,58,Abg,Garrigue non-arboree,59,5A,1,,LC_Shrub,presence_type,,,Mandatory,,,,,
L30,element,58,Abg,Garrigue non-arboree,59,5A,1,,LC_Shrub,height,0.3,1.5,,,,,,
L30,characteristic,58,Abg,Garrigue non-arboree,59,5A,1,1,LC_VegetationArtificialityCharacteristic,lccs3_type,,,LC_NaturalOrSeminaturalVegetation,,,,,value: Natural or Seminatural
L30,characteristic,58,Abg,Garrigue non-arboree,59,5A,1,1,LC_VegetationArtificialityCharacteristic,name,,,Natural Or Seminatural Vegetation,,,,,
L30,characteristic,58,Abg,Garrigue non-arboree,59,5A,1,1,LC_VegetationArtificialityCharacteristic,description,,,Describe the natural or seminatural vegetation,,,,,
L30,stratum,58,Abg,Garrigue non-arboree,59,5D,,,,name,,,Stratum 2,,,,,
L30,stratum,58,Abg,Garrigue non-arboree,59,5D,,,,description,,,Vegetation 2,,,,,
L30,stratum,58,Abg,Garrigue non-arboree,59,5D,,,,presence_type,,,Optional,,,,,
L30,stratum,58,Abg,Garrigue non-arboree,59,5D,,,,@ontop,,,0,,,,,
L30,element,58,Abg,Garrigue non-arboree,59,5D,1,,LC_HerbaceousGrowthForm,lccs3_type,,,LC_HerbaceousGrowthForms,,,,,
L30,element,58,Abg,Garrigue non-arboree,59,5D,1,,LC_HerbaceousGrowthForm,name,,,Herbaceous growth forms,,,,,
L30,element,58,Abg,Garrigue non-arboree,59,5D,1,,LC_HerbaceousGrowthForm,description,,,Describe a vegetation element of herbaceous growth form type,,,,,
L30,element,58,Abg,Garrigue non-arboree,59,5D,1,,LC_HerbaceousGrowthForm,presence_type,,,Mandatory,,,,,
L30,characteristic,58,Abg,Garrigue non-arboree,59,5D,1,1,LC_VegetationArtificialityCharacteristic,lccs3_type,,,LC_NaturalOrSeminaturalVegetation,,,,,value: Natural or Seminatural
L30,characteristic,58,Abg,Garrigue non-arboree,59,5D,1,1,LC_VegetationArtificialityCharacteristic,name,,,Natural Or Seminatural Vegetation,,,,,
L30,characteristic,58,Abg,Garrigue non-arboree,59,5D,1,1,LC_VegetationArtificialityCharacteristic,description,,,Describe the natural or seminatural vegetation,,,,,
L30,class,60,Arg,Garrigue arboree,,,,,,class_name,,,Garrigue arboree,,,,,
L30,class,60,Arg,Garrigue arboree,,,,,,class_description,,,Végétation composée essentiellement d’arbrisseaux et d’arbustes qui se développent sur des sols calcaires.,,,,,
L30,class,60,Arg,Garrigue arboree,,,,,,class_map_code,,,Arg,,,,,
L30,class,60,Arg,Garrigue arboree,,,,,,uuid,,,a215b343-fa9e-11eb-8bb1-185680280055,,,,,
L30,class_char,60,Arg,Garrigue arboree,,,,1,LC_GeographicalAspects,name,,,Geographical Aspects,,,,,
L30,class_char,60,Arg,Garrigue arboree,,,,1,LC_GeographicalAspects,description,,,Describe the geographical aspects,,,,,
L30,class_char,60,Arg,Garrigue arboree,,,,1,LC_GeographicalAspects,type,,,Coastal areas,,,,,
L30,class_char,60,Arg,Garrigue arboree,,,,2,LC_Climate,name,,,Climate,,,,,
L30,class_char,60,Arg,Garrigue arboree,,,,2,LC_Climate,description,,,Describe the climate,,,,,
L30,class_char,60,Arg,Garrigue arboree,,,,2,LC_Climate,termal_zone,,,Temperate Continental,,,,,
L30,class_char,60,Arg,Garrigue arboree,,,,2,LC_Climate,length_of_growing_period,,,Dry Semi-arid,,,,,
L30,hp,60,Arg,Garrigue arboree,62,,,,,name,,,Horizontal Pattern 1,,,,,
L30,hp,60,Arg,Garrigue arboree,62,,,,,description,,,Describe the horizontal pattern,,,,,
L30,stratum,60,Arg,Garrigue arboree,62,63,,,,name,,,Stratum 1,,,,,
L30,stratum,60,Arg,Garrigue arboree,62,63,,,,description,,,Vegetation 1,,,,,
L30,stratum,60,Arg,Garrigue arboree,62,63,,,,presence_type,,,Mandatory,,,,,
L30,stratum,60,Arg,Garrigue arboree,62,63,,,,@ontop,,,0,,,,,
L30,element,60,Arg,Garrigue arboree,62,63,1,,LC_Shrub,lccs3_type,,,LC_Shrubs,,,,,
L30,element,60,Arg,Garrigue arboree,62,63,1,,LC_Shrub,name,,,Shrubs,,,,,
L30,element,60,Arg,Garrigue arboree,62,63,1,,LC_Shrub,description,,,Describe a vegetation element of shrubs type,,,,,
L30,element,60,Arg,Garrigue arboree,62,63,1,,LC_Shrub,presence_type,,,Mandatory,,,,,
L30,element,60,Arg,Garrigue arboree,62,63,1,,LC_Shrub,cover,20.0,100.0,,,,,,
L30,element,60,Arg,Garrigue arboree,62,63,1,,LC_Shrub,height,0.3,1.5,,,,,,
L30,characteristic,60,Arg,Garrigue arboree,62,63,1,1,LC_VegetationArtificialityCharacteristic,lccs3_type,,,LC_NaturalOrSeminaturalVegetation,,,,,value: Natural or Seminatural
L30,characteristic,60,Arg,Garrigue arboree,62,63,1,1,LC_VegetationArtificialityCharacteristic,name,,,Natural Or Seminatural Vegetation,,,,,
L30,characteristic,60,Arg,Garrigue arboree,62,63,1,1,LC_VegetationArtificialityCharacteristic,description,,,Describe the natural or seminatural vegetation,,,,,
L30,stratum,60,Arg,Garrigue arboree,62,66,,,,name,,,Stratum 2,,,,,
L30,stratum,60,Arg,Garrigue arboree,62,66,,,,description,,,Vegetation 2,,,,,
L30,stratum,60,Arg,Garrigue arboree,62,66,,,,presence_type,,,Optional,,,,,
L30,stratum,60,Arg,Garrigue arboree,62,66,,,,@ontop,,,0,,,,,
L30,element,60,Arg,Garrigue arboree,62,66,1,,LC_WoodyGrowthForm,lccs3_type,,,LC_WoodyGrowthForms,,,,,
L30,element,60,Arg,Garrigue arboree,62,66,1,,LC_WoodyGrowthForm,name,,,Woody Growth Forms,,,,,
L30,element,60,Arg,Garrigue arboree,62,66,1,,LC_WoodyGrowthForm,description,,,Describe a vegetation element of woody type,,,,,
L30,element,60,Arg,Garrigue arboree,62,66,1,,LC_WoodyGrowthForm,presence_type,,,Mandatory,,,,,
L30,element,60,Arg,Garrigue arboree,62,66,1,,LC_WoodyGrowthForm,cover,1.0,9.0,,,,,,
L30,element,60,Arg,Garrigue arboree,62,66,1,,LC_WoodyGrowthForm,height,3.0,7.0,,,,,,
L30,class,68,Ahn,Prairies naturelles,,,,,,class_name,,,Prairies naturelles,,,,,
L30,class,68,Ahn,Prairies naturelles,,,,,,class_description,,,"Surfaces en herbacées denses de composition floristique constituée principalement de graminées, non incluses dans un assolement. Principalement pâturées, mais dont le fourrage peut être récolté mécaniquement.",,,,,
L30,class,68,Ahn,Prairies naturelles,,,,,,class_map_code,,,Ahn,,,,,
L30,class,68,Ahn,Prairies naturelles,,,,,,uuid,,,105aeaf3-fa9f-11eb-8bb1-185680280055,,,,,
L30,hp,68,Ahn,Prairies naturelles,69,,,,,name,,,Horizontal Pattern 1,,,,,
L30,hp,68,Ahn,Prairies naturelles,69,,,,,description,,,Describe the horizontal pattern,,,,,
L30,stratum,68,Ahn,Prairies naturelles,69,6A,,,,name,,,Stratum 1,,,,,
L30,stratum,68,Ahn,Prairies naturelles,69,6A,,,,description,,,Vegetation 1,,,,,
L30,stratum,68,Ahn,Prairies naturelles,69,6A,,,,presence_type,,,Mandatory,,,,,
L30,stratum,68,Ahn,Prairies naturelles,69,6A,,,,@ontop,,,0,,,,,
L30,element,68,Ahn,Prairies naturelles,69,6A,1,,LC_HerbaceousGrowthForm,lccs3_type,,,LC_HerbaceousGrowthForms,,,,,
L30,element,68,Ahn,Prairies naturelles,69,6A,1,,LC_HerbaceousGrowthForm,name,,,Herbaceous growth forms,,,,,
L30,element,68,Ahn,Prairies naturelles,69,6A,1,,LC_HerbaceousGrowthForm,description,,,Describe a vegetation element of herbaceous growth form type,,,,,
L30,element,68,Ahn,Prairies naturelles,69,6A,1,,LC_HerbaceousGrowthForm,presence_type,,,Mandatory,,,,,
L30,element,68,Ahn,Prairies naturelles,69,6A,1,,LC_HerbaceousGrowthForm,cover,10.0,100.0,,,,,,
L30,element,68,Ahn,Prairies naturelles,69,6A,1,,LC_HerbaceousGrowthForm,LC_HerbaceousGrowthLeafPhenology[LC_HerbaceousGrowthLeafPhenology]/name,,,Herbaceous Growth Leaf Phenology,,,,,
L30,element,68,Ahn,Prairies naturelles,69,6A,1,,LC_HerbaceousGrowthForm,LC_HerbaceousGrowthLeafPhenology[LC_HerbaceousGrowthLeafPhenology]/description,,,Contains the elements of Herbaceous Growth Leaf Phenology,,,,,
L30,element,68,Ahn,Prairies naturelles,69,6A,1,,LC_HerbaceousGrowthForm,LC_HerbaceousGrowthLeafPhenology[LC_HerbaceousGrowthLeafPhenology]/elements/LC_HerbaceousLeafPhenology[LC_Annual]/name,,,Annual,,,,,
L30,element,68,Ahn,Prairies naturelles,69,6A,1,,LC_HerbaceousGrowthForm,LC_HerbaceousGrowthLeafPhenology[LC_HerbaceousGrowthLeafPhenology]/elements/LC_HerbaceousLeafPhenology[LC_Annual]/description,,,Describe an Annual herbaceous growth form leaf phenology,,,,,
L30,characteristic,68,Ahn,Prairies naturelles,69,6A,1,1,LC_VegetationArtificialityCharacteristic,lccs3_type,,,LC_NaturalOrSeminaturalVegetation,,,,,value: Natural or Seminatural
L30,characteristic,68,Ahn,Prairies naturelles,69,6A,1,1,LC_VegetationArtificialityCharacteristic,name,,,Natural Or Seminatural Vegetation,,,,,
L30,characteristic,68,Ahn,Prairies naturelles,69,6A,1,1,LC_VegetationArtificialityCharacteristic,description,,,Describe the natural or seminatural vegetation,,,,,
L30,class,6D,Aha,Prairies ameliorees,,,,,,class_name,,,Prairies ameliorees,,,,,
L30,class,6D,Aha,Prairies ameliorees,,,,,,class_description,,,"Surfaces en herbacées denses de composition floristique constituée principalement de graminées, non incluses dans un assolement. Principalement pâturées, mais dont le fourrage peut être récolté mécaniquement.",,,,,
L30,class,6D,Aha,Prairies ameliorees,,,,,,class_map_code,,,Aha,,,,,
L30,class,6D,Aha,Prairies ameliorees,,,,,,uuid,,,10612c83-fa9f-11eb-8bb1-185680280055,,,,,
L30,hp,6D,Aha,Prairies ameliorees,6E,,,,,name,,,Horizontal Pattern 1,,,,,
L30,hp,6D,Aha,Prairies ameliorees,6E,,,,,description,,,Describe the horizontal pattern,,,,,
L30,stratum,6D,Aha,Prairies ameliorees,6E,6F,,,,name,,,Stratum 1,,,,,
L30,stratum,6D,Aha,Prairies ameliorees,6E,6F,,,,description,,,Vegetation 1,,,,,
L30,stratum,6D,Aha,Prairies ameliorees,6E,6F,,,,presence_type,,,Mandatory,,,,,
L30,stratum,6D,Aha,Prairies ameliorees,6E,6F,,,,@ontop,,,0,,,,,
L30,element,6D,Aha,Prairies ameliorees,6E,6F,1,,LC_HerbaceousGrowthForm,lccs3_type,,,LC_HerbaceousGrowthForms,,,,,
L30,element,6D,Aha,Prairies ameliorees,6E,6F,1,,LC_HerbaceousGrowthForm,name,,,Herbaceous growth forms,,,,,
L30,element,6D,Aha,Prairies ameliorees,6E,6F,1,,LC_HerbaceousGrowthForm,description,,,Describe a vegetation element of herbaceous growth form type,,,,,
L30,element,6D,Aha,Prairies ameliorees,6E,6F,1,,LC_HerbaceousGrowthForm,presence_type,,,Exclusive,,,,,
L30,element,6D,Aha,Prairies ameliorees,6E,6F,1,,LC_HerbaceousGrowthForm,LC_HerbaceousGrowthLeafPhenology[LC_HerbaceousGrowthLeafPhenology]/name,,,Herbaceous Growth Leaf Phenology,,,,,
L30,element,6D,Aha,Prairies ameliorees,6E,6F,1,,LC_HerbaceousGrowthForm,LC_HerbaceousGrowthLeafPhenology[LC_HerbaceousGrowthLeafPhenology]/description,,,Contains the elements of Herbaceous Growth Leaf Phenology,,,,,
L30,element,6D,Aha,Prairies ameliorees,6E,6F,1,,LC_HerbaceousGrowthForm,LC_HerbaceousGrowthLeafPhenology[LC_HerbaceousGrowthLeafPhenology]/elements/LC_HerbaceousLeafPhenology[LC_Annual]/name,,,Annual,,,,,
L30,element,6D,Aha,Prairies ameliorees,6E,6F,1,,LC_HerbaceousGrowthForm,LC_HerbaceousGrowthLeafPhenology[LC_HerbaceousGrowthLeafPhenology]/elements/LC_HerbaceousLeafPhenology[LC_Annual]/description,,,Describe an Annual herbaceous growth form leaf phenology,,,,,
L30,characteristic,6D,Aha,Prairies ameliorees,6E,6F,1,1,LC_CultivatedAndManagedVegetationCharacteristics,lccs3_type,,,LC_CultivatedAndManagedVegetation,,,,,
L30,characteristic,6D,Aha,Prairies ameliorees,6E,6F,1,1,LC_CultivatedAndManagedVegetationCharacteristics,name,,,Cultivated And Managed Vegetation,,,,,
L30,characteristic,6D,Aha,Prairies ameliorees,6E,6F,1,1,LC_CultivatedAndManagedVegetationCharacteristics,description,,,Describe the cultivated and managed vegetation,,,,,
L30,element,6D,Aha,Prairies ameliorees,6E,6F,2,,LC_Shrub,lccs3_type,,,LC_Shrubs,,,,,
L30,element,6D,Aha,Prairies ameliorees,6E,6F,2,,LC_Shrub,name,,,Shrubs,,,,,
L30,element,6D,Aha,Prairies ameliorees,6E,6F,2,,LC_Shrub,description,,,Describe a vegetation element of shrubs type,,,,,
L30,element,6D,Aha,Prairies ameliorees,6E,6F,2,,LC_Shrub,presence_type,,,Exclusive,,,,,
L30,characteristic,6D,Aha,Prairies ameliorees,6E,6F,2,1,LC_CultivatedAndManagedVegetationCharacteristics,lccs3_type,,,LC_CultivatedAndManagedVegetation,,,,,
L30,characteristic,6D,Aha,Prairies ameliorees,6E,6F,2,1,LC_CultivatedAndManagedVegetationCharacteristics,name,,,Cultivated And Managed Vegetation,,,,,
L30,characteristic,6D,Aha,Prairies ameliorees,6E,6F,2,1,LC_CultivatedAndManagedVegetationCharacteristics,description,,,Describe the cultivated and managed vegetation,,,,,
L30,characteristic,6D,Aha,Prairies ameliorees,6E,6F,2,1,LC_CultivatedAndManagedVegetationCharacteristics,elements/LC_Characteristic[LC_Plantation]/name,,,Plantation,,,,,
L30,characteristic,6D,Aha,Prairies ameliorees,6E,6F,2,1,LC_CultivatedAndManagedVegetationCharacteristics,elements/LC_Characteristic[LC_Plantation]/description,,,Describe the plantation,,,,,
L30,class,75,Ahp,Parcours steppiques,,,,,,class_name,,,Parcours steppiques,,,,,
L30,class,75,Ahp,Parcours steppiques,,,,,,class_description,,,"Parcours formés de végétation steppique pérenne. Des ligneux bas (pseudo-steppes) ou par les graminées pérennes (steppes graminéennes). On retrouve principalement des parcours steppiques à Stipa Tenacissima, à Anthyllis sericea, Artemisia herba alba, Rantherium suaveolens, et d’autres parcours steppiques, ou encore une mosaïque de parcours et d'agriculture",,,,,
L30,class,75,Ahp,Parcours steppiques,,,,,,class_map_code,,,Ahp,,,,,
L30,class,75,Ahp,Parcours steppiques,,,,,,uuid,,,1065c063-fa9f-11eb-8bb1-185680280055,,,,,
L30,hp,75,Ahp,Parcours steppiques,76,,,,,name,,,Horizontal Pattern 1,,,,,
L30,hp,75,Ahp,Parcours steppiques,76,,,,,description,,,Describe the horizontal pattern,,,,,
L30,stratum,75,Ahp,Parcours steppiques,76,77,,,,name,,,Stratum 1,,,,,
L30,stratum,75,Ahp,Parcours steppiques,76,77,,,,description,,,Vegetation 1,,,,,
L30,stratum,75,Ahp,Parcours steppiques,76,77,,,,presence_type,,,Mandatory,,,,,
L30,stratum,75,Ahp,Parcours steppiques,76,77,,,,@ontop,,,0,,,,,
L30,element,75,Ahp,Parcours steppiques,76,77,1,,LC_HerbaceousGrowthForm,lccs3_type,,,LC_HerbaceousGrowthForms,,,,,
L30,element,75,Ahp,Parcours steppiques,76,77,1,,LC_HerbaceousGrowthForm,name,,,Herbaceous growth forms,,,,,
L30,element,75,Ahp,Parcours steppiques,76,77,1,,LC_HerbaceousGrowthForm,description,,,Describe a vegetation element of herbaceous growth form type,,,,,
L30,element,75,Ahp,Parcours steppiques,76,77,1,,LC_HerbaceousGrowthForm,presence_type,,,Mandatory,,,,,
L30,element,75,Ahp,Parcours steppiques,76,77,1,,LC_HerbaceousGrowthForm,cover,10.0,100.0,,,,,,
L30,element,75,Ahp,Parcours steppiques,76,77,1,,LC_HerbaceousGrowthForm,LC_HerbaceousGrowthLeafPhenology[LC_HerbaceousGrowthLeafPhenology]/name,,,Herbaceous Growth Leaf Phenology,,,,,
L30,element,75,Ahp,Parcours steppiques,76,77,1,,LC_HerbaceousGrowthForm,LC_HerbaceousGrowthLeafPhenology[LC_HerbaceousGrowthLeafPhenology]/description,,,Contains the elements of Herbaceous Growth Leaf Phenology,,,,,
L30,element,75,Ahp,Parcours steppiques,76,77,1,,LC_HerbaceousGrowthForm,LC_HerbaceousGrowthLeafPhenology[LC_HerbaceousGrowthLeafPhenology]/elements/LC_HerbaceousLeafPhenology[LC_Perennial]/name,,,Perennial,,,,,
L30,element,75,Ahp,Parcours steppiques,76,77,1,,LC_HerbaceousGrowthForm,LC_HerbaceousGrowthLeafPhenology[LC_HerbaceousGrowthLeafPhenology]/elements/LC_HerbaceousLeafPhenology[LC_Perennial]/description,,,Describe a Perennial herbaceous growth form leaf phenology,,,,,
L30,characteristic,75,Ahp,Parcours steppiques,76,77,1,1,LC_VegetationArtificialityCharacteristic,lccs3_type,,,LC_NaturalOrSeminaturalVegetation,,,,,value: Natural or Seminatural
L30,characteristic,75,Ahp,Parcours steppiques,76,77,1,1,LC_VegetationArtificialityCharacteristic,name,,,Natural Or Seminatural Vegetation,,,,,
L30,characteristic,75,Ahp,Parcours steppiques,76,77,1,1,LC_VegetationArtificialityCharacteristic,description,,,Describe the natural or seminatural vegetation,,,,,
L30,characteristic,75,Ahp,Parcours steppiques,76,77,1,2,LC_FloristicAspectsCharacteristic,lccs3_type,,,LC_FloristicAspect,,,,,
L30,characteristic,75,Ahp,Parcours steppiques,76,77,1,2,LC_FloristicAspectsCharacteristic,name,,,Floristic Aspect,,,,,
L30,characteristic,75,Ahp,Parcours steppiques,76,77,1,2,LC_FloristicAspectsCharacteristic,description,,,Describe the floristic aspect,,,,,
L30,characteristic,75,Ahp,Parcours steppiques,76,77,1,2,LC_FloristicAspectsCharacteristic,elements/LC_Characteristic[LC_FloristicAspectSpecies]/name,,,Floristic Aspect Species,,,,,
L30,characteristic,75,Ahp,Parcours steppiques,76,77,1,2,LC_FloristicAspectsCharacteristic,elements/LC_Characteristic[LC_FloristicAspectSpecies]/description,,,Describe the floristic aspect species,,,,,
L30,characteristic,75,Ahp,Parcours steppiques,76,77,1,2,LC_FloristicAspectsCharacteristic,elements/LC_Characteristic[LC_FloristicAspectSpecies]/species_name,,,"stipa, anthyllis, artemisia, rantherium, autres",,,,,
L30,class,7A,Oph,Oliviers à huile en pluvial,,,,,,class_name,,,Oliviers à huile en pluvial,,,,,
L30,class,7A,Oph,Oliviers à huile en pluvial,,,,,,class_description,,,"Oliviers à huile dont le développement est exclusivement assuré par les pluies. Les principales variétés qui peuvent être rencontrées: Chemlali, Chetoui, Jarboui, Chemchali, Oueslati, Sayali, Zalmati, Zarrazi, Koroneiki, Arbaquina, Arbozana, et autres variétés d'oliviers à huile.",,,,,
L30,class,7A,Oph,Oliviers à huile en pluvial,,,,,,class_map_code,,,Oph,,,,,
L30,class,7A,Oph,Oliviers à huile en pluvial,,,,,,uuid,,,5ba2c4b4-fa9f-11eb-8bb1-185680280055,,,,,
L30,hp,7A,Oph,Oliviers à huile en pluvial,7B,,,,,name,,,Horizontal Pattern 1,,,,,
L30,hp,7A,Oph,Oliviers à huile en pluvial,7B,,,,,description,,,Describe the horizontal pattern,,,,,
L30,stratum,7A,Oph,Oliviers à huile en pluvial,7B,7C,,,,name,,,Stratum 1,,,,,
L30,stratum,7A,Oph,Oliviers à huile en pluvial,7B,7C,,,,description,,,Vegetation 1,,,,,
L30,stratum,7A,Oph,Oliviers à huile en pluvial,7B,7C,,,,presence_type,,,Mandatory,,,,,
L30,stratum,7A,Oph,Oliviers à huile en pluvial,7B,7C,,,,@ontop,,,0,,,,,
L30,element,7A,Oph,Oliviers à huile en pluvial,7B,7C,1,,LC_Tree,lccs3_type,,,LC_Trees,,,,,
L30,element,7A,Oph,Oliviers à huile en pluvial,7B,7C,1,,LC_Tree,name,,,Trees,,,,,
L30,element,7A,Oph,Oliviers à huile en pluvial,7B,7C,1,,LC_Tree,description,,,Describe a vegetation element of trees type,,,,,
L30,element,7A,Oph,Oliviers à huile en pluvial,7B,7C,1,,LC_Tree,presence_type,,,Mandatory,,,,,
L30,characteristic,7A,Oph,Oliviers à huile en pluvial,7B,7C,1,1,LC_CultivatedAndManagedVegetationCharacteristics,lccs3_type,,,LC_CultivatedAndManagedVegetation,,,,,
L30,characteristic,7A,Oph,Oliviers à huile en pluvial,7B,7C,1,1,LC_CultivatedAndManagedVegetationCharacteristics,name,,,Cultivated And Managed Vegetation,,,,,
L30,characteristic,7A,Oph,Oliviers à huile en pluvial,7B,7C,1,1,LC_CultivatedAndManagedVegetationCharacteristics,description,,,Describe the cultivated and managed vegetation,,,,,
L30,characteristic,7A,Oph,Oliviers à huile en pluvial,7B,7C,1,1,LC_CultivatedAndManagedVegetationCharacteristics,elements/LC_Characteristic[LC_Rainfed]/name,,,Rainfed,,,,,
L30,characteristic,7A,Oph,Oliviers à huile en pluvial,7B,7C,1,1,LC_CultivatedAndManagedVegetationCharacteristics,elements/LC_Characteristic[LC_Rainfed]/description,,,Describe the rainfed,,,,,
L30,characteristic,7A,Oph,Oliviers à huile en pluvial,7B,7C,1,2,LC_FloristicAspectsCharacteristic,lccs3_type,,,LC_FloristicAspect,,,,,
L30,characteristic,7A,Oph,Oliviers à huile en pluvial,7B,7C,1,2,LC_FloristicAspectsCharacteristic,name,,,Floristic Aspect,,,,,
L30,characteristic,7A,Oph,Oliviers à huile en pluvial,7B,7C,1,2,LC_FloristicAspectsCharacteristic,description,,,Describe the floristic aspect,,,,,
L30,characteristic,7A,Oph,Oliviers à huile en pluvial,7B,7C,1,2,LC_FloristicAspectsCharacteristic,elements/LC_Characteristic[LC_FloristicAspectSpecies]/name,,,Floristic Aspect Species,,,,,
L30,characteristic,7A,Oph,Oliviers à huile en pluvial,7B,7C,1,2,LC_FloristicAspectsCharacteristic,elements/LC_Characteristic[LC_FloristicAspectSpecies]/description,,,Describe the floristic aspect species,,,,,
L30,characteristic,7A,Oph,Oliviers à huile en pluvial,7B,7C,1,2,LC_FloristicAspectsCharacteristic,elements/LC_Characteristic[LC_FloristicAspectSpecies]/species_name,,,Olive,,,,,
L30,class,82,Opi,Oliviers en pluvial et intercalaire,,,,,,class_name,,,Oliviers en pluvial et intercalaire,,,,,
L30,class,82,Opi,Oliviers en pluvial et intercalaire,,,,,,class_description,,,"Oliviers dont le développement est exclusivement assuré par les pluies, en intercalaire avec des cultures annuelles et/ou avec de l’arboriculture.",,,,,
L30,class,82,Opi,Oliviers en pluvial et intercalaire,,,,,,class_map_code,,,Opi,,,,,
L30,class,82,Opi,Oliviers en pluvial et intercalaire,,,,,,uuid,,,6882f8d4-fa9f-11eb-8bb1-185680280055,,,,,
L30,hp,82,Opi,Oliviers en pluvial et intercalaire,83,,,,,name,,,Horizontal Pattern 1,,,,,
L30,hp,82,Opi,Oliviers en pluvial et intercalaire,83,,,,,description,,,Describe the horizontal pattern,,,,,
L30,stratum,82,Opi,Oliviers en pluvial et intercalaire,83,84,,,,name,,,Stratum 1,,,,,
L30,stratum,82,Opi,Oliviers en pluvial et intercalaire,83,84,,,,description,,,Vegetation 1,,,,,
L30,stratum,82,Opi,Oliviers en pluvial et intercalaire,83,84,,,,presence_type,,,Mandatory,,,,,
L30,stratum,82,Opi,Oliviers en pluvial et intercalaire,83,84,,,,@ontop,,,0,,,,,
L30,element,82,Opi,Oliviers en pluvial et intercalaire,83,84,1,,LC_Tree,lccs3_type,,,LC_Trees,,,,,
L30,element,82,Opi,Oliviers en pluvial et intercalaire,83,84,1,,LC_Tree,name,,,Trees,,,,,
L30,element,82,Opi,Oliviers en pluvial et intercalaire,83,84,1,,LC_Tree,description,,,Describe a vegetation element of trees type,,,,,
L30,element,82,Opi,Oliviers en pluvial et intercalaire,83,84,1,,LC_Tree,presence_type,,,Mandatory,,,,,
L30,characteristic,82,Opi,Oliviers en pluvial et intercalaire,83,84,1,1,LC_CultivatedAndManagedVegetationCharacteristics,lccs3_type,,,LC_CultivatedAndManagedVegetation,,,,,
L30,characteristic,82,Opi,Oliviers en pluvial et intercalaire,83,84,1,1,LC_CultivatedAndManagedVegetationCharacteristics,name,,,Cultivated And Managed Vegetation,,,,,
L30,characteristic,82,Opi,Oliviers en pluvial et intercalaire,83,84,1,1,LC_CultivatedAndManagedVegetationCharacteristics,description,,,Describe the cultivated and managed vegetation,,,,,
L30,characteristic,82,Opi,Oliviers en pluvial et intercalaire,83,84,1,1,LC_CultivatedAndManagedVegetationCharacteristics,elements/LC_Characteristic[LC_Rainfed]/name,,,Rainfed,,,,,
L30,characteristic,82,Opi,Oliviers en pluvial et intercalaire,83,84,1,1,LC_CultivatedAndManagedVegetationCharacteristics,elements/LC_Characteristic[LC_Rainfed]/description,,,Describe the rainfed,,,,,
L30,characteristic,82,Opi,Oliviers en pluvial et intercalaire,83,84,1,2,LC_FloristicAspectsCharacteristic,lccs3_type,,,LC_FloristicAspect,,,,,
L30,characteristic,82,Opi,Oliviers en pluvial et intercalaire,83,84,1,2,LC_FloristicAspectsCharacteristic,name,,,Floristic Aspect,,,,,
L30,characteristic,82,Opi,Oliviers en pluvial et intercalaire,83,84,1,2,LC_FloristicAspectsCharacteristic,description,,,Describe the floristic aspect,,,,,
L30,characteristic,82,Opi,Oliviers en pluvial et intercalaire,83,84,1,2,LC_FloristicAspectsCharacteristic,elements/LC_Characteristic[LC_FloristicAspectSpecies]/name,,,Floristic Aspect Species,,,,,
L30,characteristic,82,Opi,Oliviers en pluvial et intercalaire,83,84,1,2,LC_FloristicAspectsCharacteristic,elements/LC_Characteristic[LC_FloristicAspectSpecies]/description,,,Describe the floristic aspect species,,,,,
L30,characteristic,82,Opi,Oliviers en pluvial et intercalaire,83,84,1,2,LC_FloristicAspectsCharacteristic,elements/LC_Characteristic[LC_FloristicAspectSpecies]/species_name,,,Olive,,,,,
L30,stratum,82,Opi,Oliviers en pluvial et intercalaire,83,8A,,,,name,,,Stratum 2,,,,,
L30,stratum,82,Opi,Oliviers en pluvial et intercalaire,83,8A,,,,description,,,Vegetation 2,,,,,
L30,stratum,82,Opi,Oliviers en pluvial et intercalaire,83,8A,,,,presence_type,,,Mandatory,,,,,
L30,stratum,82,Opi,Oliviers en pluvial et intercalaire,83,8A,,,,@ontop,,,0,,,,,
L30,element,82,Opi,Oliviers en pluvial et intercalaire,83,8A,1,,LC_Graminoid,lccs3_type,,,LC_Graminae,,,,,
L30,element,82,Opi,Oliviers en pluvial et intercalaire,83,8A,1,,LC_Graminoid,name,,,Graminae,,,,,
L30,element,82,Opi,Oliviers en pluvial et intercalaire,83,8A,1,,LC_Graminoid,description,,,Describe a vegetation element of graminae type,,,,,
L30,element,82,Opi,Oliviers en pluvial et intercalaire,83,8A,1,,LC_Graminoid,presence_type,,,Mandatory,,,,,
L30,characteristic,82,Opi,Oliviers en pluvial et intercalaire,83,8A,1,1,LC_CultivatedAndManagedVegetationCharacteristics,lccs3_type,,,LC_CultivatedAndManagedVegetation,,,,,
L30,characteristic,82,Opi,Oliviers en pluvial et intercalaire,83,8A,1,1,LC_CultivatedAndManagedVegetationCharacteristics,name,,,Cultivated And Managed Vegetation,,,,,
L30,characteristic,82,Opi,Oliviers en pluvial et intercalaire,83,8A,1,1,LC_CultivatedAndManagedVegetationCharacteristics,description,,,Describe the cultivated and managed vegetation,,,,,
L30,characteristic,82,Opi,Oliviers en pluvial et intercalaire,83,8A,1,1,LC_CultivatedAndManagedVegetationCharacteristics,elements/LC_Characteristic[LC_Rainfed]/name,,,Rainfed,,,,,
L30,characteristic,82,Opi,Oliviers en pluvial et intercalaire,83,8A,1,1,LC_CultivatedAndManagedVegetationCharacteristics,elements/LC_Characteristic[LC_Rainfed]/description,,,Describe the rainfed,,,,,
L30,characteristic,82,Opi,Oliviers en pluvial et intercalaire,83,8A,1,2,LC_FloristicAspectsCharacteristic,lccs3_type,,,LC_FloristicAspect,,,,,
L30,characteristic,82,Opi,Oliviers en pluvial et intercalaire,83,8A,1,2,LC_FloristicAspectsCharacteristic,name,,,Floristic Aspect,,,,,
L30,characteristic,82,Opi,Oliviers en pluvial et intercalaire,83,8A,1,2,LC_FloristicAspectsCharacteristic,description,,,Describe the floristic aspect,,,,,
L30,characteristic,82,Opi,Oliviers en pluvial et intercalaire,83,8A,1,2,LC_FloristicAspectsCharacteristic,elements/LC_Characteristic[LC_FloristicAspectSpecies]/name,,,Floristic Aspect Species,,,,,
L30,characteristic,82,Opi,Oliviers en pluvial et intercalaire,83,8A,1,2,LC_FloristicAspectsCharacteristic,elements/LC_Characteristic[LC_FloristicAspectSpecies]/description,,,Describe the floristic aspect species,,,,,
L30,characteristic,82,Opi,Oliviers en pluvial et intercalaire,83,8A,1,2,LC_FloristicAspectsCharacteristic,elements/LC_Characteristic[LC_FloristicAspectSpecies]/species_name,,,Wheat,,,,,
L30,class,90,Oih,Oliviers à huile en irrigue,,,,,,class_name,,,Oliviers à huile en irrigue,,,,,
L30,class,90,Oih,Oliviers à huile en irrigue,,,,,,class_description,,,"Oliviers à huile dont le développement est exclusivement assuré par l’irrigation. Les principales variétés qui peuvent être rencontrées : Meski Chemlali, Chetoui, Jarboui, Chemchali, Oueslati, Sayali, Zalmati, Zarrazi, Koroneiki, Arbaquina, Arbozana, et autres variétés d'oliviers à huile.",,,,,
L30,class,90,Oih,Oliviers à huile en irrigue,,,,,,class_map_code,,,Oih,,,,,
L30,class,90,Oih,Oliviers à huile en irrigue,,,,,,uuid,,,82ae30d4-fa9f-11eb-8bb1-185680280055,,,,,
L30,hp,90,Oih,Oliviers à huile en irrigue,91,,,,,name,,,Horizontal Pattern 1,,,,,
L30,hp,90,Oih,Oliviers à huile en irrigue,91,,,,,description,,,Describe the horizontal pattern,,,,,
L30,stratum,90,Oih,Oliviers à huile en irrigue,91,92,,,,name,,,Stratum 1,,,,,
L30,stratum,90,Oih,Oliviers à huile en irrigue,91,92,,,,description,,,Vegetation 1,,,,,
L30,stratum,90,Oih,Oliviers à huile en irrigue,91,92,,,,presence_type,,,Mandatory,,,,,
L30,stratum,90,Oih,Oliviers à huile en irrigue,91,92,,,,@ontop,,,0,,,,,
L30,element,90,Oih,Oliviers à huile en irrigue,91,92,1,,LC_Tree,lccs3_type,,,LC_Trees,,,,,
L30,element,90,Oih,Oliviers à huile en irrigue,91,92,1,,LC_Tree,name,,,Trees,,,,,
L30,element,90,Oih,Oliviers à huile en irrigue,91,92,1,,LC_Tree,description,,,Describe a vegetation element of trees type,,,,,
L30,element,90,Oih,Oliviers à huile en irrigue,91,92,1,,LC_Tree,presence_type,,,Mandatory,,,,,
L30,characteristic,90,Oih,Oliviers à huile en irrigue,91,92,1,1,LC_CultivatedAndManagedVegetationCharacteristics,lccs3_type,,,LC_CultivatedAndManagedVegetation,,,,,
L30,characteristic,90,Oih,Oliviers à huile en irrigue,91,92,1,1,LC_CultivatedAndManagedVegetationCharacteristics,name,,,Cultivated And Managed Vegetation,,,,,
L30,characteristic,90,Oih,Oliviers à huile en irrigue,91,92,1,1,LC_CultivatedAndManagedVegetationCharacteristics,description,,,Describe the cultivated and managed vegetation,,,,,
L30,characteristic,90,Oih,Oliviers à huile en irrigue,91,92,1,1,LC_CultivatedAndManagedVegetationCharacteristics,elements/LC_Characteristic[LC_Irrigation]/name,,,Irrigation,,,,,
L30,characteristic,90,Oih,Oliviers à huile en irrigue,91,92,1,1,LC_CultivatedAndManagedVegetationCharacteristics,elements/LC_Characteristic[LC_Irrigation]/description,,,Describe the irrigation,,,,,
L30,characteristic,90,Oih,Oliviers à huile en irrigue,91,92,1,2,LC_FloristicAspectsCharacteristic,lccs3_type,,,LC_FloristicAspect,,,,,
L30,characteristic,90,Oih,Oliviers à huile en irrigue,91,92,1,2,LC_FloristicAspectsCharacteristic,name,,,Floristic Aspect,,,,,
L30,characteristic,90,Oih,Oliviers à huile en irrigue,91,92,1,2,LC_FloristicAspectsCharacteristic,description,,,Describe the floristic aspect,,,,,
L30,characteristic,90,Oih,Oliviers à huile en irrigue,91,92,1,2,LC_FloristicAspectsCharacteristic,elements/LC_Characteristic[LC_FloristicAspectSpecies]/name,,,Floristic Aspect Species,,,,,
L30,characteristic,90,Oih,Oliviers à huile en irrigue,91,92,1,2,LC_FloristicAspectsCharacteristic,elements/LC_Characteristic[LC_FloristicAspectSpecies]/description,,,Describe the floristic aspect species,,,,,
L30,characteristic,90,Oih,Oliviers à huile en irrigue,91,92,1,2,LC_FloristicAspectsCharacteristic,elements/LC_Characteristic[LC_FloristicAspectSpecies]/species_name,,,Olive,,,,,
L30,class,A0,Fp,Arbres frutiers en pluvial,,,,,,class_name,,,Arbres frutiers en pluvial,,,,,
L30,class,A0,Fp,Arbres frutiers en pluvial,,,,,,class_description,,,"Parcelles cultivées plantées en pluvial d'arbres fruitiers et d'arbustes, destinées à la production de fruits. Le schéma de plantation peut être constitué d'espèces fruitières simples ou mixtes, toutes deux associées à des surfaces herbeuses permanentes.",,,,,
L30,class,A0,Fp,Arbres frutiers en pluvial,,,,,,class_map_code,,,Fp,,,,,
L30,class,A0,Fp,Arbres frutiers en pluvial,,,,,,uuid,,,99d94833-fa9f-11eb-8bb1-185680280055,,,,,
L30,hp,A0,Fp,Arbres frutiers en pluvial,A1,,,,,name,,,Horizontal Pattern 1,,,,,
L30,hp,A0,Fp,Arbres frutiers en pluvial,A1,,,,,description,,,Describe the horizontal pattern,,,,,
L30,stratum,A0,Fp,Arbres frutiers en pluvial,A1,A2,,,,name,,,Stratum 1,,,,,
L30,stratum,A0,Fp,Arbres frutiers en pluvial,A1,A2,,,,description,,,Vegetation 1,,,,,
L30,stratum,A0,Fp,Arbres frutiers en pluvial,A1,A2,,,,presence_type,,,Mandatory,,,,,
L30,stratum,A0,Fp,Arbres frutiers en pluvial,A1,A2,,,,@ontop,,,0,,,,,
L30,element,A0,Fp,Arbres frutiers en pluvial,A1,A2,1,,LC_Tree,lccs3_type,,,LC_Trees,,,,,
L30,element,A0,Fp,Arbres frutiers en pluvial,A1,A2,1,,LC_Tree,name,,,Trees,,,,,
L30,element,A0,Fp,Arbres frutiers en pluvial,A1,A2,1,,LC_Tree,description,,,Describe a vegetation element of trees type,,,,,
L30,element,A0,Fp,Arbres frutiers en pluvial,A1,A2,1,,LC_Tree,presence_type,,,Mandatory,,,,,
L30,characteristic,A0,Fp,Arbres frutiers en pluvial,A1,A2,1,1,LC_CultivatedAndManagedVegetationCharacteristics,lccs3_type,,,LC_CultivatedAndManagedVegetation,,,,,
L30,characteristic,A0,Fp,Arbres frutiers en pluvial,A1,A2,1,1,LC_CultivatedAndManagedVegetationCharacteristics,name,,,Cultivated And Managed Vegetation,,,,,
L30,characteristic,A0,Fp,Arbres frutiers en pluvial,A1,A2,1,1,LC_CultivatedAndManagedVegetationCharacteristics,description,,,Describe the cultivated and managed vegetation,,,,,
L30,characteristic,A0,Fp,Arbres frutiers en pluvial,A1,A2,1,1,LC_CultivatedAndManagedVegetationCharacteristics,elements/LC_Characteristic[LC_OrchardAndOtherPlantation]/name,,,Orchard And Other Plantation,,,,,
L30,characteristic,A0,Fp,Arbres frutiers en pluvial,A1,A2,1,1,LC_CultivatedAndManagedVegetationCharacteristics,elements/LC_Characteristic[LC_OrchardAndOtherPlantation]/description,,,Describe the orchard and other plantation,,,,,
L30,characteristic,A0,Fp,Arbres frutiers en pluvial,A1,A2,1,1,LC_CultivatedAndManagedVegetationCharacteristics,elements/LC_Characteristic[LC_Rainfed]/name,,,Rainfed,,,,,
L30,characteristic,A0,Fp,Arbres frutiers en pluvial,A1,A2,1,1,LC_CultivatedAndManagedVegetationCharacteristics,elements/LC_Characteristic[LC_Rainfed]/description,,,Describe the rainfed,,,,,
L30,class,A6,Oat,Oasis traditionnelle,,,,,,class_name,,,Oasis traditionnelle,,,,,
L30,class,A6,Oat,Oasis traditionnelle,,,,,,class_description,,,"Terres cultivées, isolées dans un désert, à proximité d’une source d’eau ou d’une nappe phréatique ou parfois sur le lit de rivières (palmiers dattiers).",,,,,
L30,class,A6,Oat,Oasis traditionnelle,,,,,,class_map_code,,,Oat,,,,,
L30,class,A6,Oat,Oasis traditionnelle,,,,,,uuid,,,99e248e3-fa9f-11eb-8bb1-185680280055,,,,,
L30,hp,A6,Oat,Oasis traditionnelle,A7,,,,,name,,,Horizontal Pattern 1,,,,,
L30,hp,A6,Oat,Oasis traditionnelle,A7,,,,,description,,,Describe the horizontal pattern,,,,,
L30,stratum,A6,Oat,Oasis traditionnelle,A7,A8,,,,name,,,Stratum 1,,,,,
L30,stratum,A6,Oat,Oasis traditionnelle,A7,A8,,,,description,,,Vegetation 1,,,,,
L30,stratum,A6,Oat,Oasis traditionnelle,A7,A8,,,,presence_type,,,Mandatory,,,,,
L30,stratum,A6,Oat,Oasis traditionnelle,A7,A8,,,,@ontop,,,0,,,,,
L30,element,A6,Oat,Oasis traditionnelle,A7,A8,1,,LC_Tree,lccs3_type,,,LC_Trees,,,,,
L30,element,A6,Oat,Oasis traditionnelle,A7,A8,1,,LC_Tree,name,,,Trees,,,,,
L30,element,A6,Oat,Oasis traditionnelle,A7,A8,1,,LC_Tree,description,,,Describe a vegetation element of trees type,,,,,
L30,element,A6,Oat,Oasis traditionnelle,A7,A8,1,,LC_Tree,presence_type,,,Mandatory,,,,,
L30,characteristic,A6,Oat,Oasis traditionnelle,A7,A8,1,1,LC_CultivatedAndManagedVegetationCharacteristics,lccs3_type,,,LC_CultivatedAndManagedVegetation,,,,,
L30,characteristic,A6,Oat,Oasis traditionnelle,A7,A8,1,1,LC_CultivatedAndManagedVegetationCharacteristics,name,,,Cultivated And Managed Vegetation,,,,,
L30,characteristic,A6,Oat,Oasis traditionnelle,A7,A8,1,1,LC_CultivatedAndManagedVegetationCharacteristics,description,,,Describe the cultivated and managed vegetation,,,,,
L30,characteristic,A6,Oat,Oasis traditionnelle,A7,A8,1,1,LC_CultivatedAndManagedVegetationCharacteristics,elements/LC_Characteristic[LC_Irrigation]/name,,,Irrigation,,,,,
L30,characteristic,A6,Oat,Oasis traditionnelle,A7,A8,1,1,LC_CultivatedAndManagedVegetationCharacteristics,elements/LC_Characteristic[LC_Irrigation]/description,,,Describe the irrigation,,,,,
L30,characteristic,A6,Oat,Oasis traditionnelle,A7,A8,1,1,LC_CultivatedAndManagedVegetationCharacteristics,elements/LC_Characteristic[LC_Irrigation]/irrigation_type,,,Surface,,,,,
L30,characteristic,A6,Oat,Oasis traditionnelle,A7,A8,1,2,LC_FloristicAspectsCharacteristic,lccs3_type,,,LC_FloristicAspect,,,,,
L30,characteristic,A6,Oat,Oasis traditionnelle,A7,A8,1,2,LC_FloristicAspectsCharacteristic,name,,,Floristic Aspect,,,,,
L30,characteristic,A6,Oat,Oasis traditionnelle,A7,A8,1,2,LC_FloristicAspectsCharacteristic,description,,,Describe the floristic aspect,,,,,
L30,characteristic,A6,Oat,Oasis traditionnelle,A7,A8,1,2,LC_FloristicAspectsCharacteristic,elements/LC_Characteristic[LC_FloristicAspectSpecies]/name,,,Floristic Aspect Species,,,,,
L30,characteristic,A6,Oat,Oasis traditionnelle,A7,A8,1,2,LC_FloristicAspectsCharacteristic,elements/LC_Characteristic[LC_FloristicAspectSpecies]/description,,,Describe the floristic aspect species,,,,,
L30,characteristic,A6,Oat,Oasis traditionnelle,A7,A8,1,2,LC_FloristicAspectsCharacteristic,elements/LC_Characteristic[LC_FloristicAspectSpecies]/species_name,,,Date Palm,,,,,
L30,stratum,A6,Oat,Oasis traditionnelle,A7,AE,,,,name,,,Stratum 2,,,,,
L30,stratum,A6,Oat,Oasis traditionnelle,A7,AE,,,,description,,,Vegetation 2,,,,,
L30,stratum,A6,Oat,Oasis traditionnelle,A7,AE,,,,presence_type,,,Optional,,,,,
L30,stratum,A6,Oat,Oasis traditionnelle,A7,AE,,,,@ontop,,,0,,,,,
L30,element,A6,Oat,Oasis traditionnelle,A7,AE,1,,LC_WoodyGrowthForm,lccs3_type,,,LC_WoodyGrowthForms,,,,,
L30,element,A6,Oat,Oasis traditionnelle,A7,AE,1,,LC_WoodyGrowthForm,name,,,Woody Growth Forms,,,,,
L30,element,A6,Oat,Oasis traditionnelle,A7,AE,1,,LC_WoodyGrowthForm,description,,,Describe a vegetation element of woody type,,,,,
L30,element,A6,Oat,Oasis traditionnelle,A7,AE,1,,LC_WoodyGrowthForm,presence_type,,,Mandatory,,,,,
L30,characteristic,A6,Oat,Oasis traditionnelle,A7,AE,1,1,LC_CultivatedAndManagedVegetationCharacteristics,lccs3_type,,,LC_CultivatedAndManagedVegetation,,,,,
L30,characteristic,A6,Oat,Oasis traditionnelle,A7,AE,1,1,LC_CultivatedAndManagedVegetationCharacteristics,name,,,Cultivated And Managed Vegetation,,,,,
L30,characteristic,A6,Oat,Oasis traditionnelle,A7,AE,1,1,LC_CultivatedAndManagedVegetationCharacteristics,description,,,Describe the cultivated and managed vegetation,,,,,
L30,characteristic,A6,Oat,Oasis traditionnelle,A7,AE,1,1,LC_CultivatedAndManagedVegetationCharacteristics,elements/LC_Characteristic[LC_OrchardAndOtherPlantation]/name,,,Orchard And Other Plantation,,,,,
L30,characteristic,A6,Oat,Oasis traditionnelle,A7,AE,1,1,LC_CultivatedAndManagedVegetationCharacteristics,elements/LC_Characteristic[LC_OrchardAndOtherPlantation]/description,,,Describe the orchard and other plantation,,,,,
L30,characteristic,A6,Oat,Oasis traditionnelle,A7,AE,1,1,LC_CultivatedAndManagedVegetationCharacteristics,elements/LC_Characteristic[LC_Irrigation]/name,,,Irrigation,,,,,
L30,characteristic,A6,Oat,Oasis traditionnelle,A7,AE,1,1,LC_CultivatedAndManagedVegetationCharacteristics,elements/LC_Characteristic[LC_Irrigation]/description,,,Describe the irrigation,,,,,
L30,characteristic,A6,Oat,Oasis traditionnelle,A7,AE,1,1,LC_CultivatedAndManagedVegetationCharacteristics,elements/LC_Characteristic[LC_Irrigation]/irrigation_type,,,Surface,,,,,
L30,stratum,A6,Oat,Oasis traditionnelle,A7,B3,,,,name,,,Stratum 3,,,,,
L30,stratum,A6,Oat,Oasis traditionnelle,A7,B3,,,,description,,,Vegetation 3,,,,,
L30,stratum,A6,Oat,Oasis traditionnelle,A7,B3,,,,presence_type,,,Mandatory,,,,,
L30,stratum,A6,Oat,Oasis traditionnelle,A7,B3,,,,@ontop,,,0,,,,,
L30,element,A6,Oat,Oasis traditionnelle,A7,B3,1,,LC_HerbaceousGrowthForm,lccs3_type,,,LC_HerbaceousGrowthForms,,,,,
L30,element,A6,Oat,Oasis traditionnelle,A7,B3,1,,LC_HerbaceousGrowthForm,name,,,Herbaceous growth forms,,,,,
L30,element,A6,Oat,Oasis traditionnelle,A7,B3,1,,LC_HerbaceousGrowthForm,description,,,Describe a vegetation element of herbaceous growth form type,,,,,
L30,element,A6,Oat,Oasis traditionnelle,A7,B3,1,,LC_HerbaceousGrowthForm,presence_type,,,Mandatory,,,,,
L30,characteristic,A6,Oat,Oasis traditionnelle,A7,B3,1,1,LC_CultivatedAndManagedVegetationCharacteristics,lccs3_type,,,LC_CultivatedAndManagedVegetation,,,,,
L30,characteristic,A6,Oat,Oasis traditionnelle,A7,B3,1,1,LC_CultivatedAndManagedVegetationCharacteristics,name,,,Cultivated And Managed Vegetation,,,,,
L30,characteristic,A6,Oat,Oasis traditionnelle,A7,B3,1,1,LC_CultivatedAndManagedVegetationCharacteristics,description,,,Describe the cultivated and managed vegetation,,,,,
L30,characteristic,A6,Oat,Oasis traditionnelle,A7,B3,1,1,LC_CultivatedAndManagedVegetationCharacteristics,elements/LC_Characteristic[LC_Irrigation]/name,,,Irrigation,,,,,
L30,characteristic,A6,Oat,Oasis traditionnelle,A7,B3,1,1,LC_CultivatedAndManagedVegetationCharacteristics,elements/LC_Characteristic[LC_Irrigation]/description,,,Describe the irrigation,,,,,
L30,characteristic,A6,Oat,Oasis traditionnelle,A7,B3,1,1,LC_CultivatedAndManagedVegetationCharacteristics,elements/LC_Characteristic[LC_Irrigation]/irrigation_type,,,Surface,,,,,
L30,class,B7,Oam,Oasis moderne,,,,,,class_name,,,Oasis moderne,,,,,
L30,class,B7,Oam,Oasis moderne,,,,,,class_description,,,"Terres cultivées, isolées dans un désert, à proximité d’une source d’eau ou d’une nappe phréatique ou parfois sur le lit de rivières (jeunes palmiers dattiers).",,,,,
L30,class,B7,Oam,Oasis moderne,,,,,,class_map_code,,,Oam,,,,,
L30,class,B7,Oam,Oasis moderne,,,,,,uuid,,,a9d932e4-fa9f-11eb-8bb1-185680280055,,,,,
L30,hp,B7,Oam,Oasis moderne,B8,,,,,name,,,Horizontal Pattern 1,,,,,
L30,hp,B7,Oam,Oasis moderne,B8,,,,,description,,,Describe the horizontal pattern,,,,,
L30,stratum,B7,Oam,Oasis moderne,B8,B9,,,,name,,,Stratum 1,,,,,
L30,stratum,B7,Oam,Oasis moderne,B8,B9,,,,description,,,Vegetation 1,,,,,
L30,stratum,B7,Oam,Oasis moderne,B8,B9,,,,presence_type,,,Mandatory,,,,,
L30,stratum,B7,Oam,Oasis moderne,B8,B9,,,,@ontop,,,0,,,,,
L30,element,B7,Oam,Oasis moderne,B8,B9,1,,LC_Tree,lccs3_type,,,LC_Trees,,,,,
L30,element,B7,Oam,Oasis moderne,B8,B9,1,,LC_Tree,name,,,Trees,,,,,
L30,element,B7,Oam,Oasis moderne,B8,B9,1,,LC_Tree,description,,,Describe a vegetation element of trees type,,,,,
L30,element,B7,Oam,Oasis moderne,B8,B9,1,,LC_Tree,presence_type,,,Mandatory,,,,,
L30,characteristic,B7,Oam,Oasis moderne,B8,B9,1,1,LC_CultivatedAndManagedVegetationCharacteristics,lccs3_type,,,LC_CultivatedAndManagedVegetation,,,,,
L30,characteristic,B7,Oam,Oasis moderne,B8,B9,1,1,LC_CultivatedAndManagedVegetationCharacteristics,name,,,Cultivated And Managed Vegetation,,,,,
L30,characteristic,B7,Oam,Oasis moderne,B8,B9,1,1,LC_CultivatedAndManagedVegetationCharacteristics,description,,,Describe the cultivated and managed vegetation,,,,,
L30,characteristic,B7,Oam,Oasis moderne,B8,B9,1,1,LC_CultivatedAndManagedVegetationCharacteristics,elements/LC_Characteristic[LC_Irrigation]/name,,,Irrigation,,,,,
L30,characteristic,B7,Oam,Oasis moderne,B8,B9,1,1,LC_CultivatedAndManagedVegetationCharacteristics,elements/LC_Characteristic[LC_Irrigation]/description,,,Describe the irrigation,,,,,
L30,characteristic,B7,Oam,Oasis moderne,B8,B9,1,1,LC_CultivatedAndManagedVegetationCharacteristics,elements/LC_Characteristic[LC_Irrigation]/irrigation_type,,,Surface,,,,,
L30,characteristic,B7,Oam,Oasis moderne,B8,B9,1,2,LC_FloristicAspectsCharacteristic,lccs3_type,,,LC_FloristicAspect,,,,,
L30,characteristic,B7,Oam,Oasis moderne,B8,B9,1,2,LC_FloristicAspectsCharacteristic,name,,,Floristic Aspect,,,,,
L30,characteristic,B7,Oam,Oasis moderne,B8,B9,1,2,LC_FloristicAspectsCharacteristic,description,,,Describe the floristic aspect,,,,,
L30,characteristic,B7,Oam,Oasis moderne,B8,B9,1,2,LC_FloristicAspectsCharacteristic,elements/LC_Characteristic[LC_FloristicAspectSpecies]/name,,,Floristic Aspect Species,,,,,
L30,characteristic,B7,Oam,Oasis moderne,B8,B9,1,2,LC_FloristicAspectsCharacteristic,elements/LC_Characteristic[LC_FloristicAspectSpecies]/description,,,Describe the floristic aspect species,,,,,
L30,characteristic,B7,Oam,Oasis moderne,B8,B9,1,2,LC_FloristicAspectsCharacteristic,elements/LC_Characteristic[LC_FloristicAspectSpecies]/species_name,,,Date Palm,,,,,
L30,class,BF,Cc,Cerealiculture,,,,,,class_name,,,Cerealiculture,,,,,
L30,class,BF,Cc,Cerealiculture,,,,,,class_description,,,"Culture saisonnière de graminées et à certaines plantes d'autres familles, cultivées pour leurs grains, dont le développement est exclusivement assuré par les pluies.",,,,,
L30,class,BF,Cc,Cerealiculture,,,,,,class_map_code,,,Cc,,,,,
L30,class,BF,Cc,Cerealiculture,,,,,,uuid,,,e48ecd03-fa9f-11eb-8bb1-185680280055,,,,,
L30,hp,BF,Cc,Cerealiculture,C0,,,,,name,,,Horizontal Pattern 1,,,,,
L30,hp,BF,Cc,Cerealiculture,C0,,,,,description,,,Describe the horizontal pattern,,,,,
L30,stratum,BF,Cc,Cerealiculture,C0,C1,,,,name,,,Stratum 1,,,,,
L30,stratum,BF,Cc,Cerealiculture,C0,C1,,,,description,,,Vegetation 1,,,,,
L30,stratum,BF,Cc,Cerealiculture,C0,C1,,,,presence_type,,,Mandatory,,,,,
L30,stratum,BF,Cc,Cerealiculture,C0,C1,,,,@ontop,,,0,,,,,
L30,element,BF,Cc,Cerealiculture,C0,C1,1,,LC_HerbaceousGrowthForm,lccs3_type,,,LC_HerbaceousGrowthForms,,,,,
L30,element,BF,Cc,Cerealiculture,C0,C1,1,,LC_HerbaceousGrowthForm,name,,,Herbaceous growth forms,,,,,
L30,element,BF,Cc,Cerealiculture,C0,C1,1,,LC_HerbaceousGrowthForm,description,,,Describe a vegetation element of herbaceous growth form type,,,,,
L30,element,BF,Cc,Cerealiculture,C0,C1,1,,LC_HerbaceousGrowthForm,presence_type,,,Mandatory,,,,,
L30,characteristic,BF,Cc,Cerealiculture,C0,C1,1,1,LC_CultivatedAndManagedVegetationCharacteristics,lccs3_type,,,LC_CultivatedAndManagedVegetation,,,,,
L30,characteristic,BF,Cc,Cerealiculture,C0,C1,1,1,LC_CultivatedAndManagedVegetationCharacteristics,name,,,Cultivated And Managed Vegetation,,,,,
L30,characteristic,BF,Cc,Cerealiculture,C0,C1,1,1,LC_CultivatedAndManagedVegetationCharacteristics,description,,,Describe the cultivated and managed vegetation,,,,,
L30,characteristic,BF,Cc,Cerealiculture,C0,C1,1,1,LC_CultivatedAndManagedVegetationCharacteristics,elements/LC_Characteristic[LC_Rainfed]/name,,,Rainfed,,,,,
L30,characteristic,BF,Cc,Cerealiculture,C0,C1,1,1,LC_CultivatedAndManagedVegetationCharacteristics,elements/LC_Characteristic[LC_Rainfed]/description,,,Describe the rainfed,,,,,
L30,class,C5,Mi,Cultues maraicheres,,,,,,class_name,,,Cultues maraicheres,,,,,
L30,class,C5,Mi,Cultues maraicheres,,,,,,class_description,,,Culture saisonnière dont le développement est assuré par un apport artificiel d’eau.,,,,,
L30,class,C5,Mi,Cultues maraicheres,,,,,,class_map_code,,,Mi,,,,,
L30,class,C5,Mi,Cultues maraicheres,,,,,,uuid,,,f014ef63-fa9f-11eb-8bb1-185680280055,,,,,
L30,hp,C5,Mi,Cultues maraicheres,C6,,,,,name,,,Horizontal Pattern 1,,,,,
L30,hp,C5,Mi,Cultues maraicheres,C6,,,,,description,,,Describe the horizontal pattern,,,,,
L30,stratum,C5,Mi,Cultues maraicheres,C6,C7,,,,name,,,Stratum 1,,,,,
L30,stratum,C5,Mi,Cultues maraicheres,C6,C7,,,,description,,,Vegetation 1,,,,,
L30,stratum,C5,Mi,Cultues maraicheres,C6,C7,,,,presence_type,,,Mandatory,,,,,
L30,stratum,C5,Mi,Cultues maraicheres,C6,C7,,,,@ontop,,,0,,,,,
L30,element,C5,Mi,Cultues maraicheres,C6,C7,1,,LC_HerbaceousGrowthForm,lccs3_type,,,LC_HerbaceousGrowthForms,,,,,
L30,element,C5,Mi,Cultues maraicheres,C6,C7,1,,LC_HerbaceousGrowthForm,name,,,Herbaceous growth forms,,,,,
L30,element,C5,Mi,Cultues maraicheres,C6,C7,1,,LC_HerbaceousGrowthForm,description,,,Describe a vegetation element of herbaceous growth form type,,,,,
L30,element,C5,Mi,Cultues maraicheres,C6,C7,1,,LC_HerbaceousGrowthForm,presence_type,,,Mandatory,,,,,
L30,characteristic,C5,Mi,Cultues maraicheres,C6,C7,1,1,LC_CultivatedAndManagedVegetationCharacteristics,lccs3_type,,,LC_CultivatedAndManagedVegetation,,,,,
L30,characteristic,C5,Mi,Cultues maraicheres,C6,C7,1,1,LC_CultivatedAndManagedVegetationCharacteristics,name,,,Cultivated And Managed Vegetation,,,,,
L30,characteristic,C5,Mi,Cultues maraicheres,C6,C7,1,1,LC_CultivatedAndManagedVegetationCharacteristics,description,,,Describe the cultivated and managed vegetation,,,,,
L30,characteristic,C5,Mi,Cultues maraicheres,C6,C7,1,1,LC_CultivatedAndManagedVegetationCharacteristics,elements/LC_Characteristic[LC_Irrigation]/name,,,Irrigation,,,,,
L30,characteristic,C5,Mi,Cultues maraicheres,C6,C7,1,1,LC_CultivatedAndManagedVegetationCharacteristics,elements/LC_Characteristic[LC_Irrigation]/description,,,Describe the irrigation,,,,,
L30,class,CB,J,Jachere,,,,,,class_name,,,Jachere,,,,,
L30,class,CB,J,Jachere,,,,,,class_description,,,Technique agricole dans laquelle les terres arables sont laissées sans semis pendant un ou plusieurs cycles végétatifs. L'objectif de la jachère est de permettre à la terre de récupérer et de stocker de la matière organique tout en retenant l'humidité et en perturbant les cycles de vie des agents pathogènes en éliminant temporairement leurs hôtes.,,,,,
L30,class,CB,J,Jachere,,,,,,class_map_code,,,J,,,,,
L30,class,CB,J,Jachere,,,,,,uuid,,,fc76a4b3-fa9f-11eb-8bb1-185680280055,,,,,
L30,hp,CB,J,Jachere,CC,,,,,name,,,Horizontal Pattern 1,,,,,
L30,hp,CB,J,Jachere,CC,,,,,description,,,Describe the horizontal pattern,,,,,
L30,stratum,CB,J,Jachere,CC,CD,,,,name,,,Stratum 1,,,,,
L30,stratum,CB,J,Jachere,CC,CD,,,,description,,,Sequential temporal relationship 1,,,,,
L30,stratum,CB,J,Jachere,CC,CD,,,,presence_type,,,Mandatory,,,,,
L30,stratum,CB,J,Jachere,CC,CD,,,,@ontop,,,0,,,,,
L30,element,CB,J,Jachere,CC,CD,1,,LC_HerbaceousGrowthForm,lccs3_type,,,LC_HerbaceousGrowthForms,,,,,
L30,element,CB,J,Jachere,CC,CD,1,,LC_HerbaceousGrowthForm,name,,,Herbaceous growth forms,,,,,
L30,element,CB,J,Jachere,CC,CD,1,,LC_HerbaceousGrowthForm,description,,,Describe a vegetation element of herbaceous growth form type,,,,,
L30,element,CB,J,Jachere,CC,CD,1,,LC_HerbaceousGrowthForm,sequential_temporal_relationship/type,,,Sequential Other Year,,,,,
L30,element,CB,J,Jachere,CC,CD,1,,LC_HerbaceousGrowthForm,sequential_temporal_relationship/length,1.0,2.0,,,,,,
L30,element,CB,J,Jachere,CC,CD,1,,LC_HerbaceousGrowthForm,presence_type,,,Temporal Sequence Depending,,,,,
L30,characteristic,CB,J,Jachere,CC,CD,1,1,LC_VegetationArtificialityCharacteristic,lccs3_type,,,LC_NaturalOrSeminaturalVegetation,,,,,value: Natural or Seminatural
L30,characteristic,CB,J,Jachere,CC,CD,1,1,LC_VegetationArtificialityCharacteristic,name,,,Natural Or Seminatural Vegetation,,,,,
L30,characteristic,CB,J,Jachere,CC,CD,1,1,LC_VegetationArtificialityCharacteristic,description,,,Describe the natural or seminatural vegetation,,,,,
L30,element,CB,J,Jachere,CC,CD,2,,LC_HerbaceousGrowthForm,lccs3_type,,,LC_HerbaceousGrowthForms,,,,,
L30,element,CB,J,Jachere,CC,CD,2,,LC_HerbaceousGrowthForm,name,,,Herbaceous growth forms,,,,,
L30,element,CB,J,Jachere,CC,CD,2,,LC_HerbaceousGrowthForm,description,,,Describe a vegetation element of herbaceous growth form type,,,,,
L30,element,CB,J,Jachere,CC,CD,2,,LC_HerbaceousGrowthForm,sequential_temporal_relationship/type,,,Sequential Other Year,,,,,
L30,element,CB,J,Jachere,CC,CD,2,,LC_HerbaceousGrowthForm,sequential_temporal_relationship/length,1.0,2.0,,,,,,
L30,element,CB,J,Jachere,CC,CD,2,,LC_HerbaceousGrowthForm,presence_type,,,Temporal Sequence Depending,,,,,
L30,characteristic,CB,J,Jachere,CC,CD,2,1,LC_CultivatedAndManagedVegetationCharacteristics,lccs3_type,,,LC_CultivatedAndManagedVegetation,,,,,
L30,characteristic,CB,J,Jachere,CC,CD,2,1,LC_CultivatedAndManagedVegetationCharacteristics,name,,,Cultivated And Managed Vegetation,,,,,
L30,characteristic,CB,J,Jachere,CC,CD,2,1,LC_CultivatedAndManagedVegetationCharacteristics,description,,,Describe the cultivated and managed vegetation,,,,,
L30,class,F1,Sbl,Sebkha littoral,,,,,,class_name,,,Sebkha littoral,,,,,
L30,class,F1,Sbl,Sebkha littoral,,,,,,class_description,,,"Large étendue d’eau salée entourée de terres, située à proximité du littoral, exploitées pour l'extraction du sel de l'eau salée par évaporation, actives ou en voie d'abandon.",,,,,
L30,class,F1,Sbl,Sebkha littoral,,,,,,class_map_code,,,Sbl,,,,,
L30,class,F1,Sbl,Sebkha littoral,,,,,,uuid,,,8ab7cb13-faa9-11eb-ab6d-185680280055,,,,,
L30,class_char,F1,Sbl,Sebkha littoral,,,,1,LC_GeographicalAspects,name,,,Geographical Aspects,,,,,
L30,class_char,F1,Sbl,Sebkha littoral,,,,1,LC_GeographicalAspects,description,,,Describe the geographical aspects,,,,,
L30,class_char,F1,Sbl,Sebkha littoral,,,,1,LC_GeographicalAspects,type,,,Coastal areas,,,,,
L30,hp,F1,Sbl,Sebkha littoral,F3,,,,,name,,,Horizontal Pattern 1,,,,,
L30,hp,F1,Sbl,Sebkha littoral,F3,,,,,description,,,Describe the horizontal pattern,,,,,
L30,stratum,F1,Sbl,Sebkha littoral,F3,F4,,,,name,,,Stratum 1,,,,,
L30,stratum,F1,Sbl,Sebkha littoral,F3,F4,,,,description,,,Abiotic surface 1,,,,,
L30,stratum,F1,Sbl,Sebkha littoral,F3,F4,,,,presence_type,,,Mandatory,,,,,
L30,stratum,F1,Sbl,Sebkha littoral,F3,F4,,,,@ontop,,,0,,,,,
L30,element,F1,Sbl,Sebkha littoral,F3,F4,1,,LC_InorganicDeposits,lccs3_type,,,LC_InorganicDeposits,,,,,
L30,element,F1,Sbl,Sebkha littoral,F3,F4,1,,LC_InorganicDeposits,name,,,Inorganic Deposits,,,,,
L30,element,F1,Sbl,Sebkha littoral,F3,F4,1,,LC_InorganicDeposits,description,,,Describe deposits of inorganic elements,,,,,
L30,element,F1,Sbl,Sebkha littoral,F3,F4,1,,LC_InorganicDeposits,presence_type,,,Exclusive,,,,,
L30,element,F1,Sbl,Sebkha littoral,F3,F4,1,,LC_InorganicDeposits,type,,,Salt Flat,,,,,
L30,element,F1,Sbl,Sebkha littoral,F3,F4,2,,LC_BareSoil,lccs3_type,,,LC_BareSoil,,,,,
L30,element,F1,Sbl,Sebkha littoral,F3,F4,2,,LC_BareSoil,name,,,Bare Soil,,,,,
L30,element,F1,Sbl,Sebkha littoral,F3,F4,2,,LC_BareSoil,description,,,Describe a bare soil surface type,,,,,
L30,element,F1,Sbl,Sebkha littoral,F3,F4,2,,LC_BareSoil,presence_type,,,Exclusive,,,,,
L30,element,F1,Sbl,Sebkha littoral,F3,F4,3,,LC_LooseAndShiftingSand,lccs3_type,,,LC_LooseAndShiftingSand,,,,,
L30,element,F1,Sbl,Sebkha littoral,F3,F4,3,,LC_LooseAndShiftingSand,name,,,Loose and Shifting Sand,,,,,
L30,element,F1,Sbl,Sebkha littoral,F3,F4,3,,LC_LooseAndShiftingSand,description,,,Describe a loose and shifting sand surface element,,,,,
L30,element,F1,Sbl,Sebkha littoral,F3,F4,3,,LC_LooseAndShiftingSand,presence_type,,,Exclusive,,,,,
L30,stratum,F1,Sbl,Sebkha littoral,F3,F8,,,,name,,,Stratum 2,,,,,
L30,stratum,F1,Sbl,Sebkha littoral,F3,F8,,,,description,,,Abiotic surface 2,,,,,
L30,stratum,F1,Sbl,Sebkha littoral,F3,F8,,,,presence_type,,,Mandatory,,,,,
L30,stratum,F1,Sbl,Sebkha littoral,F3,F8,,,,@ontop,,,0,,,,,
L30,element,F1,Sbl,Sebkha littoral,F3,F8,1,,LC_WaterBody,lccs3_type,,,LC_WaterBody,,,,,
L30,element,F1,Sbl,Sebkha littoral,F3,F8,1,,LC_WaterBody,name,,,Water Body,,,,,
L30,element,F1,Sbl,Sebkha littoral,F3,F8,1,,LC_WaterBody,description,,,Describe a water body surface element,,,,,
L30,element,F1,Sbl,Sebkha littoral,F3,F8,1,,LC_WaterBody,presence_type,,,Mandatory,,,,,
L30,element,F1,Sbl,Sebkha littoral,F3,F8,1,,LC_WaterBody,periodic_variation[LC_PeriodicVariations]/name,,,Periodic Variations,,,,,
L30,element,F1,Sbl,Sebkha littoral,F3,F8,1,,LC_WaterBody,periodic_variation[LC_PeriodicVariations]/description,,,Contains the elements of Periodic Variation,,,,,
L30,element,F1,Sbl,Sebkha littoral,F3,F8,1,,LC_WaterBody,periodic_variation[LC_PeriodicVariations]/elements/LC_PeriodicVariation[LC_PeriodicVariation]/name,,,Periodic Variation,,,,,
L30,element,F1,Sbl,Sebkha littoral,F3,F8,1,,LC_WaterBody,periodic_variation[LC_PeriodicVariations]/elements/LC_PeriodicVariation[LC_PeriodicVariation]/description,,,Describe a periodic variation element,,,,,
L30,element,F1,Sbl,Sebkha littoral,F3,F8,1,,LC_WaterBody,periodic_variation[LC_PeriodicVariations]/elements/LC_PeriodicVariation[LC_PeriodicVariation]/persistence_units,,,Months,,,,,
L30,element,F1,Sbl,Sebkha littoral,F3,F8,1,,LC_WaterBody,dynamics,,,Standing,,,,,
L30,characteristic,F1,Sbl,Sebkha littoral,F3,F8,1,1,LC_ArtificialityCharacteristic,lccs3_type,,,LC_Artificiality,,,,,
L30,characteristic,F1,Sbl,Sebkha littoral,F3,F8,1,1,LC_ArtificialityCharacteristic,name,,,Artificiality,,,,,
L30,characteristic,F1,Sbl,Sebkha littoral,F3,F8,1,1,LC_ArtificialityCharacteristic,description,,,Describe the artificiality characteristic,,,,,
L30,characteristic,F1,Sbl,Sebkha littoral,F3,F8,1,1,LC_ArtificialityCharacteristic,type,,,Natural,,,,,
L30,characteristic,F1,Sbl,Sebkha littoral,F3,F8,1,2,LC_WaterSalinityCharacteristic,lccs3_type,,,LC_WaterSalinity,,,,,
L30,characteristic,F1,Sbl,Sebkha littoral,F3,F8,1,2,LC_WaterSalinityCharacteristic,name,,,Water Salinity,,,,,
L30,characteristic,F1,Sbl,Sebkha littoral,F3,F8,1,2,LC_WaterSalinityCharacteristic,description,,,Describe the water salinity characteristic,,,,,
L30,characteristic,F1,Sbl,Sebkha littoral,F3,F8,1,2,LC_WaterSalinityCharacteristic,type,,,Brackish,,,,,
L30,class,10C,Sn,Sol nu,,,,,,class_name,,,Sol nu,,,,,
L30,class,10C,Sn,Sol nu,,,,,,class_description,,,Zone nue non végétalisée (sol) avec moins de 10 pour cent de végétation.,,,,,
L30,class,10C,Sn,Sol nu,,,,,,class_map_code,,,Sn,,,,,
L30,class,10C,Sn,Sol nu,,,,,,uuid,,,badcc663-faa9-11eb-ab6d-185680280055,,,,,
L30,hp,10C,Sn,Sol nu,10D,,,,,name,,,Horizontal Pattern 1,,,,,
L30,hp,10C,Sn,Sol nu,10D,,,,,description,,,Describe the horizontal pattern,,,,,
L30,stratum,10C,Sn,Sol nu,10D,10E,,,,name,,,Stratum 1,,,,,
L30,stratum,10C,Sn,Sol nu,10D,10E,,,,description,,,Abiotic surface 1,,,,,
L30,stratum,10C,Sn,Sol nu,10D,10E,,,,presence_type,,,Mandatory,,,,,
L30,stratum,10C,Sn,Sol nu,10D,10E,,,,@ontop,,,0,,,,,
L30,element,10C,Sn,Sol nu,10D,10E,1,,LC_BareRock,lccs3_type,,,LC_BareRocks,,,,,
L30,element,10C,Sn,Sol nu,10D,10E,1,,LC_BareRock,name,,,Bare Rocks,,,,,
L30,element,10C,Sn,Sol nu,10D,10E,1,,LC_BareRock,description,,,Describe bare rocks surface element,,,,,
L30,element,10C,Sn,Sol nu,10D,10E,1,,LC_BareRock,presence_type,,,Exclusive,,,,,
L30,element,10C,Sn,Sol nu,10D,10E,2,,LC_CoarseMineralFragments,lccs3_type,,,LC_CoarseMineralFragments,,,,,
L30,element,10C,Sn,Sol nu,10D,10E,2,,LC_CoarseMineralFragments,name,,,Coarse Mineral Fragments,,,,,
L30,element,10C,Sn,Sol nu,10D,10E,2,,LC_CoarseMineralFragments,description,,,Describe coarse mineral fragments surface element,,,,,
L30,element,10C,Sn,Sol nu,10D,10E,2,,LC_CoarseMineralFragments,presence_type,,,Exclusive,,,,,
L30,element,10C,Sn,Sol nu,10D,10E,3,,LC_BareSoil,lccs3_type,,,LC_BareSoil,,,,,
L30,element,10C,Sn,Sol nu,10D,10E,3,,LC_BareSoil,name,,,Bare Soil,,,,,
L30,element,10C,Sn,Sol nu,10D,10E,3,,LC_BareSoil,description,,,Describe a bare soil surface type,,,,,
L30,element,10C,Sn,Sol nu,10D,10E,3,,LC_BareSoil,presence_type,,,Exclusive,,,,,
L30,class,112,Pg,Plage,,,,,,class_name,,,Plage,,,,,
L30,class,112,Pg,Plage,,,,,,class_description,,,"Etendue naturelle de sable, sans végétation, dans des endroits côtiers. La végétation couvre au maximum 10 pour cent.",,,,,
L30,class,112,Pg,Plage,,,,,,class_map_code,,,Pg,,,,,
L30,class,112,Pg,Plage,,,,,,uuid,,,d7de9e03-faa9-11eb-ab6d-185680280055,,,,,
L30,hp,112,Pg,Plage,113,,,,,name,,,Horizontal Pattern 1,,,,,
L30,hp,112,Pg,Plage,113,,,,,description,,,Describe the horizontal pattern,,,,,
L30,stratum,112,Pg,Plage,113,114,,,,name,,,Stratum 1,,,,,
L30,stratum,112,Pg,Plage,113,114,,,,description,,,Abiotic surface 1,,,,,
L30,stratum,112,Pg,Plage,113,114,,,,presence_type,,,Mandatory,,,,,
L30,stratum,112,Pg,Plage,113,114,,,,@ontop,,,0,,,,,
L30,element,112,Pg,Plage,113,114,1,,LC_LooseAndShiftingSand,lccs3_type,,,LC_LooseAndShiftingSand,,,,,
L30,element,112,Pg,Plage,113,114,1,,LC_LooseAndShiftingSand,name,,,Loose and Shifting Sand,,,,,
L30,element,112,Pg,Plage,113,114,1,,LC_LooseAndShiftingSand,description,,,Describe a loose and shifting sand surface element,,,,,
L30,element,112,Pg,Plage,113,114,1,,LC_LooseAndShiftingSand,presence_type,,,Mandatory,,,,,
L30,characteristic,112,Pg,Plage,113,114,1,1,LC_UserDefinedElementCharacteristic,lccs3_type,,,LC_UserDefinedElementCharacteristic,,,,,no LChS equivalent; kept as-is
L30,characteristic,112,Pg,Plage,113,114,1,1,LC_UserDefinedElementCharacteristic,name,,,beach,,,,,
L30,characteristic,112,Pg,Plage,113,114,1,1,LC_UserDefinedElementCharacteristic,description,,,Describe the user characteristic structure,,,,,
L30,characteristic,112,Pg,Plage,113,114,1,1,LC_UserDefinedElementCharacteristic,userid,,,uds_8dd7bcd0-1911-11e1-bf1f-68b599f556ee,,,,,
L30,class,FC,Ch,Chott,,,,,,class_name,,,Chott,,,,,
L30,class,FC,Ch,Chott,,,,,,class_description,,,Grand lac salé endoréique dans le sud de la Tunisie.,,,,,
L30,class,FC,Ch,Chott,,,,,,class_map_code,,,Ch,,,,,
L30,class,FC,Ch,Chott,,,,,,uuid,,,8abea8e3-faa9-11eb-ab6d-185680280055,,,,,
L30,hp,FC,Ch,Chott,FD,,,,,name,,,Horizontal Pattern 1,,,,,
L30,hp,FC,Ch,Chott,FD,,,,,description,,,Describe the horizontal pattern,,,,,
L30,stratum,FC,Ch,Chott,FD,FE,,,,name,,,Stratum 1,,,,,
L30,stratum,FC,Ch,Chott,FD,FE,,,,description,,,Abiotic surface 1,,,,,
L30,stratum,FC,Ch,Chott,FD,FE,,,,presence_type,,,Mandatory,,,,,
L30,stratum,FC,Ch,Chott,FD,FE,,,,@ontop,,,0,,,,,
L30,element,FC,Ch,Chott,FD,FE,1,,LC_InorganicDeposits,lccs3_type,,,LC_InorganicDeposits,,,,,
L30,element,FC,Ch,Chott,FD,FE,1,,LC_InorganicDeposits,name,,,Inorganic Deposits,,,,,
L30,element,FC,Ch,Chott,FD,FE,1,,LC_InorganicDeposits,description,,,Describe deposits of inorganic elements,,,,,
L30,element,FC,Ch,Chott,FD,FE,1,,LC_InorganicDeposits,presence_type,,,Mandatory,,,,,
L30,element,FC,Ch,Chott,FD,FE,1,,LC_InorganicDeposits,type,,,Salt Flat,,,,,
L30,stratum,FC,Ch,Chott,FD,100,,,,name,,,Stratum 2,,,,,
L30,stratum,FC,Ch,Chott,FD,100,,,,description,,,Abiotic surface 2,,,,,
L30,stratum,FC,Ch,Chott,FD,100,,,,presence_type,,,Mandatory,,,,,
L30,stratum,FC,Ch,Chott,FD,100,,,,@ontop,,,0,,,,,
L30,element,FC,Ch,Chott,FD,100,1,,LC_WaterBody,lccs3_type,,,LC_WaterBody,,,,,
L30,element,FC,Ch,Chott,FD,100,1,,LC_WaterBody,name,,,Water Body,,,,,
L30,element,FC,Ch,Chott,FD,100,1,,LC_WaterBody,description,,,Describe a water body surface element,,,,,
L30,element,FC,Ch,Chott,FD,100,1,,LC_WaterBody,presence_type,,,Mandatory,,,,,
L30,element,FC,Ch,Chott,FD,100,1,,LC_WaterBody,periodic_variation[LC_PeriodicVariations]/name,,,Periodic Variations,,,,,
L30,element,FC,Ch,Chott,FD,100,1,,LC_WaterBody,periodic_variation[LC_PeriodicVariations]/description,,,Contains the elements of Periodic Variation,,,,,
L30,element,FC,Ch,Chott,FD,100,1,,LC_WaterBody,periodic_variation[LC_PeriodicVariations]/elements/LC_PeriodicVariation[LC_PeriodicVariation]/name,,,Periodic Variation,,,,,
L30,element,FC,Ch,Chott,FD,100,1,,LC_WaterBody,periodic_variation[LC_PeriodicVariations]/elements/LC_PeriodicVariation[LC_PeriodicVariation]/description,,,Describe a periodic variation element,,,,,
L30,element,FC,Ch,Chott,FD,100,1,,LC_WaterBody,periodic_variation[LC_PeriodicVariations]/elements/LC_PeriodicVariation[LC_PeriodicVariation]/persistence_units,,,Hours,,,,,
L30,element,FC,Ch,Chott,FD,100,1,,LC_WaterBody,periodic_variation[LC_PeriodicVariations]/elements/LC_PeriodicVariation[LC_PeriodicVariation]/persistence_period,1.0,1.0,,,,,,
L30,characteristic,FC,Ch,Chott,FD,100,1,1,LC_ArtificialityCharacteristic,lccs3_type,,,LC_Artificiality,,,,,
L30,characteristic,FC,Ch,Chott,FD,100,1,1,LC_ArtificialityCharacteristic,name,,,Artificiality,,,,,
L30,characteristic,FC,Ch,Chott,FD,100,1,1,LC_ArtificialityCharacteristic,description,,,Describe the artificiality characteristic,,,,,
L30,characteristic,FC,Ch,Chott,FD,100,1,1,LC_ArtificialityCharacteristic,type,,,Natural,,,,,
L30,characteristic,FC,Ch,Chott,FD,100,1,2,LC_WaterSalinityCharacteristic,lccs3_type,,,LC_WaterSalinity,,,,,
L30,characteristic,FC,Ch,Chott,FD,100,1,2,LC_WaterSalinityCharacteristic,name,,,Water Salinity,,,,,
L30,characteristic,FC,Ch,Chott,FD,100,1,2,LC_WaterSalinityCharacteristic,description,,,Describe the water salinity characteristic,,,,,
L30,characteristic,FC,Ch,Chott,FD,100,1,2,LC_WaterSalinityCharacteristic,type,,,Saline,,,,,
L30,class,117,E,Erg,,,,,,class_name,,,Erg,,,,,
L30,class,117,E,Erg,,,,,,class_description,,,"Etendues naturelles de sable, non végétalisées, dans des endroits continentaux. La végétation couvre au maximum 10 pour cent. On retrouve des dunes Longitudinales, paraboliques, ou barkhanes.",,,,,
L30,class,117,E,Erg,,,,,,class_map_code,,,E,,,,,
L30,class,117,E,Erg,,,,,,uuid,,,0a869ab3-faaa-11eb-ab6d-185680280055,,,,,
L30,class_char,117,E,Erg,,,,1,LC_GeographicalAspects,name,,,Geographical Aspects,,,,,
L30,class_char,117,E,Erg,,,,1,LC_GeographicalAspects,description,,,Describe the geographical aspects,,,,,
L30,class_char,117,E,Erg,,,,1,LC_GeographicalAspects,type,,,Desert areas,,,,,
L30,hp,117,E,Erg,119,,,,,name,,,Horizontal Pattern 1,,,,,
L30,hp,117,E,Erg,119,,,,,description,,,Describe the horizontal pattern,,,,,
L30,stratum,117,E,Erg,119,11A,,,,name,,,Stratum 1,,,,,
L30,stratum,117,E,Erg,119,11A,,,,description,,,Abiotic surface 1,,,,,
L30,stratum,117,E,Erg,119,11A,,,,presence_type,,,Mandatory,,,,,
L30,stratum,117,E,Erg,119,11A,,,,@ontop,,,0,,,,,
L30,element,117,E,Erg,119,11A,1,,LC_Dune,lccs3_type,,,LC_Dune,,,,,
L30,element,117,E,Erg,119,11A,1,,LC_Dune,name,,,Dune,,,,,
L30,element,117,E,Erg,119,11A,1,,LC_Dune,description,,,Describe a dune surface element,,,,,
L30,element,117,E,Erg,119,11A,1,,LC_Dune,presence_type,,,Mandatory,,,,,
L30,class,11C,Zu,Zone urbaine,,,,,,class_name,,,Zone urbaine,,,,,
L30,class,11C,Zu,Zone urbaine,,,,,,class_description,,,"Appelée aussi espace urbain, c’est un établissement humain à forte densité de population comportant une infrastructure d'environnement bâti. Les zones urbaines sont créées par urbanisation et sont classées par morphologie urbaine en tant que villes, cités, agglomérations ou banlieues.",,,,,
L30,class,11C,Zu,Zone urbaine,,,,,,class_map_code,,,Zu,,,,,
L30,class,11C,Zu,Zone urbaine,,,,,,uuid,,,5b5f03f3-faaa-11eb-ab6d-185680280055,,,,,
L30,hp,11C,Zu,Zone urbaine,11D,,,,,name,,,Horizontal Pattern 1,,,,,
L30,hp,11C,Zu,Zone urbaine,11D,,,,,description,,,Describe the horizontal pattern,,,,,
L30,stratum,11C,Zu,Zone urbaine,11D,11E,,,,name,,,Stratum 1,,,,,
L30,stratum,11C,Zu,Zone urbaine,11D,11E,,,,description,,,Abiotic surface 1,,,,,
L30,stratum,11C,Zu,Zone urbaine,11D,11E,,,,presence_type,,,Mandatory,,,,,
L30,stratum,11C,Zu,Zone urbaine,11D,11E,,,,@ontop,,,0,,,,,
L30,element,11C,Zu,Zone urbaine,11D,11E,1,,LC_Building,lccs3_type,,,LC_Building,,,,,
L30,element,11C,Zu,Zone urbaine,11D,11E,1,,LC_Building,name,,,Building,,,,,
L30,element,11C,Zu,Zone urbaine,11D,11E,1,,LC_Building,description,,,Describe a building element,,,,,
L30,element,11C,Zu,Zone urbaine,11D,11E,1,,LC_Building,presence_type,,,Mandatory,,,,,
L30,class,120,Zr,Zone rurale,,,,,,class_name,,,Zone rurale,,,,,
L30,class,120,Zr,Zone rurale,,,,,,class_description,,,Zones d'habitat à caractère rural.,,,,,
L30,class,120,Zr,Zone rurale,,,,,,class_map_code,,,Zr,,,,,
L30,class,120,Zr,Zone rurale,,,,,,uuid,,,5b6349b9-faaa-11eb-ab6d-185680280055,,,,,
L30,hp,120,Zr,Zone rurale,121,,,,,name,,,Horizontal Pattern 1,,,,,
L30,hp,120,Zr,Zone rurale,121,,,,,description,,,Describe the horizontal pattern,,,,,
L30,stratum,120,Zr,Zone rurale,121,122,,,,name,,,Stratum 1,,,,,
L30,stratum,120,Zr,Zone rurale,121,122,,,,description,,,Abiotic surface 1,,,,,
L30,stratum,120,Zr,Zone rurale,121,122,,,,presence_type,,,Mandatory,,,,,
L30,stratum,120,Zr,Zone rurale,121,122,,,,@ontop,,,0,,,,,
L30,element,120,Zr,Zone rurale,121,122,1,,LC_Building,lccs3_type,,,LC_Building,,,,,
L30,element,120,Zr,Zone rurale,121,122,1,,LC_Building,name,,,Building,,,,,
L30,element,120,Zr,Zone rurale,121,122,1,,LC_Building,description,,,Describe a building element,,,,,
L30,element,120,Zr,Zone rurale,121,122,1,,LC_Building,presence_type,,,Mandatory,,,,,
L30,class,124,Zi,Zone industrielle,,,,,,class_name,,,Zone industrielle,,,,,
L30,class,124,Zi,Zone industrielle,,,,,,class_description,,,Zone d'activité prévue pour un usage industriel.,,,,,
L30,class,124,Zi,Zone industrielle,,,,,,class_map_code,,,Zi,,,,,
L30,class,124,Zi,Zone industrielle,,,,,,uuid,,,5b67b685-faaa-11eb-ab6d-185680280055,,,,,
L30,hp,124,Zi,Zone industrielle,125,,,,,name,,,Horizontal Pattern 1,,,,,
L30,hp,124,Zi,Zone industrielle,125,,,,,description,,,Describe the horizontal pattern,,,,,
L30,stratum,124,Zi,Zone industrielle,125,126,,,,name,,,Stratum 1,,,,,
L30,stratum,124,Zi,Zone industrielle,125,126,,,,description,,,Abiotic surface 1,,,,,
L30,stratum,124,Zi,Zone industrielle,125,126,,,,presence_type,,,Mandatory,,,,,
L30,stratum,124,Zi,Zone industrielle,125,126,,,,@ontop,,,0,,,,,
L30,element,124,Zi,Zone industrielle,125,126,1,,LC_NonLinearSurface,lccs3_type,,,LC_NonLinearSurface,,,,,
L30,element,124,Zi,Zone industrielle,125,126,1,,LC_NonLinearSurface,name,,,Non Linear Surface,,,,,
L30,element,124,Zi,Zone industrielle,125,126,1,,LC_NonLinearSurface,description,,,Describe a non-linear built-up surface element,,,,,
L30,element,124,Zi,Zone industrielle,125,126,1,,LC_NonLinearSurface,presence_type,,,Mandatory,,,,,
L30,characteristic,124,Zi,Zone industrielle,125,126,1,1,LC_ConstructionUse,lccs3_type,,,LC_ConstructionUse,,,,,
L30,characteristic,124,Zi,Zone industrielle,125,126,1,1,LC_ConstructionUse,name,,,Construction Use,,,,,
L30,characteristic,124,Zi,Zone industrielle,125,126,1,1,LC_ConstructionUse,description,,,Describe the construction use characteristic,,,,,
L30,characteristic,124,Zi,Zone industrielle,125,126,1,1,LC_ConstructionUse,type,,,Industrial and/or commercial areas and/or infrastructures,,,,,
L30,class,129,Dse,Decharge et site d'extraction,,,,,,class_name,,,Decharge et site d'extraction,,,,,
L30,class,129,Dse,Decharge et site d'extraction,,,,,,class_description,,,"Terres artificialisées, qui comprennent les sites d'extraction à ciel ouvert de matériaux de construction (sablières, carrières) ou d'autres minéraux (mines à ciel ouvert), les sites de dépôts publics, décharge, industriels ou miniers, etc.",,,,,
L30,class,129,Dse,Decharge et site d'extraction,,,,,,class_map_code,,,Dse,,,,,
L30,class,129,Dse,Decharge et site d'extraction,,,,,,uuid,,,5b6c4a67-faaa-11eb-ab6d-185680280055,,,,,
L30,hp,129,Dse,Decharge et site d'extraction,12A,,,,,name,,,Horizontal Pattern 1,,,,,
L30,hp,129,Dse,Decharge et site d'extraction,12A,,,,,description,,,Describe the horizontal pattern,,,,,
L30,stratum,129,Dse,Decharge et site d'extraction,12A,12B,,,,name,,,Stratum 1,,,,,
L30,stratum,129,Dse,Decharge et site d'extraction,12A,12B,,,,description,,,Abiotic surface 1,,,,,
L30,stratum,129,Dse,Decharge et site d'extraction,12A,12B,,,,presence_type,,,Mandatory,,,,,
L30,stratum,129,Dse,Decharge et site d'extraction,12A,12B,,,,@ontop,,,0,,,,,
L30,element,129,Dse,Decharge et site d'extraction,12A,12B,1,,LC_Extraction,lccs3_type,,,LC_Extraction,,,,,
L30,element,129,Dse,Decharge et site d'extraction,12A,12B,1,,LC_Extraction,name,,,Extraction,,,,,
L30,element,129,Dse,Decharge et site d'extraction,12A,12B,1,,LC_Extraction,description,,,Describe an extraction surface element,,,,,
L30,element,129,Dse,Decharge et site d'extraction,12A,12B,1,,LC_Extraction,presence_type,,,Exclusive,,,,,
L30,element,129,Dse,Decharge et site d'extraction,12A,12B,2,,LC_DumpSite,lccs3_type,,,LC_DumpSite,,,,,
L30,element,129,Dse,Decharge et site d'extraction,12A,12B,2,,LC_DumpSite,name,,,Dump Site,,,,,
L30,element,129,Dse,Decharge et site d'extraction,12A,12B,2,,LC_DumpSite,description,,,Describe a dump site surface element,,,,,
L30,element,129,Dse,Decharge et site d'extraction,12A,12B,2,,LC_DumpSite,presence_type,,,Exclusive,,,,,
L30,class,12E,Pel,Lac collinaire,,,,,,class_name,,,Lac collinaire,,,,,
L30,class,12E,Pel,Lac collinaire,,,,,,class_description,,,"Ouvrage de stockage de l'eau qui est rempli par les eaux de surface, les eaux de ruissellement.",,,,,
L30,class,12E,Pel,Lac collinaire,,,,,,class_map_code,,,Pel,,,,,
L30,class,12E,Pel,Lac collinaire,,,,,,uuid,,,8492a743-faaa-11eb-ab6d-185680280055,,,,,
L30,hp,12E,Pel,Lac collinaire,12F,,,,,name,,,Horizontal Pattern 1,,,,,
L30,hp,12E,Pel,Lac collinaire,12F,,,,,description,,,Describe the horizontal pattern,,,,,
L30,stratum,12E,Pel,Lac collinaire,12F,130,,,,name,,,Stratum 1,,,,,
L30,stratum,12E,Pel,Lac collinaire,12F,130,,,,description,,,Abiotic surface 1,,,,,
L30,stratum,12E,Pel,Lac collinaire,12F,130,,,,presence_type,,,Mandatory,,,,,
L30,stratum,12E,Pel,Lac collinaire,12F,130,,,,@ontop,,,0,,,,,
L30,element,12E,Pel,Lac collinaire,12F,130,1,,LC_WaterBody,lccs3_type,,,LC_WaterBody,,,,,
L30,element,12E,Pel,Lac collinaire,12F,130,1,,LC_WaterBody,name,,,Water Body,,,,,
L30,element,12E,Pel,Lac collinaire,12F,130,1,,LC_WaterBody,description,,,Describe a water body surface element,,,,,
L30,element,12E,Pel,Lac collinaire,12F,130,1,,LC_WaterBody,presence_type,,,Mandatory,,,,,
L30,element,12E,Pel,Lac collinaire,12F,130,1,,LC_WaterBody,periodic_variation[LC_PeriodicVariations]/name,,,Periodic Variations,,,,,
L30,element,12E,Pel,Lac collinaire,12F,130,1,,LC_WaterBody,periodic_variation[LC_PeriodicVariations]/description,,,Contains the elements of Periodic Variation,,,,,
L30,element,12E,Pel,Lac collinaire,12F,130,1,,LC_WaterBody,periodic_variation[LC_PeriodicVariations]/elements/LC_PeriodicVariation[LC_PeriodicVariation]/name,,,Periodic Variation,,,,,
L30,element,12E,Pel,Lac collinaire,12F,130,1,,LC_WaterBody,periodic_variation[LC_PeriodicVariations]/elements/LC_PeriodicVariation[LC_PeriodicVariation]/description,,,Describe a periodic variation element,,,,,
L30,element,12E,Pel,Lac collinaire,12F,130,1,,LC_WaterBody,periodic_variation[LC_PeriodicVariations]/elements/LC_PeriodicVariation[LC_PeriodicVariation]/persistence_units,,,Months,,,,,
L30,element,12E,Pel,Lac collinaire,12F,130,1,,LC_WaterBody,dynamics,,,Standing,,,,,
L30,element,12E,Pel,Lac collinaire,12F,130,1,,LC_WaterBody,position,,,Above Surface,,,,,
L30,characteristic,12E,Pel,Lac collinaire,12F,130,1,1,LC_ArtificialityCharacteristic,lccs3_type,,,LC_Artificiality,,,,,
L30,characteristic,12E,Pel,Lac collinaire,12F,130,1,1,LC_ArtificialityCharacteristic,name,,,Artificiality,,,,,
L30,characteristic,12E,Pel,Lac collinaire,12F,130,1,1,LC_ArtificialityCharacteristic,description,,,Describe the artificiality characteristic,,,,,
L30,characteristic,12E,Pel,Lac collinaire,12F,130,1,1,LC_ArtificialityCharacteristic,type,,,Artificial,,,,,
L30,characteristic,12E,Pel,Lac collinaire,12F,130,1,2,LC_WaterSalinityCharacteristic,lccs3_type,,,LC_WaterSalinity,,,,,
L30,characteristic,12E,Pel,Lac collinaire,12F,130,1,2,LC_WaterSalinityCharacteristic,name,,,Water Salinity,,,,,
L30,characteristic,12E,Pel,Lac collinaire,12F,130,1,2,LC_WaterSalinityCharacteristic,description,,,Describe the water salinity characteristic,,,,,
L30,characteristic,12E,Pel,Lac collinaire,12F,130,1,2,LC_WaterSalinityCharacteristic,type,,,Fresh,,,,,
L30,class,133,Lc,Lac,,,,,,class_name,,,Lac,,,,,
L30,class,133,Lc,Lac,,,,,,class_description,,,"Grande étendue d'eau entourée de terre, où il suffit que la profondeur, la superficie, ou le volume soit suffisant pour provoquer un dépôt de sédiments.",,,,,
L30,class,133,Lc,Lac,,,,,,class_map_code,,,Lc,,,,,
L30,class,133,Lc,Lac,,,,,,uuid,,,97134963-faaa-11eb-ab6d-185680280055,,,,,
L30,hp,133,Lc,Lac,134,,,,,name,,,Horizontal Pattern 1,,,,,
L30,hp,133,Lc,Lac,134,,,,,description,,,Describe the horizontal pattern,,,,,
L30,stratum,133,Lc,Lac,134,135,,,,name,,,Stratum 1,,,,,
L30,stratum,133,Lc,Lac,134,135,,,,description,,,Abiotic surface 1,,,,,
L30,stratum,133,Lc,Lac,134,135,,,,presence_type,,,Mandatory,,,,,
L30,stratum,133,Lc,Lac,134,135,,,,@ontop,,,0,,,,,
L30,element,133,Lc,Lac,134,135,1,,LC_WaterBody,lccs3_type,,,LC_WaterBody,,,,,
L30,element,133,Lc,Lac,134,135,1,,LC_WaterBody,name,,,Water Body,,,,,
L30,element,133,Lc,Lac,134,135,1,,LC_WaterBody,description,,,Describe a water body surface element,,,,,
L30,element,133,Lc,Lac,134,135,1,,LC_WaterBody,presence_type,,,Mandatory,,,,,
L30,element,133,Lc,Lac,134,135,1,,LC_WaterBody,periodic_variation[LC_PeriodicVariations]/name,,,Periodic Variations,,,,,
L30,element,133,Lc,Lac,134,135,1,,LC_WaterBody,periodic_variation[LC_PeriodicVariations]/description,,,Contains the elements of Periodic Variation,,,,,
L30,element,133,Lc,Lac,134,135,1,,LC_WaterBody,periodic_variation[LC_PeriodicVariations]/elements/LC_PeriodicVariation[LC_PeriodicVariation]/name,,,Periodic Variation,,,,,
L30,element,133,Lc,Lac,134,135,1,,LC_WaterBody,periodic_variation[LC_PeriodicVariations]/elements/LC_PeriodicVariation[LC_PeriodicVariation]/description,,,Describe a periodic variation element,,,,,
L30,element,133,Lc,Lac,134,135,1,,LC_WaterBody,periodic_variation[LC_PeriodicVariations]/elements/LC_PeriodicVariation[LC_PeriodicVariation]/persistence_units,,,Months,,,,,
L30,element,133,Lc,Lac,134,135,1,,LC_WaterBody,dynamics,,,Standing,,,,,
L30,element,133,Lc,Lac,134,135,1,,LC_WaterBody,position,,,Above Surface,,,,,
L30,characteristic,133,Lc,Lac,134,135,1,1,LC_ArtificialityCharacteristic,lccs3_type,,,LC_Artificiality,,,,,
L30,characteristic,133,Lc,Lac,134,135,1,1,LC_ArtificialityCharacteristic,name,,,Artificiality,,,,,
L30,characteristic,133,Lc,Lac,134,135,1,1,LC_ArtificialityCharacteristic,description,,,Describe the artificiality characteristic,,,,,
L30,characteristic,133,Lc,Lac,134,135,1,1,LC_ArtificialityCharacteristic,type,,,Natural,,,,,
L30,characteristic,133,Lc,Lac,134,135,1,2,LC_WaterSalinityCharacteristic,lccs3_type,,,LC_WaterSalinity,,,,,
L30,characteristic,133,Lc,Lac,134,135,1,2,LC_WaterSalinityCharacteristic,name,,,Water Salinity,,,,,
L30,characteristic,133,Lc,Lac,134,135,1,2,LC_WaterSalinityCharacteristic,description,,,Describe the water salinity characteristic,,,,,
L30,characteristic,133,Lc,Lac,134,135,1,2,LC_WaterSalinityCharacteristic,type,,,Fresh,,,,,
L30,class,139,Oup,Oued permanent,,,,,,class_name,,,Oued permanent,,,,,
L30,class,139,Oup,Oued permanent,,,,,,class_description,,,Cours d’eau (largeur supérieur ou égale à 15 m) où le lit contient de l’eau toute l’année.,,,,,
L30,class,139,Oup,Oued permanent,,,,,,class_map_code,,,Oup,,,,,
L30,class,139,Oup,Oued permanent,,,,,,uuid,,,bc888523-faaa-11eb-ab6d-185680280055,,,,,
L30,hp,139,Oup,Oued permanent,13A,,,,,name,,,Horizontal Pattern 1,,,,,
L30,hp,139,Oup,Oued permanent,13A,,,,,description,,,Describe the horizontal pattern,,,,,
L30,stratum,139,Oup,Oued permanent,13A,13B,,,,name,,,Stratum 1,,,,,
L30,stratum,139,Oup,Oued permanent,13A,13B,,,,description,,,Abiotic surface 1,,,,,
L30,stratum,139,Oup,Oued permanent,13A,13B,,,,presence_type,,,Mandatory,,,,,
L30,stratum,139,Oup,Oued permanent,13A,13B,,,,@ontop,,,0,,,,,
L30,element,139,Oup,Oued permanent,13A,13B,1,,LC_WaterBody,lccs3_type,,,LC_WaterBody,,,,,
L30,element,139,Oup,Oued permanent,13A,13B,1,,LC_WaterBody,name,,,Water Body,,,,,
L30,element,139,Oup,Oued permanent,13A,13B,1,,LC_WaterBody,description,,,Describe a water body surface element,,,,,
L30,element,139,Oup,Oued permanent,13A,13B,1,,LC_WaterBody,presence_type,,,Mandatory,,,,,
L30,element,139,Oup,Oued permanent,13A,13B,1,,LC_WaterBody,dynamics,,,Flowing,,,,,
L30,characteristic,139,Oup,Oued permanent,13A,13B,1,1,LC_ArtificialityCharacteristic,lccs3_type,,,LC_Artificiality,,,,,
L30,characteristic,139,Oup,Oued permanent,13A,13B,1,1,LC_ArtificialityCharacteristic,name,,,Artificiality,,,,,
L30,characteristic,139,Oup,Oued permanent,13A,13B,1,1,LC_ArtificialityCharacteristic,description,,,Describe the artificiality characteristic,,,,,
L30,characteristic,139,Oup,Oued permanent,13A,13B,1,1,LC_ArtificialityCharacteristic,type,,,Natural,,,,,
L30,characteristic,139,Oup,Oued permanent,13A,13B,1,2,LC_WaterSalinityCharacteristic,lccs3_type,,,LC_WaterSalinity,,,,,
L30,characteristic,139,Oup,Oued permanent,13A,13B,1,2,LC_WaterSalinityCharacteristic,name,,,Water Salinity,,,,,
L30,characteristic,139,Oup,Oued permanent,13A,13B,1,2,LC_WaterSalinityCharacteristic,description,,,Describe the water salinity characteristic,,,,,
L30,characteristic,139,Oup,Oued permanent,13A,13B,1,2,LC_WaterSalinityCharacteristic,type,,,Fresh,,,,,
L30,class,13F,Out,Oued temporaire,,,,,,class_name,,,Oued temporaire,,,,,
L30,class,13F,Out,Oued temporaire,,,,,,class_description,,,Cours d’eau temporaire.,,,,,
L30,class,13F,Out,Oued temporaire,,,,,,class_map_code,,,Out,,,,,
L30,class,13F,Out,Oued temporaire,,,,,,uuid,,,bc8e7895-faaa-11eb-ab6d-185680280055,,,,,
L30,hp,13F,Out,Oued temporaire,140,,,,,name,,,Horizontal Pattern 1,,,,,
L30,hp,13F,Out,Oued temporaire,140,,,,,description,,,Describe the horizontal pattern,,,,,
L30,stratum,13F,Out,Oued temporaire,140,141,,,,name,,,Stratum 1,,,,,
L30,stratum,13F,Out,Oued temporaire,140,141,,,,description,,,Abiotic surface 1,,,,,
L30,stratum,13F,Out,Oued temporaire,140,141,,,,presence_type,,,Mandatory,,,,,
L30,stratum,13F,Out,Oued temporaire,140,141,,,,@ontop,,,0,,,,,
L30,element,13F,Out,Oued temporaire,140,141,1,,LC_WaterBody,lccs3_type,,,LC_WaterBody,,,,,
L30,element,13F,Out,Oued temporaire,140,141,1,,LC_WaterBody,name,,,Water Body,,,,,
L30,element,13F,Out,Oued temporaire,140,141,1,,LC_WaterBody,description,,,Describe a water body surface element,,,,,
L30,element,13F,Out,Oued temporaire,140,141,1,,LC_WaterBody,presence_type,,,Mandatory,,,,,
L30,element,13F,Out,Oued temporaire,140,141,1,,LC_WaterBody,periodic_variation[LC_PeriodicVariations]/name,,,Periodic Variations,,,,,
L30,element,13F,Out,Oued temporaire,140,141,1,,LC_WaterBody,periodic_variation[LC_PeriodicVariations]/description,,,Contains the elements of Periodic Variation,,,,,
L30,element,13F,Out,Oued temporaire,140,141,1,,LC_WaterBody,periodic_variation[LC_PeriodicVariations]/elements/LC_PeriodicVariation[LC_PeriodicVariation]/name,,,Periodic Variation,,,,,
L30,element,13F,Out,Oued temporaire,140,141,1,,LC_WaterBody,periodic_variation[LC_PeriodicVariations]/elements/LC_PeriodicVariation[LC_PeriodicVariation]/description,,,Describe a periodic variation element,,,,,
L30,element,13F,Out,Oued temporaire,140,141,1,,LC_WaterBody,periodic_variation[LC_PeriodicVariations]/elements/LC_PeriodicVariation[LC_PeriodicVariation]/persistence_units,,,Weeks,,,,,
L30,element,13F,Out,Oued temporaire,140,141,1,,LC_WaterBody,periodic_variation[LC_PeriodicVariations]/elements/LC_PeriodicVariation[LC_PeriodicVariation]/period_description,,,,,,,,
L30,element,13F,Out,Oued temporaire,140,141,1,,LC_WaterBody,periodic_variation[LC_PeriodicVariations]/elements/LC_PeriodicVariation[LC_PeriodicVariation]#2/name,,,Periodic Variation,,,,,
L30,element,13F,Out,Oued temporaire,140,141,1,,LC_WaterBody,periodic_variation[LC_PeriodicVariations]/elements/LC_PeriodicVariation[LC_PeriodicVariation]#2/description,,,Describe a periodic variation element,,,,,
L30,element,13F,Out,Oued temporaire,140,141,1,,LC_WaterBody,periodic_variation[LC_PeriodicVariations]/elements/LC_PeriodicVariation[LC_PeriodicVariation]#2/persistence_units,,,Weeks,,,,,
L30,element,13F,Out,Oued temporaire,140,141,1,,LC_WaterBody,periodic_variation[LC_PeriodicVariations]/elements/LC_PeriodicVariation[LC_PeriodicVariation]#2/period_description,,,,,,,,
L30,element,13F,Out,Oued temporaire,140,141,1,,LC_WaterBody,dynamics,,,Flowing,,,,,
L30,characteristic,13F,Out,Oued temporaire,140,141,1,1,LC_WaterSalinityCharacteristic,lccs3_type,,,LC_WaterSalinity,,,,,
L30,characteristic,13F,Out,Oued temporaire,140,141,1,1,LC_WaterSalinityCharacteristic,name,,,Water Salinity,,,,,
L30,characteristic,13F,Out,Oued temporaire,140,141,1,1,LC_WaterSalinityCharacteristic,description,,,Describe the water salinity characteristic,,,,,
L30,characteristic,13F,Out,Oued temporaire,140,141,1,1,LC_WaterSalinityCharacteristic,type,,,Fresh,,,,,
L30,characteristic,13F,Out,Oued temporaire,140,141,1,2,LC_ArtificialityCharacteristic,lccs3_type,,,LC_Artificiality,,,,,
L30,characteristic,13F,Out,Oued temporaire,140,141,1,2,LC_ArtificialityCharacteristic,name,,,Artificiality,,,,,
L30,characteristic,13F,Out,Oued temporaire,140,141,1,2,LC_ArtificialityCharacteristic,description,,,Describe the artificiality characteristic,,,,,
L30,characteristic,13F,Out,Oued temporaire,140,141,1,2,LC_ArtificialityCharacteristic,type,,,Natural,,,,,
L30,class,158,Opt,Oliviers à table en pluvial,,,,,,class_name,,,Oliviers à table en pluvial,,,,,
L30,class,158,Opt,Oliviers à table en pluvial,,,,,,class_description,,,"Oliviers à table dont le développement est exclusivement assuré par les pluies. Les principales variétés qui peuvent être rencontrées : Meski, Marsaline, Picholine, Besbessi, et autres variétés d'oliviers à table.",,,,,
L30,class,158,Opt,Oliviers à table en pluvial,,,,,,class_map_code,,,Opt,,,,,
L30,class,158,Opt,Oliviers à table en pluvial,,,,,,uuid,,,f32fc9c0-6333-11ec-b9ba-ca09a8793975,,,,,
L30,hp,158,Opt,Oliviers à table en pluvial,159,,,,,name,,,Horizontal Pattern 1,,,,,
L30,hp,158,Opt,Oliviers à table en pluvial,159,,,,,description,,,Describe the horizontal pattern,,,,,
L30,stratum,158,Opt,Oliviers à table en pluvial,159,15A,,,,name,,,Stratum 1,,,,,
L30,stratum,158,Opt,Oliviers à table en pluvial,159,15A,,,,description,,,Vegetation 1,,,,,
L30,stratum,158,Opt,Oliviers à table en pluvial,159,15A,,,,presence_type,,,Mandatory,,,,,
L30,stratum,158,Opt,Oliviers à table en pluvial,159,15A,,,,@ontop,,,0,,,,,
L30,element,158,Opt,Oliviers à table en pluvial,159,15A,1,,LC_Tree,lccs3_type,,,LC_Trees,,,,,
L30,element,158,Opt,Oliviers à table en pluvial,159,15A,1,,LC_Tree,name,,,Trees,,,,,
L30,element,158,Opt,Oliviers à table en pluvial,159,15A,1,,LC_Tree,description,,,Describe a vegetation element of trees type,,,,,
L30,element,158,Opt,Oliviers à table en pluvial,159,15A,1,,LC_Tree,presence_type,,,Mandatory,,,,,
L30,characteristic,158,Opt,Oliviers à table en pluvial,159,15A,1,1,LC_CultivatedAndManagedVegetationCharacteristics,lccs3_type,,,LC_CultivatedAndManagedVegetation,,,,,
L30,characteristic,158,Opt,Oliviers à table en pluvial,159,15A,1,1,LC_CultivatedAndManagedVegetationCharacteristics,name,,,Cultivated And Managed Vegetation,,,,,
L30,characteristic,158,Opt,Oliviers à table en pluvial,159,15A,1,1,LC_CultivatedAndManagedVegetationCharacteristics,description,,,Describe the cultivated and managed vegetation,,,,,
L30,characteristic,158,Opt,Oliviers à table en pluvial,159,15A,1,1,LC_CultivatedAndManagedVegetationCharacteristics,elements/LC_Characteristic[LC_Rainfed]/name,,,Rainfed,,,,,
L30,characteristic,158,Opt,Oliviers à table en pluvial,159,15A,1,1,LC_CultivatedAndManagedVegetationCharacteristics,elements/LC_Characteristic[LC_Rainfed]/description,,,Describe the rainfed,,,,,
L30,characteristic,158,Opt,Oliviers à table en pluvial,159,15A,1,2,LC_FloristicAspectsCharacteristic,lccs3_type,,,LC_FloristicAspect,,,,,
L30,characteristic,158,Opt,Oliviers à table en pluvial,159,15A,1,2,LC_FloristicAspectsCharacteristic,name,,,Floristic Aspect,,,,,
L30,characteristic,158,Opt,Oliviers à table en pluvial,159,15A,1,2,LC_FloristicAspectsCharacteristic,description,,,Describe the floristic aspect,,,,,
L30,characteristic,158,Opt,Oliviers à table en pluvial,159,15A,1,2,LC_FloristicAspectsCharacteristic,elements/LC_Characteristic[LC_FloristicAspectSpecies]/name,,,Floristic Aspect Species,,,,,
L30,characteristic,158,Opt,Oliviers à table en pluvial,159,15A,1,2,LC_FloristicAspectsCharacteristic,elements/LC_Characteristic[LC_FloristicAspectSpecies]/description,,,Describe the floristic aspect species,,,,,
L30,characteristic,158,Opt,Oliviers à table en pluvial,159,15A,1,2,LC_FloristicAspectsCharacteristic,elements/LC_Characteristic[LC_FloristicAspectSpecies]/species_name,,,Olive,,,,,
L30,class,160,Oit,Oliviers à table en irrigue,,,,,,class_name,,,Oliviers à table en irrigue,,,,,
L30,class,160,Oit,Oliviers à table en irrigue,,,,,,class_description,,,"Oliviers à table dont le développement est exclusivement assuré par l’irrigation. Les principales variétés qui peuvent être rencontrées : Meski, Marsaline, Picholine, Besbessi, et autres variétés d'oliviers à table.",,,,,
L30,class,160,Oit,Oliviers à table en irrigue,,,,,,class_map_code,,,Oit,,,,,
L30,class,160,Oit,Oliviers à table en irrigue,,,,,,uuid,,,548e0f30-6337-11ec-b9ba-ca09a8793975,,,,,
L30,hp,160,Oit,Oliviers à table en irrigue,161,,,,,name,,,Horizontal Pattern 1,,,,,
L30,hp,160,Oit,Oliviers à table en irrigue,161,,,,,description,,,Describe the horizontal pattern,,,,,
L30,stratum,160,Oit,Oliviers à table en irrigue,161,162,,,,name,,,Stratum 1,,,,,
L30,stratum,160,Oit,Oliviers à table en irrigue,161,162,,,,description,,,Vegetation 1,,,,,
L30,stratum,160,Oit,Oliviers à table en irrigue,161,162,,,,presence_type,,,Mandatory,,,,,
L30,stratum,160,Oit,Oliviers à table en irrigue,161,162,,,,@ontop,,,0,,,,,
L30,element,160,Oit,Oliviers à table en irrigue,161,162,1,,LC_Tree,lccs3_type,,,LC_Trees,,,,,
L30,element,160,Oit,Oliviers à table en irrigue,161,162,1,,LC_Tree,name,,,Trees,,,,,
L30,element,160,Oit,Oliviers à table en irrigue,161,162,1,,LC_Tree,description,,,Describe a vegetation element of trees type,,,,,
L30,element,160,Oit,Oliviers à table en irrigue,161,162,1,,LC_Tree,presence_type,,,Mandatory,,,,,
L30,characteristic,160,Oit,Oliviers à table en irrigue,161,162,1,1,LC_CultivatedAndManagedVegetationCharacteristics,lccs3_type,,,LC_CultivatedAndManagedVegetation,,,,,
L30,characteristic,160,Oit,Oliviers à table en irrigue,161,162,1,1,LC_CultivatedAndManagedVegetationCharacteristics,name,,,Cultivated And Managed Vegetation,,,,,
L30,characteristic,160,Oit,Oliviers à table en irrigue,161,162,1,1,LC_CultivatedAndManagedVegetationCharacteristics,description,,,Describe the cultivated and managed vegetation,,,,,
L30,characteristic,160,Oit,Oliviers à table en irrigue,161,162,1,1,LC_CultivatedAndManagedVegetationCharacteristics,elements/LC_Characteristic[LC_Irrigation]/name,,,Irrigation,,,,,
L30,characteristic,160,Oit,Oliviers à table en irrigue,161,162,1,1,LC_CultivatedAndManagedVegetationCharacteristics,elements/LC_Characteristic[LC_Irrigation]/description,,,Describe the irrigation,,,,,
L30,characteristic,160,Oit,Oliviers à table en irrigue,161,162,1,2,LC_FloristicAspectsCharacteristic,lccs3_type,,,LC_FloristicAspect,,,,,
L30,characteristic,160,Oit,Oliviers à table en irrigue,161,162,1,2,LC_FloristicAspectsCharacteristic,name,,,Floristic Aspect,,,,,
L30,characteristic,160,Oit,Oliviers à table en irrigue,161,162,1,2,LC_FloristicAspectsCharacteristic,description,,,Describe the floristic aspect,,,,,
L30,characteristic,160,Oit,Oliviers à table en irrigue,161,162,1,2,LC_FloristicAspectsCharacteristic,elements/LC_Characteristic[LC_FloristicAspectSpecies]/name,,,Floristic Aspect Species,,,,,
L30,characteristic,160,Oit,Oliviers à table en irrigue,161,162,1,2,LC_FloristicAspectsCharacteristic,elements/LC_Characteristic[LC_FloristicAspectSpecies]/description,,,Describe the floristic aspect species,,,,,
L30,characteristic,160,Oit,Oliviers à table en irrigue,161,162,1,2,LC_FloristicAspectsCharacteristic,elements/LC_Characteristic[LC_FloristicAspectSpecies]/species_name,,,Olive,,,,,
L30,class,166,Lg,Lagune,,,,,,class_name,,,Lagune,,,,,
L30,class,166,Lg,Lagune,,,,,,class_description,,,"Etendue d'eau généralement peu profonde séparée de la mer par un cordon littoral. Souvent constitué de sable fin, ce cordon se modifie naturellement, il est vulnérable aux assauts de la mer (tempêtes, etc.) et à diverses formes d'artificialisation.",,,,,
L30,class,166,Lg,Lagune,,,,,,class_map_code,,,Lg,,,,,
L30,class,166,Lg,Lagune,,,,,,uuid,,,8f565dd0-63c2-11ec-a204-ca09a8793975,,,,,
L30,class_char,166,Lg,Lagune,,,,1,LC_GeographicalAspects,name,,,Geographical Aspects,,,,,
L30,class_char,166,Lg,Lagune,,,,1,LC_GeographicalAspects,description,,,Describe the geographical aspects,,,,,
L30,class_char,166,Lg,Lagune,,,,1,LC_GeographicalAspects,type,,,Bay,,,,,
L30,hp,166,Lg,Lagune,168,,,,,name,,,Horizontal Pattern 1,,,,,
L30,hp,166,Lg,Lagune,168,,,,,description,,,Describe the horizontal pattern,,,,,
L30,stratum,166,Lg,Lagune,168,169,,,,name,,,Stratum 1,,,,,
L30,stratum,166,Lg,Lagune,168,169,,,,description,,,Abiotic surface 1,,,,,
L30,stratum,166,Lg,Lagune,168,169,,,,presence_type,,,Mandatory,,,,,
L30,stratum,166,Lg,Lagune,168,169,,,,@ontop,,,0,,,,,
L30,element,166,Lg,Lagune,168,169,1,,LC_WaterBody,lccs3_type,,,LC_WaterBody,,,,,
L30,element,166,Lg,Lagune,168,169,1,,LC_WaterBody,name,,,Water Body,,,,,
L30,element,166,Lg,Lagune,168,169,1,,LC_WaterBody,description,,,Describe a water body surface element,,,,,
L30,element,166,Lg,Lagune,168,169,1,,LC_WaterBody,presence_type,,,Mandatory,,,,,
L30,element,166,Lg,Lagune,168,169,1,,LC_WaterBody,dynamics,,,Standing,,,,,
L30,characteristic,166,Lg,Lagune,168,169,1,1,LC_WaterSalinityCharacteristic,lccs3_type,,,LC_WaterSalinity,,,,,
L30,characteristic,166,Lg,Lagune,168,169,1,1,LC_WaterSalinityCharacteristic,name,,,Water Salinity,,,,,
L30,characteristic,166,Lg,Lagune,168,169,1,1,LC_WaterSalinityCharacteristic,description,,,Describe the water salinity characteristic,,,,,
L30,characteristic,166,Lg,Lagune,168,169,1,1,LC_WaterSalinityCharacteristic,type,,,Brackish,,,,,
L30,characteristic,166,Lg,Lagune,168,169,1,2,LC_ArtificialityCharacteristic,lccs3_type,,,LC_Artificiality,,,,,
L30,characteristic,166,Lg,Lagune,168,169,1,2,LC_ArtificialityCharacteristic,name,,,Artificiality,,,,,
L30,characteristic,166,Lg,Lagune,168,169,1,2,LC_ArtificialityCharacteristic,description,,,Describe the artificiality characteristic,,,,,
L30,characteristic,166,Lg,Lagune,168,169,1,2,LC_ArtificialityCharacteristic,type,,,Natural,,,,,
L30,class,16D,Peb,Barrage,,,,,,class_name,,,Barrage,,,,,
L30,class,16D,Peb,Barrage,,,,,,class_description,,,Barrage ou réservoir créé par une barrière construite pour retenir l’eau et en augmenter le niveau.,,,,,
L30,class,16D,Peb,Barrage,,,,,,class_map_code,,,Peb,,,,,
L30,class,16D,Peb,Barrage,,,,,,uuid,,,1df1dd60-63c5-11ec-a204-ca09a8793975,,,,,
L30,hp,16D,Peb,Barrage,16E,,,,,name,,,Horizontal Pattern 1,,,,,
L30,hp,16D,Peb,Barrage,16E,,,,,description,,,Describe the horizontal pattern,,,,,
L30,stratum,16D,Peb,Barrage,16E,16F,,,,name,,,Stratum 1,,,,,
L30,stratum,16D,Peb,Barrage,16E,16F,,,,description,,,Abiotic surface 1,,,,,
L30,stratum,16D,Peb,Barrage,16E,16F,,,,presence_type,,,Mandatory,,,,,
L30,stratum,16D,Peb,Barrage,16E,16F,,,,@ontop,,,0,,,,,
L30,element,16D,Peb,Barrage,16E,16F,1,,LC_WaterBody,lccs3_type,,,LC_WaterBody,,,,,
L30,element,16D,Peb,Barrage,16E,16F,1,,LC_WaterBody,name,,,Water Body,,,,,
L30,element,16D,Peb,Barrage,16E,16F,1,,LC_WaterBody,description,,,Describe a water body surface element,,,,,
L30,element,16D,Peb,Barrage,16E,16F,1,,LC_WaterBody,presence_type,,,Mandatory,,,,,
L30,element,16D,Peb,Barrage,16E,16F,1,,LC_WaterBody,dynamics,,,Standing,,,,,
L30,element,16D,Peb,Barrage,16E,16F,1,,LC_WaterBody,position,,,Above Surface,,,,,
L30,characteristic,16D,Peb,Barrage,16E,16F,1,1,LC_ArtificialityCharacteristic,lccs3_type,,,LC_Artificiality,,,,,
L30,characteristic,16D,Peb,Barrage,16E,16F,1,1,LC_ArtificialityCharacteristic,name,,,Artificiality,,,,,
L30,characteristic,16D,Peb,Barrage,16E,16F,1,1,LC_ArtificialityCharacteristic,description,,,Describe the artificiality characteristic,,,,,
L30,characteristic,16D,Peb,Barrage,16E,16F,1,1,LC_ArtificialityCharacteristic,type,,,Artificial,,,,,
L30,characteristic,16D,Peb,Barrage,16E,16F,1,2,LC_WaterSalinityCharacteristic,lccs3_type,,,LC_WaterSalinity,,,,,
L30,characteristic,16D,Peb,Barrage,16E,16F,1,2,LC_WaterSalinityCharacteristic,name,,,Water Salinity,,,,,
L30,characteristic,16D,Peb,Barrage,16E,16F,1,2,LC_WaterSalinityCharacteristic,description,,,Describe the water salinity characteristic,,,,,
L30,characteristic,16D,Peb,Barrage,16E,16F,1,2,LC_WaterSalinityCharacteristic,type,,,Fresh,,,,,
L30,class,173,Ga,Garaa,,,,,,class_name,,,Garaa,,,,,
L30,class,173,Ga,Garaa,,,,,,class_description,,,Describe the land cover class,,,,,
L30,class,173,Ga,Garaa,,,,,,class_map_code,,,Ga,,,,,
L30,class,173,Ga,Garaa,,,,,,uuid,,,ef43fc40-63c5-11ec-a204-ca09a8793975,,,,,
L30,class_char,173,Ga,Garaa,,,,1,LC_GeographicalAspects,name,,,Geographical Aspects,,,,,
L30,class_char,173,Ga,Garaa,,,,1,LC_GeographicalAspects,description,,,Describe the geographical aspects,,,,,
L30,hp,173,Ga,Garaa,175,,,,,name,,,Horizontal Pattern 1,,,,,
L30,hp,173,Ga,Garaa,175,,,,,description,,,Describe the horizontal pattern,,,,,
L30,stratum,173,Ga,Garaa,175,176,,,,name,,,Stratum 1,,,,,
L30,stratum,173,Ga,Garaa,175,176,,,,description,,,Abiotic surface 1,,,,,
L30,stratum,173,Ga,Garaa,175,176,,,,presence_type,,,Mandatory,,,,,
L30,stratum,173,Ga,Garaa,175,176,,,,@ontop,,,0,,,,,
L30,element,173,Ga,Garaa,175,176,1,,LC_WaterBody,lccs3_type,,,LC_WaterBody,,,,,
L30,element,173,Ga,Garaa,175,176,1,,LC_WaterBody,name,,,Water Body,,,,,
L30,element,173,Ga,Garaa,175,176,1,,LC_WaterBody,description,,,Describe a water body surface element,,,,,
L30,element,173,Ga,Garaa,175,176,1,,LC_WaterBody,presence_type,,,Mandatory,,,,,
L30,element,173,Ga,Garaa,175,176,1,,LC_WaterBody,dynamics,,,Standing,,,,,
L30,characteristic,173,Ga,Garaa,175,176,1,1,LC_WaterSalinityCharacteristic,lccs3_type,,,LC_WaterSalinity,,,,,
L30,characteristic,173,Ga,Garaa,175,176,1,1,LC_WaterSalinityCharacteristic,name,,,Water Salinity,,,,,
L30,characteristic,173,Ga,Garaa,175,176,1,1,LC_WaterSalinityCharacteristic,description,,,Describe the water salinity characteristic,,,,,
L30,characteristic,173,Ga,Garaa,175,176,1,1,LC_WaterSalinityCharacteristic,type,,,Fresh,,,,,
L30,characteristic,173,Ga,Garaa,175,176,1,2,LC_ArtificialityCharacteristic,lccs3_type,,,LC_Artificiality,,,,,
L30,characteristic,173,Ga,Garaa,175,176,1,2,LC_ArtificialityCharacteristic,name,,,Artificiality,,,,,
L30,characteristic,173,Ga,Garaa,175,176,1,2,LC_ArtificialityCharacteristic,description,,,Describe the artificiality characteristic,,,,,
L30,characteristic,173,Ga,Garaa,175,176,1,2,LC_ArtificialityCharacteristic,type,,,Natural,,,,,
L30,class,17A,Sbc,Sebkha continental,,,,,,class_name,,,Sebkha continental,,,,,
L30,class,17A,Sbc,Sebkha continental,,,,,,class_description,,,"Large étendue d’eau salée entourée de terres exploitées pour l'extraction du sel de l'eau salée par évaporation, actives ou en voie d'abandon.",,,,,
L30,class,17A,Sbc,Sebkha continental,,,,,,class_map_code,,,Sbc,,,,,
L30,class,17A,Sbc,Sebkha continental,,,,,,uuid,,,5e3d2530-63c7-11ec-a204-ca09a8793975,,,,,
L30,hp,17A,Sbc,Sebkha continental,17B,,,,,name,,,Horizontal Pattern 1,,,,,
L30,hp,17A,Sbc,Sebkha continental,17B,,,,,description,,,Describe the horizontal pattern,,,,,
L30,stratum,17A,Sbc,Sebkha continental,17B,17C,,,,name,,,Stratum 1,,,,,
L30,stratum,17A,Sbc,Sebkha continental,17B,17C,,,,description,,,Abiotic surface 1,,,,,
L30,stratum,17A,Sbc,Sebkha continental,17B,17C,,,,presence_type,,,Mandatory,,,,,
L30,stratum,17A,Sbc,Sebkha continental,17B,17C,,,,@ontop,,,0,,,,,
L30,element,17A,Sbc,Sebkha continental,17B,17C,1,,LC_BareSoil,lccs3_type,,,LC_BareSoil,,,,,
L30,element,17A,Sbc,Sebkha continental,17B,17C,1,,LC_BareSoil,name,,,Bare Soil,,,,,
L30,element,17A,Sbc,Sebkha continental,17B,17C,1,,LC_BareSoil,description,,,Describe a bare soil surface type,,,,,
L30,element,17A,Sbc,Sebkha continental,17B,17C,1,,LC_BareSoil,presence_type,,,Mandatory,,,,,
L30,element,17A,Sbc,Sebkha continental,17B,17C,2,,LC_InorganicDeposits,lccs3_type,,,LC_InorganicDeposits,,,,,
L30,element,17A,Sbc,Sebkha continental,17B,17C,2,,LC_InorganicDeposits,name,,,Inorganic Deposits,,,,,
L30,element,17A,Sbc,Sebkha continental,17B,17C,2,,LC_InorganicDeposits,description,,,Describe deposits of inorganic elements,,,,,
L30,element,17A,Sbc,Sebkha continental,17B,17C,2,,LC_InorganicDeposits,presence_type,,,Optional,,,,,
L30,stratum,17A,Sbc,Sebkha continental,17B,17F,,,,name,,,Stratum 2,,,,,
L30,stratum,17A,Sbc,Sebkha continental,17B,17F,,,,description,,,Abiotic surface 2,,,,,
L30,stratum,17A,Sbc,Sebkha continental,17B,17F,,,,presence_type,,,Mandatory,,,,,
L30,stratum,17A,Sbc,Sebkha continental,17B,17F,,,,@ontop,,,0,,,,,
L30,element,17A,Sbc,Sebkha continental,17B,17F,1,,LC_WaterBody,lccs3_type,,,LC_WaterBody,,,,,
L30,element,17A,Sbc,Sebkha continental,17B,17F,1,,LC_WaterBody,name,,,Water Body,,,,,
L30,element,17A,Sbc,Sebkha continental,17B,17F,1,,LC_WaterBody,description,,,Describe a water body surface element,,,,,
L30,element,17A,Sbc,Sebkha continental,17B,17F,1,,LC_WaterBody,presence_type,,,Mandatory,,,,,
L30,characteristic,17A,Sbc,Sebkha continental,17B,17F,1,1,LC_ArtificialityCharacteristic,lccs3_type,,,LC_Artificiality,,,,,
L30,characteristic,17A,Sbc,Sebkha continental,17B,17F,1,1,LC_ArtificialityCharacteristic,name,,,Artificiality,,,,,
L30,characteristic,17A,Sbc,Sebkha continental,17B,17F,1,1,LC_ArtificialityCharacteristic,description,,,Describe the artificiality characteristic,,,,,
L30,characteristic,17A,Sbc,Sebkha continental,17B,17F,1,1,LC_ArtificialityCharacteristic,type,,,Natural,,,,,
L30,characteristic,17A,Sbc,Sebkha continental,17B,17F,1,2,LC_WaterSalinityCharacteristic,lccs3_type,,,LC_WaterSalinity,,,,,
L30,characteristic,17A,Sbc,Sebkha continental,17B,17F,1,2,LC_WaterSalinityCharacteristic,name,,,Water Salinity,,,,,
L30,characteristic,17A,Sbc,Sebkha continental,17B,17F,1,2,LC_WaterSalinityCharacteristic,description,,,Describe the water salinity characteristic,,,,,
L30,characteristic,17A,Sbc,Sebkha continental,17B,17F,1,2,LC_WaterSalinityCharacteristic,type,,,Brackish,,,,,
L30,class,186,Is,Infrasctructure,,,,,,class_name,,,Infrasctructure,,,,,
L30,class,186,Is,Infrasctructure,,,,,,class_description,,,"Ensemble d’installations qui soutiennent la fonctionnalité durable des ménages et des entreprises dans un pays, une ville ou une autre région, nécessaires au fonctionnement de son économie. On distingue particulièrement dans cette classe les port, aéroports, stades.",,,,,
L30,class,186,Is,Infrasctructure,,,,,,class_map_code,,,Is,,,,,
L30,class,186,Is,Infrasctructure,,,,,,uuid,,,c0219850-63cf-11ec-a204-ca09a8793975,,,,,
L30,hp,186,Is,Infrasctructure,187,,,,,name,,,Horizontal Pattern 1,,,,,
L30,hp,186,Is,Infrasctructure,187,,,,,description,,,Describe the horizontal pattern,,,,,
L30,stratum,186,Is,Infrasctructure,187,188,,,,name,,,Stratum 1,,,,,
L30,stratum,186,Is,Infrasctructure,187,188,,,,description,,,Abiotic surface 1,,,,,
L30,stratum,186,Is,Infrasctructure,187,188,,,,presence_type,,,Mandatory,,,,,
L30,stratum,186,Is,Infrasctructure,187,188,,,,@ontop,,,0,,,,,
L30,element,186,Is,Infrasctructure,187,188,1,,LC_OtherConstruction,lccs3_type,,,LC_OtherConstruction,,,,,
L30,element,186,Is,Infrasctructure,187,188,1,,LC_OtherConstruction,name,,,Other Constructions,,,,,
L30,element,186,Is,Infrasctructure,187,188,1,,LC_OtherConstruction,description,,,Describe a non-linear surface type of other construction type than buildings,,,,,
L30,element,186,Is,Infrasctructure,187,188,1,,LC_OtherConstruction,presence_type,,,Mandatory,,,,,
L30,characteristic,186,Is,Infrasctructure,187,188,1,1,LC_ConstructionUse,lccs3_type,,,LC_ConstructionUse,,,,,
L30,characteristic,186,Is,Infrasctructure,187,188,1,1,LC_ConstructionUse,name,,,Construction Use,,,,,
L30,characteristic,186,Is,Infrasctructure,187,188,1,1,LC_ConstructionUse,description,,,Describe the construction use characteristic,,,,,
L30,characteristic,186,Is,Infrasctructure,187,188,1,1,LC_ConstructionUse,type,,,"port, aeroport, stade",,,,,
L30,class,18B,Bla,Zone batie lineaire et autres,,,,,,class_name,,,Zone batie lineaire et autres,,,,,
L30,class,18B,Bla,Zone batie lineaire et autres,,,,,,class_description,,,"Structures urbaines et réseaux de transport qui dominent la superficie à plus de 80 pour cent de la surface terrestre est recouverte d'éléments imperméables tels que des bâtiments, des routes et des surfaces artificiellement revêtues. Les zones non linéaires de végétation et du sol nu sont exceptionnelles.",,,,,
L30,class,18B,Bla,Zone batie lineaire et autres,,,,,,class_map_code,,,Bla,,,,,
L30,class,18B,Bla,Zone batie lineaire et autres,,,,,,uuid,,,1d2e3e40-63d0-11ec-a204-ca09a8793975,,,,,
L30,hp,18B,Bla,Zone batie lineaire et autres,18C,,,,,name,,,Horizontal Pattern 1,,,,,
L30,hp,18B,Bla,Zone batie lineaire et autres,18C,,,,,description,,,Describe the horizontal pattern,,,,,
L30,stratum,18B,Bla,Zone batie lineaire et autres,18C,18D,,,,name,,,Stratum 1,,,,,
L30,stratum,18B,Bla,Zone batie lineaire et autres,18C,18D,,,,description,,,Abiotic surface 1,,,,,
L30,stratum,18B,Bla,Zone batie lineaire et autres,18C,18D,,,,presence_type,,,Mandatory,,,,,
L30,stratum,18B,Bla,Zone batie lineaire et autres,18C,18D,,,,@ontop,,,0,,,,,
L30,element,18B,Bla,Zone batie lineaire et autres,18C,18D,1,,LC_LinearSurface,lccs3_type,,,LC_LinearSurface,,,,,
L30,element,18B,Bla,Zone batie lineaire et autres,18C,18D,1,,LC_LinearSurface,name,,,Linear Surface,,,,,
L30,element,18B,Bla,Zone batie lineaire et autres,18C,18D,1,,LC_LinearSurface,description,,,Describe a linear built-up surface element,,,,,
L30,element,18B,Bla,Zone batie lineaire et autres,18C,18D,1,,LC_LinearSurface,presence_type,,,Mandatory,,,,,
L30,characteristic,18B,Bla,Zone batie lineaire et autres,18C,18D,1,1,LC_ConstructionUse,lccs3_type,,,LC_ConstructionUse,,,,,
L30,characteristic,18B,Bla,Zone batie lineaire et autres,18C,18D,1,1,LC_ConstructionUse,name,,,Construction Use,,,,,
L30,characteristic,18B,Bla,Zone batie lineaire et autres,18C,18D,1,1,LC_ConstructionUse,description,,,Describe the construction use characteristic,,,,,
L30,characteristic,18B,Bla,Zone batie lineaire et autres,18C,18D,1,1,LC_ConstructionUse,type,,,"route, autoroute, chemains de fer, etc.",,,,,
L30,class,194,R,Reg,,,,,,class_name,,,Reg,,,,,
L30,class,194,R,Reg,,,,,,class_description,,,"Surface désertique recouverte de fragments de roche anguleux ou arrondis étroitement entassés, de la taille de cailloux et de galets. Elles dominent généralement les cônes alluviaux.",,,,,
L30,class,194,R,Reg,,,,,,class_map_code,,,R,,,,,
L30,class,194,R,Reg,,,,,,uuid,,,56887c30-63d2-11ec-a204-ca09a8793975,,,,,
L30,class_char,194,R,Reg,,,,1,LC_GeographicalAspects,name,,,Geographical Aspects,,,,,
L30,class_char,194,R,Reg,,,,1,LC_GeographicalAspects,description,,,Describe the geographical aspects,,,,,
L30,class_char,194,R,Reg,,,,1,LC_GeographicalAspects,type,,,Desert,,,,,
L30,hp,194,R,Reg,196,,,,,name,,,Horizontal Pattern 1,,,,,
L30,hp,194,R,Reg,196,,,,,description,,,Describe the horizontal pattern,,,,,
L30,stratum,194,R,Reg,196,197,,,,name,,,Stratum 1,,,,,
L30,stratum,194,R,Reg,196,197,,,,description,,,Abiotic surface 1,,,,,
L30,stratum,194,R,Reg,196,197,,,,presence_type,,,Mandatory,,,,,
L30,stratum,194,R,Reg,196,197,,,,@ontop,,,0,,,,,
L30,element,194,R,Reg,196,197,1,,LC_CoarseMineralFragments,lccs3_type,,,LC_CoarseMineralFragments,,,,,
L30,element,194,R,Reg,196,197,1,,LC_CoarseMineralFragments,name,,,Coarse Mineral Fragments,,,,,
L30,element,194,R,Reg,196,197,1,,LC_CoarseMineralFragments,description,,,Describe coarse mineral fragments surface element,,,,,
L30,element,194,R,Reg,196,197,1,,LC_CoarseMineralFragments,presence_type,,,Mandatory,,,,,
L30,element,194,R,Reg,196,197,1,,LC_CoarseMineralFragments,type,,,Gravel,,,,,
L30,stratum,194,R,Reg,196,199,,,,name,,,Stratum 2,,,,,
L30,stratum,194,R,Reg,196,199,,,,description,,,Abiotic surface 2,,,,,
L30,stratum,194,R,Reg,196,199,,,,presence_type,,,Mandatory,,,,,
L30,stratum,194,R,Reg,196,199,,,,@ontop,,,0,,,,,
L30,element,194,R,Reg,196,199,1,,LC_BareSoil,lccs3_type,,,LC_BareSoil,,,,,
L30,element,194,R,Reg,196,199,1,,LC_BareSoil,name,,,Bare Soil,,,,,
L30,element,194,R,Reg,196,199,1,,LC_BareSoil,description,,,Describe a bare soil surface type,,,,,
L30,element,194,R,Reg,196,199,1,,LC_BareSoil,presence_type,,,Mandatory,,,,,
L30,class,19B,Hm,Hammada,,,,,,class_name,,,Hammada,,,,,
L30,class,19B,Hm,Hammada,,,,,,class_description,,,"Liée à la chaussée du désert qui se présente sous forme de plaines pierreuses ou de dépressions recouvertes de gravier ou de rochers, plutôt que sous forme de plateaux montagneux.",,,,,
L30,class,19B,Hm,Hammada,,,,,,class_map_code,,,Hm,,,,,
L30,class,19B,Hm,Hammada,,,,,,uuid,,,c71be9a0-63d2-11ec-a204-ca09a8793975,,,,,
L30,class_char,19B,Hm,Hammada,,,,1,LC_GeographicalAspects,name,,,Geographical Aspects,,,,,
L30,class_char,19B,Hm,Hammada,,,,1,LC_GeographicalAspects,description,,,Describe the geographical aspects,,,,,
L30,class_char,19B,Hm,Hammada,,,,1,LC_GeographicalAspects,type,,,Desert,,,,,
L30,hp,19B,Hm,Hammada,19D,,,,,name,,,Horizontal Pattern 1,,,,,
L30,hp,19B,Hm,Hammada,19D,,,,,description,,,Describe the horizontal pattern,,,,,
L30,stratum,19B,Hm,Hammada,19D,19E,,,,name,,,Stratum 1,,,,,
L30,stratum,19B,Hm,Hammada,19D,19E,,,,description,,,Abiotic surface 1,,,,,
L30,stratum,19B,Hm,Hammada,19D,19E,,,,presence_type,,,Mandatory,,,,,
L30,stratum,19B,Hm,Hammada,19D,19E,,,,@ontop,,,0,,,,,
L30,element,19B,Hm,Hammada,19D,19E,1,,LC_CoarseMineralFragments,lccs3_type,,,LC_CoarseMineralFragments,,,,,
L30,element,19B,Hm,Hammada,19D,19E,1,,LC_CoarseMineralFragments,name,,,Coarse Mineral Fragments,,,,,
L30,element,19B,Hm,Hammada,19D,19E,1,,LC_CoarseMineralFragments,description,,,Describe coarse mineral fragments surface element,,,,,
L30,element,19B,Hm,Hammada,19D,19E,1,,LC_CoarseMineralFragments,presence_type,,,Mandatory,,,,,
L30,element,19B,Hm,Hammada,19D,19E,1,,LC_CoarseMineralFragments,type,,,Stone,,,,,
L30,stratum,19B,Hm,Hammada,19D,1A0,,,,name,,,Stratum 2,,,,,
L30,stratum,19B,Hm,Hammada,19D,1A0,,,,description,,,Abiotic surface 2,,,,,
L30,stratum,19B,Hm,Hammada,19D,1A0,,,,presence_type,,,Mandatory,,,,,
L30,stratum,19B,Hm,Hammada,19D,1A0,,,,@ontop,,,0,,,,,
L30,element,19B,Hm,Hammada,19D,1A0,1,,LC_BareSoil,lccs3_type,,,LC_BareSoil,,,,,
L30,element,19B,Hm,Hammada,19D,1A0,1,,LC_BareSoil,name,,,Bare Soil,,,,,
L30,element,19B,Hm,Hammada,19D,1A0,1,,LC_BareSoil,description,,,Describe a bare soil surface type,,,,,
L30,element,19B,Hm,Hammada,19D,1A0,1,,LC_BareSoil,presence_type,,,Mandatory,,,,,
L30,class,1A2,Rn,Roche nue,,,,,,class_name,,,Roche nue,,,,,
L30,class,1A2,Rn,Roche nue,,,,,,class_description,,,"Terrains nus non-végétalisés, recouverts de rochers ou compose de grandes zones rocheuses et sur lesquelles aucune végétation n’y existe.",,,,,
L30,class,1A2,Rn,Roche nue,,,,,,class_map_code,,,Rn,,,,,
L30,class,1A2,Rn,Roche nue,,,,,,uuid,,,1d844620-63d3-11ec-a204-ca09a8793975,,,,,
L30,hp,1A2,Rn,Roche nue,1A3,,,,,name,,,Horizontal Pattern 1,,,,,
L30,hp,1A2,Rn,Roche nue,1A3,,,,,description,,,Describe the horizontal pattern,,,,,
L30,stratum,1A2,Rn,Roche nue,1A3,1A4,,,,name,,,Stratum 1,,,,,
L30,stratum,1A2,Rn,Roche nue,1A3,1A4,,,,description,,,Abiotic surface 1,,,,,
L30,stratum,1A2,Rn,Roche nue,1A3,1A4,,,,presence_type,,,Mandatory,,,,,
L30,stratum,1A2,Rn,Roche nue,1A3,1A4,,,,@ontop,,,0,,,,,
L30,element,1A2,Rn,Roche nue,1A3,1A4,1,,LC_BareRock,lccs3_type,,,LC_BareRocks,,,,,
L30,element,1A2,Rn,Roche nue,1A3,1A4,1,,LC_BareRock,name,,,Bare Rocks,,,,,
L30,element,1A2,Rn,Roche nue,1A3,1A4,1,,LC_BareRock,description,,,Describe bare rocks surface element,,,,,
L30,element,1A2,Rn,Roche nue,1A3,1A4,1,,LC_BareRock,presence_type,,,Mandatory,,,,,
L30,class,1A6,Fi,Arbres fruitiers en irrigué,,,,,,class_name,,,Arbres fruitiers en irrigué,,,,,
L30,class,1A6,Fi,Arbres fruitiers en irrigué,,,,,,class_description,,,"Parcelles cultivées plantées en irrigué d'arbres fruitiers et d'arbustes, destinées à la production de fruits. Le schéma de plantation peut être constitué d'espèces fruitières simples ou mixtes, toutes deux associées à des surfaces herbeuses permanentes.",,,,,
L30,class,1A6,Fi,Arbres fruitiers en irrigué,,,,,,class_map_code,,,Fi,,,,,
L30,class,1A6,Fi,Arbres fruitiers en irrigué,,,,,,uuid,,,69b5e3a0-63d3-11ec-a204-ca09a8793975,,,,,
L30,class_char,1A6,Fi,Arbres fruitiers en irrigué,,,,1,LC_GeographicalAspects,name,,,Geographical Aspects,,,,,
L30,class_char,1A6,Fi,Arbres fruitiers en irrigué,,,,1,LC_GeographicalAspects,description,,,Describe the geographical aspects,,,,,
L30,class_char,1A6,Fi,Arbres fruitiers en irrigué,,,,2,LC_Climate,name,,,Climate,,,,,
L30,class_char,1A6,Fi,Arbres fruitiers en irrigué,,,,2,LC_Climate,description,,,Describe the climate,,,,,
L30,hp,1A6,Fi,Arbres fruitiers en irrigué,1A7,,,,,name,,,Horizontal Pattern 1,,,,,
L30,hp,1A6,Fi,Arbres fruitiers en irrigué,1A7,,,,,description,,,Describe the horizontal pattern,,,,,
L30,stratum,1A6,Fi,Arbres fruitiers en irrigué,1A7,1A8,,,,name,,,Stratum 1,,,,,
L30,stratum,1A6,Fi,Arbres fruitiers en irrigué,1A7,1A8,,,,description,,,Vegetation 1,,,,,
L30,stratum,1A6,Fi,Arbres fruitiers en irrigué,1A7,1A8,,,,presence_type,,,Mandatory,,,,,
L30,stratum,1A6,Fi,Arbres fruitiers en irrigué,1A7,1A8,,,,@ontop,,,0,,,,,
L30,element,1A6,Fi,Arbres fruitiers en irrigué,1A7,1A8,1,,LC_Tree,lccs3_type,,,LC_Trees,,,,,
L30,element,1A6,Fi,Arbres fruitiers en irrigué,1A7,1A8,1,,LC_Tree,name,,,Trees,,,,,
L30,element,1A6,Fi,Arbres fruitiers en irrigué,1A7,1A8,1,,LC_Tree,description,,,Describe a vegetation element of trees type,,,,,
L30,element,1A6,Fi,Arbres fruitiers en irrigué,1A7,1A8,1,,LC_Tree,presence_type,,,Mandatory,,,,,
L30,characteristic,1A6,Fi,Arbres fruitiers en irrigué,1A7,1A8,1,1,LC_CultivatedAndManagedVegetationCharacteristics,lccs3_type,,,LC_CultivatedAndManagedVegetation,,,,,
L30,characteristic,1A6,Fi,Arbres fruitiers en irrigué,1A7,1A8,1,1,LC_CultivatedAndManagedVegetationCharacteristics,name,,,Cultivated And Managed Vegetation,,,,,
L30,characteristic,1A6,Fi,Arbres fruitiers en irrigué,1A7,1A8,1,1,LC_CultivatedAndManagedVegetationCharacteristics,description,,,Describe the cultivated and managed vegetation,,,,,
L30,characteristic,1A6,Fi,Arbres fruitiers en irrigué,1A7,1A8,1,1,LC_CultivatedAndManagedVegetationCharacteristics,elements/LC_Characteristic[LC_OrchardAndOtherPlantation]/name,,,Orchard And Other Plantation,,,,,
L30,characteristic,1A6,Fi,Arbres fruitiers en irrigué,1A7,1A8,1,1,LC_CultivatedAndManagedVegetationCharacteristics,elements/LC_Characteristic[LC_OrchardAndOtherPlantation]/description,,,Describe the orchard and other plantation,,,,,
L30,characteristic,1A6,Fi,Arbres fruitiers en irrigué,1A7,1A8,1,1,LC_CultivatedAndManagedVegetationCharacteristics,elements/LC_Characteristic[LC_Irrigation]/name,,,Irrigation,,,,,
L30,characteristic,1A6,Fi,Arbres fruitiers en irrigué,1A7,1A8,1,1,LC_CultivatedAndManagedVegetationCharacteristics,elements/LC_Characteristic[LC_Irrigation]/description,,,Describe the irrigation,,,,,
L30,characteristic,1A6,Fi,Arbres fruitiers en irrigué,1A7,1A8,1,1,LC_CultivatedAndManagedVegetationCharacteristics,elements/LC_Characteristic[LC_Irrigation]/irrigation_type,,,Surface,,,,,
L30,class,1AE,Pp,Plantations pastorales,,,,,,class_name,,,Plantations pastorales,,,,,
L30,class,1AE,Pp,Plantations pastorales,,,,,,class_description,,,"Des plantations, à base d’arbustes fourragers, qui améliorent la production des espèces autochtones, en favorisant leur régénération naturelle et leur développement en raison de la mise en défens. On retrouve les espèces suivantes : Acacia cyanophylla, Cactus inerme ou épineux, Atriplex numilaria, Medicago arboria, et autres espèces pastorales.",,,,,
L30,class,1AE,Pp,Plantations pastorales,,,,,,class_map_code,,,Pp,,,,,
L30,class,1AE,Pp,Plantations pastorales,,,,,,uuid,,,bf70b020-63d5-11ec-a204-ca09a8793975,,,,,
L30,hp,1AE,Pp,Plantations pastorales,1AF,,,,,name,,,Horizontal Pattern 1,,,,,
L30,hp,1AE,Pp,Plantations pastorales,1AF,,,,,description,,,Describe the horizontal pattern,,,,,
L30,stratum,1AE,Pp,Plantations pastorales,1AF,1B0,,,,name,,,Stratum 1,,,,,
L30,stratum,1AE,Pp,Plantations pastorales,1AF,1B0,,,,description,,,Vegetation 1,,,,,
L30,stratum,1AE,Pp,Plantations pastorales,1AF,1B0,,,,presence_type,,,Mandatory,,,,,
L30,stratum,1AE,Pp,Plantations pastorales,1AF,1B0,,,,@ontop,,,0,,,,,
L30,element,1AE,Pp,Plantations pastorales,1AF,1B0,1,,LC_HerbaceousGrowthForm,lccs3_type,,,LC_HerbaceousGrowthForms,,,,,
L30,element,1AE,Pp,Plantations pastorales,1AF,1B0,1,,LC_HerbaceousGrowthForm,name,,,Herbaceous growth forms,,,,,
L30,element,1AE,Pp,Plantations pastorales,1AF,1B0,1,,LC_HerbaceousGrowthForm,description,,,Describe a vegetation element of herbaceous growth form type,,,,,
L30,element,1AE,Pp,Plantations pastorales,1AF,1B0,1,,LC_HerbaceousGrowthForm,presence_type,,,Mandatory,,,,,
L30,element,1AE,Pp,Plantations pastorales,1AF,1B0,1,,LC_HerbaceousGrowthForm,LC_HerbaceousGrowthLeafPhenology[LC_HerbaceousGrowthLeafPhenology]/name,,,Herbaceous Growth Leaf Phenology,,,,,
L30,element,1AE,Pp,Plantations pastorales,1AF,1B0,1,,LC_HerbaceousGrowthForm,LC_HerbaceousGrowthLeafPhenology[LC_HerbaceousGrowthLeafPhenology]/description,,,Contains the elements of Herbaceous Growth Leaf Phenology,,,,,
L30,element,1AE,Pp,Plantations pastorales,1AF,1B0,1,,LC_HerbaceousGrowthForm,LC_HerbaceousGrowthLeafPhenology[LC_HerbaceousGrowthLeafPhenology]/elements/LC_HerbaceousLeafPhenology[LC_Perennial]/name,,,Perennial,,,,,
L30,element,1AE,Pp,Plantations pastorales,1AF,1B0,1,,LC_HerbaceousGrowthForm,LC_HerbaceousGrowthLeafPhenology[LC_HerbaceousGrowthLeafPhenology]/elements/LC_HerbaceousLeafPhenology[LC_Perennial]/description,,,Describe a Perennial herbaceous growth form leaf phenology,,,,,
L30,characteristic,1AE,Pp,Plantations pastorales,1AF,1B0,1,1,LC_CultivatedAndManagedVegetationCharacteristics,lccs3_type,,,LC_CultivatedAndManagedVegetation,,,,,
L30,characteristic,1AE,Pp,Plantations pastorales,1AF,1B0,1,1,LC_CultivatedAndManagedVegetationCharacteristics,name,,,Cultivated And Managed Vegetation,,,,,
L30,characteristic,1AE,Pp,Plantations pastorales,1AF,1B0,1,1,LC_CultivatedAndManagedVegetationCharacteristics,description,,,Describe the cultivated and managed vegetation,,,,,
L30,characteristic,1AE,Pp,Plantations pastorales,1AF,1B0,1,1,LC_CultivatedAndManagedVegetationCharacteristics,elements/LC_Characteristic[LC_Irrigation]/name,,,Irrigation,,,,,
L30,characteristic,1AE,Pp,Plantations pastorales,1AF,1B0,1,1,LC_CultivatedAndManagedVegetationCharacteristics,elements/LC_Characteristic[LC_Irrigation]/description,,,Describe the irrigation,,,,,
L30,characteristic,1AE,Pp,Plantations pastorales,1AF,1B0,1,1,LC_CultivatedAndManagedVegetationCharacteristics,elements/LC_Characteristic[LC_Irrigation]/irrigation_type,,,Surface,,,,,
L30,characteristic,1AE,Pp,Plantations pastorales,1AF,1B0,1,2,LC_FloristicAspectsCharacteristic,lccs3_type,,,LC_FloristicAspect,,,,,
L30,characteristic,1AE,Pp,Plantations pastorales,1AF,1B0,1,2,LC_FloristicAspectsCharacteristic,name,,,Floristic Aspect,,,,,
L30,characteristic,1AE,Pp,Plantations pastorales,1AF,1B0,1,2,LC_FloristicAspectsCharacteristic,description,,,Describe the floristic aspect,,,,,
L30,characteristic,1AE,Pp,Plantations pastorales,1AF,1B0,1,2,LC_FloristicAspectsCharacteristic,elements/LC_Characteristic[LC_FloristicAspectSpecies]/name,,,Floristic Aspect Species,,,,,
L30,characteristic,1AE,Pp,Plantations pastorales,1AF,1B0,1,2,LC_FloristicAspectsCharacteristic,elements/LC_Characteristic[LC_FloristicAspectSpecies]/description,,,Describe the floristic aspect species,,,,,
L30,characteristic,1AE,Pp,Plantations pastorales,1AF,1B0,1,2,LC_FloristicAspectsCharacteristic,elements/LC_Characteristic[LC_FloristicAspectSpecies]/species_name,,,"acacia, cactus, atriplex, medicago, etc",,,,,
L30,class,1C3,Aac,Clairiere forestiere,,,,,,class_name,,,Clairiere forestiere,,,,,
L30,class,1C3,Aac,Clairiere forestiere,,,,,,class_description,,,Terres ou enclaves (vides) à l'intérieur des forêts.,,,,,
L30,class,1C3,Aac,Clairiere forestiere,,,,,,class_map_code,,,Aac,,,,,
L30,class,1C3,Aac,Clairiere forestiere,,,,,,uuid,,,d31bd310-63d6-11ec-a204-ca09a8793975,,,,,
L30,hp,1C3,Aac,Clairiere forestiere,1C4,,,,,name,,,Horizontal Pattern 1,,,,,
L30,hp,1C3,Aac,Clairiere forestiere,1C4,,,,,description,,,Describe the horizontal pattern,,,,,
L30,stratum,1C3,Aac,Clairiere forestiere,1C4,1C5,,,,name,,,Stratum 1,,,,,
L30,stratum,1C3,Aac,Clairiere forestiere,1C4,1C5,,,,description,,,Vegetation 1,,,,,
L30,stratum,1C3,Aac,Clairiere forestiere,1C4,1C5,,,,presence_type,,,Mandatory,,,,,
L30,stratum,1C3,Aac,Clairiere forestiere,1C4,1C5,,,,@ontop,,,0,,,,,
L30,element,1C3,Aac,Clairiere forestiere,1C4,1C5,1,,LC_Tree,lccs3_type,,,LC_Trees,,,,,
L30,element,1C3,Aac,Clairiere forestiere,1C4,1C5,1,,LC_Tree,name,,,Trees,,,,,
L30,element,1C3,Aac,Clairiere forestiere,1C4,1C5,1,,LC_Tree,description,,,Describe a vegetation element of trees type,,,,,
L30,element,1C3,Aac,Clairiere forestiere,1C4,1C5,1,,LC_Tree,presence_type,,,Mandatory,,,,,
L30,characteristic,1C3,Aac,Clairiere forestiere,1C4,1C5,1,1,LC_CultivatedAndManagedVegetationCharacteristics,lccs3_type,,,LC_CultivatedAndManagedVegetation,,,,,
L30,characteristic,1C3,Aac,Clairiere forestiere,1C4,1C5,1,1,LC_CultivatedAndManagedVegetationCharacteristics,name,,,Cultivated And Managed Vegetation,,,,,
L30,characteristic,1C3,Aac,Clairiere forestiere,1C4,1C5,1,1,LC_CultivatedAndManagedVegetationCharacteristics,description,,,Describe the cultivated and managed vegetation,,,,,
L30,characteristic,1C3,Aac,Clairiere forestiere,1C4,1C5,1,1,LC_CultivatedAndManagedVegetationCharacteristics,elements/LC_Characteristic[LC_ForestPlantation]/name,,,Forest Plantation,,,,,
L30,characteristic,1C3,Aac,Clairiere forestiere,1C4,1C5,1,1,LC_CultivatedAndManagedVegetationCharacteristics,elements/LC_Characteristic[LC_ForestPlantation]/description,,,Describe the forest plantation,,,,,
L30,characteristic,1C3,Aac,Clairiere forestiere,1C4,1C5,1,2,LC_FloristicAspectsCharacteristic,lccs3_type,,,LC_FloristicAspect,,,,,
L30,characteristic,1C3,Aac,Clairiere forestiere,1C4,1C5,1,2,LC_FloristicAspectsCharacteristic,name,,,Floristic Aspect,,,,,
L30,characteristic,1C3,Aac,Clairiere forestiere,1C4,1C5,1,2,LC_FloristicAspectsCharacteristic,description,,,Describe the floristic aspect,,,,,
L30,characteristic,1C3,Aac,Clairiere forestiere,1C4,1C5,1,2,LC_FloristicAspectsCharacteristic,elements/LC_Characteristic[LC_FloristicAspectSpecies]/name,,,Floristic Aspect Species,,,,,
L30,characteristic,1C3,Aac,Clairiere forestiere,1C4,1C5,1,2,LC_FloristicAspectsCharacteristic,elements/LC_Characteristic[LC_FloristicAspectSpecies]/description,,,Describe the floristic aspect species,,,,,
L30,characteristic,1C3,Aac,Clairiere forestiere,1C4,1C5,1,2,LC_FloristicAspectsCharacteristic,elements/LC_Characteristic[LC_FloristicAspectSpecies]/species_name,,,noms d'especes,,,,,
L30,stratum,1C3,Aac,Clairiere forestiere,1C4,1CB,,,,name,,,Stratum 2,,,,,
L30,stratum,1C3,Aac,Clairiere forestiere,1C4,1CB,,,,description,,,Vegetation 2,,,,,
L30,stratum,1C3,Aac,Clairiere forestiere,1C4,1CB,,,,presence_type,,,Mandatory,,,,,
L30,stratum,1C3,Aac,Clairiere forestiere,1C4,1CB,,,,@ontop,,,0,,,,,
L30,element,1C3,Aac,Clairiere forestiere,1C4,1CB,1,,LC_Shrub,lccs3_type,,,LC_Shrubs,,,,,
L30,element,1C3,Aac,Clairiere forestiere,1C4,1CB,1,,LC_Shrub,name,,,Shrubs,,,,,
L30,element,1C3,Aac,Clairiere forestiere,1C4,1CB,1,,LC_Shrub,description,,,Describe a vegetation element of shrubs type,,,,,
L30,element,1C3,Aac,Clairiere forestiere,1C4,1CB,1,,LC_Shrub,presence_type,,,Mandatory,,,,,
L30,class,1D1,Arb,Boqueteau,,,,,,class_name,,,Boqueteau,,,,,
L30,class,1D1,Arb,Boqueteau,,,,,,class_description,,,"Espèce ou groupe d'espèces forestières ayant un recouvrement de 10 pour cent au minimum de l'espace boisé, une largeur minimale en cime de 15 m et d'une superficie minimale de prise en compte de 0,5 ha. On retrouve principalement les espèces suivantes: chêne liège, chêne zeen, chêne vert, acacia tortillis, pin d’Alep, pin maritime, cyprès, thuya, genévriers, mélange d'espèces.",,,,,
L30,class,1D1,Arb,Boqueteau,,,,,,class_map_code,,,Arb,,,,,
L30,class,1D1,Arb,Boqueteau,,,,,,uuid,,,d4384a20-63d7-11ec-a204-ca09a8793975,,,,,
L30,hp,1D1,Arb,Boqueteau,1D2,,,,,name,,,Horizontal Pattern 1,,,,,
L30,hp,1D1,Arb,Boqueteau,1D2,,,,,description,,,Describe the horizontal pattern,,,,,
L30,stratum,1D1,Arb,Boqueteau,1D2,1D3,,,,name,,,Stratum 1,,,,,
L30,stratum,1D1,Arb,Boqueteau,1D2,1D3,,,,description,,,Vegetation 1,,,,,
L30,stratum,1D1,Arb,Boqueteau,1D2,1D3,,,,presence_type,,,Mandatory,,,,,
L30,stratum,1D1,Arb,Boqueteau,1D2,1D3,,,,@ontop,,,0,,,,,
L30,element,1D1,Arb,Boqueteau,1D2,1D3,1,,LC_Tree,lccs3_type,,,LC_Trees,,,,,
L30,element,1D1,Arb,Boqueteau,1D2,1D3,1,,LC_Tree,name,,,Trees,,,,,
L30,element,1D1,Arb,Boqueteau,1D2,1D3,1,,LC_Tree,description,,,Describe a vegetation element of trees type,,,,,
L30,element,1D1,Arb,Boqueteau,1D2,1D3,1,,LC_Tree,presence_type,,,Mandatory,,,,,
L30,characteristic,1D1,Arb,Boqueteau,1D2,1D3,1,1,LC_VegetationArtificialityCharacteristic,lccs3_type,,,LC_NaturalOrSeminaturalVegetation,,,,,value: Natural or Seminatural
L30,characteristic,1D1,Arb,Boqueteau,1D2,1D3,1,1,LC_VegetationArtificialityCharacteristic,name,,,Natural Or Seminatural Vegetation,,,,,
L30,characteristic,1D1,Arb,Boqueteau,1D2,1D3,1,1,LC_VegetationArtificialityCharacteristic,description,,,Describe the natural or seminatural vegetation,,,,,
L30,characteristic,1D1,Arb,Boqueteau,1D2,1D3,1,2,LC_FloristicAspectsCharacteristic,lccs3_type,,,LC_FloristicAspect,,,,,
L30,characteristic,1D1,Arb,Boqueteau,1D2,1D3,1,2,LC_FloristicAspectsCharacteristic,name,,,Floristic Aspect,,,,,
L30,characteristic,1D1,Arb,Boqueteau,1D2,1D3,1,2,LC_FloristicAspectsCharacteristic,description,,,Describe the floristic aspect,,,,,
L30,characteristic,1D1,Arb,Boqueteau,1D2,1D3,1,2,LC_FloristicAspectsCharacteristic,elements/LC_Characteristic[LC_FloristicAspectSpecies]/name,,,Floristic Aspect Species,,,,,
L30,characteristic,1D1,Arb,Boqueteau,1D2,1D3,1,2,LC_FloristicAspectsCharacteristic,elements/LC_Characteristic[LC_FloristicAspectSpecies]/description,,,Describe the floristic aspect species,,,,,
L30,characteristic,1D1,Arb,Boqueteau,1D2,1D3,1,2,LC_FloristicAspectsCharacteristic,elements/LC_Characteristic[LC_FloristicAspectSpecies]/species_name,,,noms d'especes,,,,,
L30,class,1D8,Abm,Maquis non-arbore,,,,,,class_name,,,Maquis non-arbore,,,,,
L30,class,1D8,Abm,Maquis non-arbore,,,,,,class_description,,,"Terres ayant, soit un couvert arboré (ou une densité de peuplement) de 5 à 10 pour cent d’arbres capables d’atteindre une hauteur d’au moins 5 m à maturité in situ ; ou un couvert arboré (ou une densité de peuplement) de plus de 10 pour cent d’arbres d’une hauteur inférieure à 5 m à maturité in situ (c’est-à-dire les arbres nains ou rabougris), ou de plus de 10 pour cent d’arbustes et formations arbustives. On retrouve principalement les espèces suivantes: arbousier, bruyère, calycotome, câpre, chênes (k/v), ciste, genévriers, lentisque, myrthe, oléastre, phyllere, romarin, rhus tripartitum, globulaire, thym, periploca, diss, et autres espèces d'arbustes.",,,,,
L30,class,1D8,Abm,Maquis non-arbore,,,,,,class_map_code,,,Abm,,,,,
L30,class,1D8,Abm,Maquis non-arbore,,,,,,uuid,,,49fc4cc0-63d8-11ec-a204-ca09a8793975,,,,,
L30,class_char,1D8,Abm,Maquis non-arbore,,,,1,LC_GeographicalAspects,name,,,Geographical Aspects,,,,,
L30,class_char,1D8,Abm,Maquis non-arbore,,,,1,LC_GeographicalAspects,description,,,Describe the geographical aspects,,,,,
L30,class_char,1D8,Abm,Maquis non-arbore,,,,1,LC_GeographicalAspects,type,,,Continental,,,,,
L30,class_char,1D8,Abm,Maquis non-arbore,,,,2,LC_Climate,name,,,Climate,,,,,
L30,class_char,1D8,Abm,Maquis non-arbore,,,,2,LC_Climate,description,,,Describe the climate,,,,,
L30,class_char,1D8,Abm,Maquis non-arbore,,,,2,LC_Climate,termal_zone,,,Temperate Continental,,,,,
L30,class_char,1D8,Abm,Maquis non-arbore,,,,2,LC_Climate,length_of_growing_period,,,Dry Semi-arid,,,,,
L30,hp,1D8,Abm,Maquis non-arbore,1DB,,,,,name,,,Horizontal Pattern 1,,,,,
L30,hp,1D8,Abm,Maquis non-arbore,1DB,,,,,description,,,Describe the horizontal pattern,,,,,
L30,stratum,1D8,Abm,Maquis non-arbore,1DB,1DC,,,,name,,,Stratum 1,,,,,
L30,stratum,1D8,Abm,Maquis non-arbore,1DB,1DC,,,,description,,,Vegetation 1,,,,,
L30,stratum,1D8,Abm,Maquis non-arbore,1DB,1DC,,,,presence_type,,,Mandatory,,,,,
L30,stratum,1D8,Abm,Maquis non-arbore,1DB,1DC,,,,@ontop,,,0,,,,,
L30,element,1D8,Abm,Maquis non-arbore,1DB,1DC,1,,LC_Shrub,lccs3_type,,,LC_Shrubs,,,,,
L30,element,1D8,Abm,Maquis non-arbore,1DB,1DC,1,,LC_Shrub,name,,,Shrubs,,,,,
L30,element,1D8,Abm,Maquis non-arbore,1DB,1DC,1,,LC_Shrub,description,,,Describe a vegetation element of shrubs type,,,,,
L30,element,1D8,Abm,Maquis non-arbore,1DB,1DC,1,,LC_Shrub,presence_type,,,Mandatory,,,,,
L30,characteristic,1D8,Abm,Maquis non-arbore,1DB,1DC,1,1,LC_VegetationArtificialityCharacteristic,lccs3_type,,,LC_NaturalOrSeminaturalVegetation,,,,,value: Natural or Seminatural
L30,characteristic,1D8,Abm,Maquis non-arbore,1DB,1DC,1,1,LC_VegetationArtificialityCharacteristic,name,,,Natural Or Seminatural Vegetation,,,,,
L30,characteristic,1D8,Abm,Maquis non-arbore,1DB,1DC,1,1,LC_VegetationArtificialityCharacteristic,description,,,Describe the natural or seminatural vegetation,,,,,
L30,stratum,1D8,Abm,Maquis non-arbore,1DB,1DF,,,,name,,,Stratum 2,,,,,
L30,stratum,1D8,Abm,Maquis non-arbore,1DB,1DF,,,,description,,,Vegetation 2,,,,,
L30,stratum,1D8,Abm,Maquis non-arbore,1DB,1DF,,,,presence_type,,,Mandatory,,,,,
L30,stratum,1D8,Abm,Maquis non-arbore,1DB,1DF,,,,@ontop,,,0,,,,,
L30,element,1D8,Abm,Maquis non-arbore,1DB,1DF,1,,LC_Tree,lccs3_type,,,LC_Trees,,,,,
L30,element,1D8,Abm,Maquis non-arbore,1DB,1DF,1,,LC_Tree,name,,,Trees,,,,,
L30,element,1D8,Abm,Maquis non-arbore,1DB,1DF,1,,LC_Tree,description,,,Describe a vegetation element of trees type,,,,,
L30,element,1D8,Abm,Maquis non-arbore,1DB,1DF,1,,LC_Tree,presence_type,,,Mandatory,,,,,
L30,characteristic,1D8,Abm,Maquis non-arbore,1DB,1DF,1,1,LC_CultivatedAndManagedVegetationCharacteristics,lccs3_type,,,LC_CultivatedAndManagedVegetation,,,,,
L30,characteristic,1D8,Abm,Maquis non-arbore,1DB,1DF,1,1,LC_CultivatedAndManagedVegetationCharacteristics,name,,,Cultivated And Managed Vegetation,,,,,
L30,characteristic,1D8,Abm,Maquis non-arbore,1DB,1DF,1,1,LC_CultivatedAndManagedVegetationCharacteristics,description,,,Describe the cultivated and managed vegetation,,,,,
L30,class,1E5,Oii,Oliviers en irrigué et intercalaire,,,,,,class_name,,,Oliviers en irrigué et intercalaire,,,,,
L30,class,1E5,Oii,Oliviers en irrigué et intercalaire,,,,,,class_description,,,"Oliviers, en intercalaire avec des cultures annuelles et/ou avec de l’arboriculture, dont le développement est exclusivement assuré par l’irrigation.",,,,,
L30,class,1E5,Oii,Oliviers en irrigué et intercalaire,,,,,,class_map_code,,,Oii,,,,,
L30,class,1E5,Oii,Oliviers en irrigué et intercalaire,,,,,,uuid,,,96a467e0-63da-11ec-a204-ca09a8793975,,,,,
L30,hp,1E5,Oii,Oliviers en irrigué et intercalaire,1E6,,,,,name,,,Horizontal Pattern 1,,,,,
L30,hp,1E5,Oii,Oliviers en irrigué et intercalaire,1E6,,,,,description,,,Describe the horizontal pattern,,,,,
L30,stratum,1E5,Oii,Oliviers en irrigué et intercalaire,1E6,1E7,,,,name,,,Stratum 1,,,,,
L30,stratum,1E5,Oii,Oliviers en irrigué et intercalaire,1E6,1E7,,,,description,,,Vegetation 1,,,,,
L30,stratum,1E5,Oii,Oliviers en irrigué et intercalaire,1E6,1E7,,,,presence_type,,,Mandatory,,,,,
L30,stratum,1E5,Oii,Oliviers en irrigué et intercalaire,1E6,1E7,,,,@ontop,,,0,,,,,
L30,element,1E5,Oii,Oliviers en irrigué et intercalaire,1E6,1E7,1,,LC_Tree,lccs3_type,,,LC_Trees,,,,,
L30,element,1E5,Oii,Oliviers en irrigué et intercalaire,1E6,1E7,1,,LC_Tree,name,,,Trees,,,,,
L30,element,1E5,Oii,Oliviers en irrigué et intercalaire,1E6,1E7,1,,LC_Tree,description,,,Describe a vegetation element of trees type,,,,,
L30,element,1E5,Oii,Oliviers en irrigué et intercalaire,1E6,1E7,1,,LC_Tree,presence_type,,,Mandatory,,,,,
L30,characteristic,1E5,Oii,Oliviers en irrigué et intercalaire,1E6,1E7,1,1,LC_CultivatedAndManagedVegetationCharacteristics,lccs3_type,,,LC_CultivatedAndManagedVegetation,,,,,
L30,characteristic,1E5,Oii,Oliviers en irrigué et intercalaire,1E6,1E7,1,1,LC_CultivatedAndManagedVegetationCharacteristics,name,,,Cultivated And Managed Vegetation,,,,,
L30,characteristic,1E5,Oii,Oliviers en irrigué et intercalaire,1E6,1E7,1,1,LC_CultivatedAndManagedVegetationCharacteristics,description,,,Describe the cultivated and managed vegetation,,,,,
L30,characteristic,1E5,Oii,Oliviers en irrigué et intercalaire,1E6,1E7,1,1,LC_CultivatedAndManagedVegetationCharacteristics,elements/LC_Characteristic[LC_Irrigation]/name,,,Irrigation,,,,,
L30,characteristic,1E5,Oii,Oliviers en irrigué et intercalaire,1E6,1E7,1,1,LC_CultivatedAndManagedVegetationCharacteristics,elements/LC_Characteristic[LC_Irrigation]/description,,,Describe the irrigation,,,,,
L30,characteristic,1E5,Oii,Oliviers en irrigué et intercalaire,1E6,1E7,1,2,LC_FloristicAspectsCharacteristic,lccs3_type,,,LC_FloristicAspect,,,,,
L30,characteristic,1E5,Oii,Oliviers en irrigué et intercalaire,1E6,1E7,1,2,LC_FloristicAspectsCharacteristic,name,,,Floristic Aspect,,,,,
L30,characteristic,1E5,Oii,Oliviers en irrigué et intercalaire,1E6,1E7,1,2,LC_FloristicAspectsCharacteristic,description,,,Describe the floristic aspect,,,,,
L30,characteristic,1E5,Oii,Oliviers en irrigué et intercalaire,1E6,1E7,1,2,LC_FloristicAspectsCharacteristic,elements/LC_Characteristic[LC_FloristicAspectSpecies]/name,,,Floristic Aspect Species,,,,,
L30,characteristic,1E5,Oii,Oliviers en irrigué et intercalaire,1E6,1E7,1,2,LC_FloristicAspectsCharacteristic,elements/LC_Characteristic[LC_FloristicAspectSpecies]/description,,,Describe the floristic aspect species,,,,,
L30,characteristic,1E5,Oii,Oliviers en irrigué et intercalaire,1E6,1E7,1,2,LC_FloristicAspectsCharacteristic,elements/LC_Characteristic[LC_FloristicAspectSpecies]/species_name,,,Olive,,,,,
L30,stratum,1E5,Oii,Oliviers en irrigué et intercalaire,1E6,1ED,,,,name,,,Stratum 2,,,,,
L30,stratum,1E5,Oii,Oliviers en irrigué et intercalaire,1E6,1ED,,,,description,,,Vegetation 2,,,,,
L30,stratum,1E5,Oii,Oliviers en irrigué et intercalaire,1E6,1ED,,,,presence_type,,,Mandatory,,,,,
L30,stratum,1E5,Oii,Oliviers en irrigué et intercalaire,1E6,1ED,,,,@ontop,,,0,,,,,
L30,element,1E5,Oii,Oliviers en irrigué et intercalaire,1E6,1ED,1,,LC_Graminoid,lccs3_type,,,LC_Graminae,,,,,
L30,element,1E5,Oii,Oliviers en irrigué et intercalaire,1E6,1ED,1,,LC_Graminoid,name,,,Graminae,,,,,
L30,element,1E5,Oii,Oliviers en irrigué et intercalaire,1E6,1ED,1,,LC_Graminoid,description,,,Describe a vegetation element of graminae type,,,,,
L30,element,1E5,Oii,Oliviers en irrigué et intercalaire,1E6,1ED,1,,LC_Graminoid,presence_type,,,Mandatory,,,,,
L30,characteristic,1E5,Oii,Oliviers en irrigué et intercalaire,1E6,1ED,1,1,LC_CultivatedAndManagedVegetationCharacteristics,lccs3_type,,,LC_CultivatedAndManagedVegetation,,,,,
L30,characteristic,1E5,Oii,Oliviers en irrigué et intercalaire,1E6,1ED,1,1,LC_CultivatedAndManagedVegetationCharacteristics,name,,,Cultivated And Managed Vegetation,,,,,
L30,characteristic,1E5,Oii,Oliviers en irrigué et intercalaire,1E6,1ED,1,1,LC_CultivatedAndManagedVegetationCharacteristics,description,,,Describe the cultivated and managed vegetation,,,,,
L30,characteristic,1E5,Oii,Oliviers en irrigué et intercalaire,1E6,1ED,1,1,LC_CultivatedAndManagedVegetationCharacteristics,elements/LC_Characteristic[LC_Irrigation]/name,,,Irrigation,,,,,
L30,characteristic,1E5,Oii,Oliviers en irrigué et intercalaire,1E6,1ED,1,1,LC_CultivatedAndManagedVegetationCharacteristics,elements/LC_Characteristic[LC_Irrigation]/description,,,Describe the irrigation,,,,,
L30,characteristic,1E5,Oii,Oliviers en irrigué et intercalaire,1E6,1ED,1,2,LC_FloristicAspectsCharacteristic,lccs3_type,,,LC_FloristicAspect,,,,,
L30,characteristic,1E5,Oii,Oliviers en irrigué et intercalaire,1E6,1ED,1,2,LC_FloristicAspectsCharacteristic,name,,,Floristic Aspect,,,,,
L30,characteristic,1E5,Oii,Oliviers en irrigué et intercalaire,1E6,1ED,1,2,LC_FloristicAspectsCharacteristic,description,,,Describe the floristic aspect,,,,,
L30,characteristic,1E5,Oii,Oliviers en irrigué et intercalaire,1E6,1ED,1,2,LC_FloristicAspectsCharacteristic,elements/LC_Characteristic[LC_FloristicAspectSpecies]/name,,,Floristic Aspect Species,,,,,
L30,characteristic,1E5,Oii,Oliviers en irrigué et intercalaire,1E6,1ED,1,2,LC_FloristicAspectsCharacteristic,elements/LC_Characteristic[LC_FloristicAspectSpecies]/description,,,Describe the floristic aspect species,,,,,
L30,characteristic,1E5,Oii,Oliviers en irrigué et intercalaire,1E6,1ED,1,2,LC_FloristicAspectsCharacteristic,elements/LC_Characteristic[LC_FloristicAspectSpecies]/species_name,,,noms d'especes,,,,,
L30,class,1F6,Aap,Pepiniere agricole,,,,,,class_name,,,Pepiniere agricole,,,,,
L30,class,1F6,Aap,Pepiniere agricole,,,,,,class_description,,,"Terres ayant, soit un couvert arboré (ou une densité de peuplement) de 5 à 10 pour cent d’arbres capables d’atteindre une hauteur d’au moins 5 m à maturité in situ ; ou un couvert arboré (ou une densité de peuplement) de plus de 10 pour cent d’arbres d’une hauteur inférieure à 5 m à maturité in situ (c’est-à-dire les arbres nains ou rabougris), ou de plus de 10 pour cent d’arbustes et formations arbustives.",,,,,
L30,class,1F6,Aap,Pepiniere agricole,,,,,,class_map_code,,,Aap,,,,,
L30,class,1F6,Aap,Pepiniere agricole,,,,,,uuid,,,b8bf29d0-63e1-11ec-a204-ca09a8793975,,,,,
L30,hp,1F6,Aap,Pepiniere agricole,1F7,,,,,name,,,Horizontal Pattern 1,,,,,
L30,hp,1F6,Aap,Pepiniere agricole,1F7,,,,,description,,,Describe the horizontal pattern,,,,,
L30,stratum,1F6,Aap,Pepiniere agricole,1F7,1F8,,,,name,,,Stratum 1,,,,,
L30,stratum,1F6,Aap,Pepiniere agricole,1F7,1F8,,,,description,,,Vegetation 1,,,,,
L30,stratum,1F6,Aap,Pepiniere agricole,1F7,1F8,,,,presence_type,,,Mandatory,,,,,
L30,stratum,1F6,Aap,Pepiniere agricole,1F7,1F8,,,,@ontop,,,0,,,,,
L30,element,1F6,Aap,Pepiniere agricole,1F7,1F8,1,,LC_Tree,lccs3_type,,,LC_Trees,,,,,
L30,element,1F6,Aap,Pepiniere agricole,1F7,1F8,1,,LC_Tree,name,,,Trees,,,,,
L30,element,1F6,Aap,Pepiniere agricole,1F7,1F8,1,,LC_Tree,description,,,Describe a vegetation element of trees type,,,,,
L30,element,1F6,Aap,Pepiniere agricole,1F7,1F8,1,,LC_Tree,presence_type,,,Mandatory,,,,,
L30,characteristic,1F6,Aap,Pepiniere agricole,1F7,1F8,1,1,LC_CultivatedAndManagedVegetationCharacteristics,lccs3_type,,,LC_CultivatedAndManagedVegetation,,,,,
L30,characteristic,1F6,Aap,Pepiniere agricole,1F7,1F8,1,1,LC_CultivatedAndManagedVegetationCharacteristics,name,,,Cultivated And Managed Vegetation,,,,,
L30,characteristic,1F6,Aap,Pepiniere agricole,1F7,1F8,1,1,LC_CultivatedAndManagedVegetationCharacteristics,description,,,Describe the cultivated and managed vegetation,,,,,
L30,characteristic,1F6,Aap,Pepiniere agricole,1F7,1F8,1,1,LC_CultivatedAndManagedVegetationCharacteristics,elements/LC_Characteristic[LC_OrchardAndOtherPlantation]/name,,,Orchard And Other Plantation,,,,,
L30,characteristic,1F6,Aap,Pepiniere agricole,1F7,1F8,1,1,LC_CultivatedAndManagedVegetationCharacteristics,elements/LC_Characteristic[LC_OrchardAndOtherPlantation]/description,,,Describe the orchard and other plantation,,,,,
L30,stratum,1F6,Aap,Pepiniere agricole,1F7,1FC,,,,name,,,Stratum 2,,,,,
L30,stratum,1F6,Aap,Pepiniere agricole,1F7,1FC,,,,description,,,Vegetation 2,,,,,
L30,stratum,1F6,Aap,Pepiniere agricole,1F7,1FC,,,,presence_type,,,Mandatory,,,,,
L30,stratum,1F6,Aap,Pepiniere agricole,1F7,1FC,,,,@ontop,,,0,,,,,
L30,element,1F6,Aap,Pepiniere agricole,1F7,1FC,1,,LC_Shrub,lccs3_type,,,LC_Shrubs,,,,,
L30,element,1F6,Aap,Pepiniere agricole,1F7,1FC,1,,LC_Shrub,name,,,Shrubs,,,,,
L30,element,1F6,Aap,Pepiniere agricole,1F7,1FC,1,,LC_Shrub,description,,,Describe a vegetation element of shrubs type,,,,,
L30,element,1F6,Aap,Pepiniere agricole,1F7,1FC,1,,LC_Shrub,presence_type,,,Mandatory,,,,,
